Using pre-set license
Built from '2022.3/respin/2022.3.62f2-4af31df585-v2' branch; Version is '2022.3.62f3 (96770f904ca7) revision 9860879'; Using compiler version '192829333'; Build Type 'Release'
OS: 'Windows 10  (10.0.19045) 64bit Professional' Language: 'en' Physical Memory: 16186 MB
BatchMode: 1, IsHumanControllingUs: 0, StartBugReporterOnCrash: 0, Is64bit: 1, IsPro: 1

COMMAND LINE ARGUMENTS:
C:\Program Files\Unity\Hub\Editor\2022.3.62f3\Editor\Unity.exe
-adb2
-batchMode
-noUpm
-name
AssetImportWorker0
-projectPath
C:/Unity Project/New Unity Project
-logFile
Logs/AssetImportWorker0.log
-srvPort
56181
Successfully changed project path to: C:/Unity Project/New Unity Project
C:/Unity Project/New Unity Project
[UnityMemory] Configuration Parameters - Can be set up in boot.config
    "memorysetup-bucket-allocator-granularity=16"
    "memorysetup-bucket-allocator-bucket-count=8"
    "memorysetup-bucket-allocator-block-size=33554432"
    "memorysetup-bucket-allocator-block-count=8"
    "memorysetup-main-allocator-block-size=16777216"
    "memorysetup-thread-allocator-block-size=16777216"
    "memorysetup-gfx-main-allocator-block-size=16777216"
    "memorysetup-gfx-thread-allocator-block-size=16777216"
    "memorysetup-cache-allocator-block-size=4194304"
    "memorysetup-typetree-allocator-block-size=2097152"
    "memorysetup-profiler-bucket-allocator-granularity=16"
    "memorysetup-profiler-bucket-allocator-bucket-count=8"
    "memorysetup-profiler-bucket-allocator-block-size=33554432"
    "memorysetup-profiler-bucket-allocator-block-count=8"
    "memorysetup-profiler-allocator-block-size=16777216"
    "memorysetup-profiler-editor-allocator-block-size=1048576"
    "memorysetup-temp-allocator-size-main=16777216"
    "memorysetup-job-temp-allocator-block-size=2097152"
    "memorysetup-job-temp-allocator-block-size-background=1048576"
    "memorysetup-job-temp-allocator-reduction-small-platforms=262144"
    "memorysetup-allocator-temp-initial-block-size-main=262144"
    "memorysetup-allocator-temp-initial-block-size-worker=262144"
    "memorysetup-temp-allocator-size-background-worker=32768"
    "memorysetup-temp-allocator-size-job-worker=262144"
    "memorysetup-temp-allocator-size-preload-manager=33554432"
    "memorysetup-temp-allocator-size-nav-mesh-worker=65536"
    "memorysetup-temp-allocator-size-audio-worker=65536"
    "memorysetup-temp-allocator-size-cloud-worker=32768"
    "memorysetup-temp-allocator-size-gi-baking-worker=262144"
    "memorysetup-temp-allocator-size-gfx=262144"
Player connection [540]  Target information:

Player connection [540]  * "[IP] 192.168.1.2 [Port] 0 [Flags] 2 [Guid] 1158149963 [EditorId] 1158149963 [Version] 1048832 [Id] WindowsEditor(7,Cuti3seal-XDR12) [Debug] 1 [PackageName] WindowsEditor [ProjectName] Editor" 

Player connection [540] Host joined multi-casting on [225.0.0.222:54997]...
Player connection [540] Host joined alternative multi-casting on [225.0.0.222:34997]...
Input System module state changed to: Initialized.
[PhysX] Initialized MultithreadedTaskDispatcher with 4 workers.
Refreshing native plugins compatible for Editor in 8.52 ms, found 3 plugins.
Preloading 0 native plugins for Editor in 0.00 ms.
Initialize engine version: 2022.3.62f3 (96770f904ca7)
[Subsystems] Discovering subsystems at path C:/Program Files/Unity/Hub/Editor/2022.3.62f3/Editor/Data/Resources/UnitySubsystems
[Subsystems] Discovering subsystems at path C:/Unity Project/New Unity Project/Assets
GfxDevice: creating device client; threaded=0; jobified=0
Direct3D:
    Version:  Direct3D 11.0 [level 11.1]
    Renderer: Intel(R) HD Graphics 620 (ID=0x5916)
    Vendor:   Intel
    VRAM:     8093 MB
    Driver:   31.0.101.2111
Initialize mono
Mono path[0] = 'C:/Program Files/Unity/Hub/Editor/2022.3.62f3/Editor/Data/Managed'
Mono path[1] = 'C:/Program Files/Unity/Hub/Editor/2022.3.62f3/Editor/Data/MonoBleedingEdge/lib/mono/unityjit-win32'
Mono config path = 'C:/Program Files/Unity/Hub/Editor/2022.3.62f3/Editor/Data/MonoBleedingEdge/etc'
Using monoOptions --debugger-agent=transport=dt_socket,embedding=1,server=y,suspend=n,address=127.0.0.1:56848
Begin MonoManager ReloadAssembly
Registering precompiled unity dll's ...
Register platform support module: C:/Program Files/Unity/Hub/Editor/2022.3.62f3/Editor/Data/PlaybackEngines/WindowsStandaloneSupport/UnityEditor.WindowsStandalone.Extensions.dll
Registered in 0.046354 seconds.
- Loaded All Assemblies, in  1.185 seconds
Native extension for WindowsStandalone target not found
Mono: successfully reloaded assembly
- Finished resetting the current domain, in  2.741 seconds
Domain Reload Profiling: 3920ms
	BeginReloadAssembly (371ms)
		ExecutionOrderSort (0ms)
		DisableScriptedObjects (0ms)
		BackupInstance (0ms)
		ReleaseScriptingObjects (0ms)
		CreateAndSetChildDomain (3ms)
	RebuildCommonClasses (116ms)
	RebuildNativeTypeToScriptingClass (44ms)
	initialDomainReloadingComplete (206ms)
	LoadAllAssembliesAndSetupDomain (440ms)
		LoadAssemblies (364ms)
		RebuildTransferFunctionScriptingTraits (0ms)
		AnalyzeDomain (434ms)
			TypeCache.Refresh (430ms)
				TypeCache.ScanAssembly (394ms)
			ScanForSourceGeneratedMonoScriptInfo (1ms)
			ResolveRequiredComponents (2ms)
	FinalizeReload (2742ms)
		ReleaseScriptCaches (0ms)
		RebuildScriptCaches (0ms)
		SetupLoadedEditorAssemblies (2316ms)
			LogAssemblyErrors (0ms)
			InitializePlatformSupportModulesInManaged (38ms)
			SetLoadedEditorAssemblies (21ms)
			RefreshPlugins (0ms)
			BeforeProcessingInitializeOnLoad (6ms)
			ProcessInitializeOnLoadAttributes (1279ms)
			ProcessInitializeOnLoadMethodAttributes (971ms)
			AfterProcessingInitializeOnLoad (0ms)
			EditorAssembliesLoaded (0ms)
		ExecutionOrderSort2 (0ms)
		AwakeInstancesAfterBackupRestoration (0ms)
========================================================================
Worker process is ready to serve import requests
Caller must complete domain reload
Begin MonoManager ReloadAssembly
- Loaded All Assemblies, in  2.088 seconds
Native extension for WindowsStandalone target not found
Mono: successfully reloaded assembly
- Finished resetting the current domain, in  2.629 seconds
Domain Reload Profiling: 4706ms
	BeginReloadAssembly (732ms)
		ExecutionOrderSort (0ms)
		DisableScriptedObjects (23ms)
		BackupInstance (0ms)
		ReleaseScriptingObjects (0ms)
		CreateAndSetChildDomain (84ms)
	RebuildCommonClasses (116ms)
	RebuildNativeTypeToScriptingClass (35ms)
	initialDomainReloadingComplete (306ms)
	LoadAllAssembliesAndSetupDomain (887ms)
		LoadAssemblies (957ms)
		RebuildTransferFunctionScriptingTraits (0ms)
		AnalyzeDomain (297ms)
			TypeCache.Refresh (216ms)
				TypeCache.ScanAssembly (201ms)
			ScanForSourceGeneratedMonoScriptInfo (45ms)
			ResolveRequiredComponents (34ms)
	FinalizeReload (2630ms)
		ReleaseScriptCaches (0ms)
		RebuildScriptCaches (0ms)
		SetupLoadedEditorAssemblies (1897ms)
			LogAssemblyErrors (0ms)
			InitializePlatformSupportModulesInManaged (51ms)
			SetLoadedEditorAssemblies (59ms)
			RefreshPlugins (0ms)
			BeforeProcessingInitializeOnLoad (346ms)
			ProcessInitializeOnLoadAttributes (1222ms)
			ProcessInitializeOnLoadMethodAttributes (152ms)
			AfterProcessingInitializeOnLoad (65ms)
			EditorAssembliesLoaded (1ms)
		ExecutionOrderSort2 (0ms)
		AwakeInstancesAfterBackupRestoration (32ms)
Launched and connected shader compiler UnityShaderCompiler.exe after 0.21 seconds
Refreshing native plugins compatible for Editor in 5.86 ms, found 3 plugins.
Preloading 0 native plugins for Editor in 0.00 ms.
Unloading 2017 Unused Serialized files (Serialized files now loaded: 0)
Unloading 33 unused Assets / (1.9 MB). Loaded Objects now: 2494.
Memory consumption went from 133.3 MB to 131.5 MB.
Total: 9.694800 ms (FindLiveObjects: 0.273900 ms CreateObjectMapping: 0.272500 ms MarkObjects: 8.240200 ms  DeleteObjects: 0.905600 ms)

AssetImportParameters requested are different than current active one (requested -> active):
  custom:video-decoder-webm-vp8: 9c59270c3fd7afecdb556c50c9e8de78 -> 
  custom:SearchIndexIgnoredProperties: e643bd26f0fe6173181afceb89e7c659 -> 
  custom:container-demuxer-ogg: 62fdf1f143b41e24485cea50d1cbac27 -> 
  custom:AudioImporter_EditorPlatform: d09bf68614088b80899f8185d706f6e7 -> 
  custom:video-decoder-ogg-theora: a1e56fd34408186e4bbccfd4996cb3dc -> 
  custom:framework-win-MediaFoundation: 216162199b28c13a410421893ffa2e32 -> 
  custom:video-encoder-webm-vp8: eb34c28f22e8b96e1ab97ce403110664 -> 
  custom:audio-decoder-ogg-vorbis: bf7c407c2cedff20999df2af8eb42d56 -> 
  custom:CustomObjectIndexerAttribute: 9a22284fe3817be447336de3de66b15e -> 
  custom:container-demuxer-webm: 4f35f7cbe854078d1ac9338744f61a02 -> 
  custom:audio-encoder-webm-vorbis: bf7c407c2cedff20999df2af8eb42d56 -> 
  custom:container-muxer-webm: aa71ff27fc2769a1b78a27578f13a17b -> 
========================================================================
Received Import Request.
  Time since last request: 339151.957416 seconds.
  path: Assets/Main Menu/MainMenuScene.unity
  artifactKey: Guid(39bd5324feb062c449d2b28407c0e7b1) Importer(815301076,1909f56bfc062723c751e8b465ee728b)
Start importing Assets/Main Menu/MainMenuScene.unity using Guid(39bd5324feb062c449d2b28407c0e7b1) Importer(815301076,1909f56bfc062723c751e8b465ee728b) [PhysX] Initialized MultithreadedTaskDispatcher with 4 workers.
 -> (artifact id: '929c95914ecd83abd782d4ad32a4b6b5') in 0.005251 seconds
Number of updated asset objects reloaded before import = 0
Number of asset objects unloaded after import = 0
========================================================================
Received Import Request.
  Time since last request: 2923.165924 seconds.
  path: Assets/Intro Scene/IntroScene.unity
  artifactKey: Guid(ef7152f12a87e824c8c6d08a9f2d1a5e) Importer(815301076,1909f56bfc062723c751e8b465ee728b)
Start importing Assets/Intro Scene/IntroScene.unity using Guid(ef7152f12a87e824c8c6d08a9f2d1a5e) Importer(815301076,1909f56bfc062723c751e8b465ee728b) [PhysX] Initialized MultithreadedTaskDispatcher with 4 workers.
 -> (artifact id: '3483c6f51c06eb571f69f9bcf23d5eeb') in 0.011451 seconds
Number of updated asset objects reloaded before import = 0
Number of asset objects unloaded after import = 0
========================================================================
Received Import Request.
  Time since last request: 504.374482 seconds.
  path: Assets/Scene_1/The prototype.unity
  artifactKey: Guid(cbaffd801325ea249aad7847dbcab493) Importer(815301076,1909f56bfc062723c751e8b465ee728b)
Start importing Assets/Scene_1/The prototype.unity using Guid(cbaffd801325ea249aad7847dbcab493) Importer(815301076,1909f56bfc062723c751e8b465ee728b) [PhysX] Initialized MultithreadedTaskDispatcher with 4 workers.
 -> (artifact id: 'b03755bf57f8834f69432bf2c74cf232') in 0.004865 seconds
Number of updated asset objects reloaded before import = 0
Number of asset objects unloaded after import = 0
========================================================================
Received Prepare
Caller must complete domain reload
Begin MonoManager ReloadAssembly
- Loaded All Assemblies, in  1.805 seconds
Native extension for WindowsStandalone target not found
Mono: successfully reloaded assembly
- Finished resetting the current domain, in  7.987 seconds
Domain Reload Profiling: 9784ms
	BeginReloadAssembly (621ms)
		ExecutionOrderSort (0ms)
		DisableScriptedObjects (26ms)
		BackupInstance (0ms)
		ReleaseScriptingObjects (0ms)
		CreateAndSetChildDomain (119ms)
	RebuildCommonClasses (152ms)
	RebuildNativeTypeToScriptingClass (64ms)
	initialDomainReloadingComplete (214ms)
	LoadAllAssembliesAndSetupDomain (745ms)
		LoadAssemblies (986ms)
		RebuildTransferFunctionScriptingTraits (0ms)
		AnalyzeDomain (74ms)
			TypeCache.Refresh (14ms)
				TypeCache.ScanAssembly (0ms)
			ScanForSourceGeneratedMonoScriptInfo (0ms)
			ResolveRequiredComponents (57ms)
	FinalizeReload (7989ms)
		ReleaseScriptCaches (0ms)
		RebuildScriptCaches (0ms)
		SetupLoadedEditorAssemblies (3400ms)
			LogAssemblyErrors (0ms)
			InitializePlatformSupportModulesInManaged (107ms)
			SetLoadedEditorAssemblies (50ms)
			RefreshPlugins (0ms)
			BeforeProcessingInitializeOnLoad (612ms)
			ProcessInitializeOnLoadAttributes (2288ms)
			ProcessInitializeOnLoadMethodAttributes (229ms)
			AfterProcessingInitializeOnLoad (112ms)
			EditorAssembliesLoaded (1ms)
		ExecutionOrderSort2 (0ms)
		AwakeInstancesAfterBackupRestoration (59ms)
Refreshing native plugins compatible for Editor in 10.42 ms, found 3 plugins.
Preloading 0 native plugins for Editor in 0.00 ms.
Unloading 1937 Unused Serialized files (Serialized files now loaded: 0)
Unloading 18 unused Assets / (1.9 MB). Loaded Objects now: 2509.
Memory consumption went from 115.1 MB to 113.2 MB.
Total: 20.843700 ms (FindLiveObjects: 0.459700 ms CreateObjectMapping: 0.455400 ms MarkObjects: 18.900000 ms  DeleteObjects: 1.026000 ms)

Prepare: number of updated asset objects reloaded= 0
AssetImportParameters requested are different than current active one (requested -> active):
  custom:video-decoder-webm-vp8: 9c59270c3fd7afecdb556c50c9e8de78 -> 
  custom:SearchIndexIgnoredProperties: e643bd26f0fe6173181afceb89e7c659 -> 
  custom:container-demuxer-ogg: 62fdf1f143b41e24485cea50d1cbac27 -> 
  custom:AudioImporter_EditorPlatform: d09bf68614088b80899f8185d706f6e7 -> 
  custom:video-decoder-ogg-theora: a1e56fd34408186e4bbccfd4996cb3dc -> 
  custom:framework-win-MediaFoundation: 216162199b28c13a410421893ffa2e32 -> 
  custom:video-encoder-webm-vp8: eb34c28f22e8b96e1ab97ce403110664 -> 
  custom:audio-decoder-ogg-vorbis: bf7c407c2cedff20999df2af8eb42d56 -> 
  custom:CustomObjectIndexerAttribute: 9a22284fe3817be447336de3de66b15e -> 
  custom:container-demuxer-webm: 4f35f7cbe854078d1ac9338744f61a02 -> 
  custom:audio-encoder-webm-vorbis: bf7c407c2cedff20999df2af8eb42d56 -> 
  custom:container-muxer-webm: aa71ff27fc2769a1b78a27578f13a17b -> 
========================================================================
Received Prepare
Caller must complete domain reload
Begin MonoManager ReloadAssembly
- Loaded All Assemblies, in  1.121 seconds
Native extension for WindowsStandalone target not found
Mono: successfully reloaded assembly
- Finished resetting the current domain, in  3.504 seconds
Domain Reload Profiling: 4619ms
	BeginReloadAssembly (430ms)
		ExecutionOrderSort (0ms)
		DisableScriptedObjects (18ms)
		BackupInstance (0ms)
		ReleaseScriptingObjects (0ms)
		CreateAndSetChildDomain (67ms)
	RebuildCommonClasses (120ms)
	RebuildNativeTypeToScriptingClass (35ms)
	initialDomainReloadingComplete (84ms)
	LoadAllAssembliesAndSetupDomain (443ms)
		LoadAssemblies (662ms)
		RebuildTransferFunctionScriptingTraits (0ms)
		AnalyzeDomain (39ms)
			TypeCache.Refresh (9ms)
				TypeCache.ScanAssembly (0ms)
			ScanForSourceGeneratedMonoScriptInfo (0ms)
			ResolveRequiredComponents (28ms)
	FinalizeReload (3506ms)
		ReleaseScriptCaches (0ms)
		RebuildScriptCaches (0ms)
		SetupLoadedEditorAssemblies (2213ms)
			LogAssemblyErrors (0ms)
			InitializePlatformSupportModulesInManaged (22ms)
			SetLoadedEditorAssemblies (12ms)
			RefreshPlugins (0ms)
			BeforeProcessingInitializeOnLoad (215ms)
			ProcessInitializeOnLoadAttributes (1812ms)
			ProcessInitializeOnLoadMethodAttributes (107ms)
			AfterProcessingInitializeOnLoad (43ms)
			EditorAssembliesLoaded (1ms)
		ExecutionOrderSort2 (0ms)
		AwakeInstancesAfterBackupRestoration (32ms)
Refreshing native plugins compatible for Editor in 11.99 ms, found 3 plugins.
Preloading 0 native plugins for Editor in 0.00 ms.
Unloading 1938 Unused Serialized files (Serialized files now loaded: 0)
Unloading 18 unused Assets / (1.9 MB). Loaded Objects now: 2524.
Memory consumption went from 115.4 MB to 113.5 MB.
Total: 15.959900 ms (FindLiveObjects: 0.294300 ms CreateObjectMapping: 0.227700 ms MarkObjects: 13.955300 ms  DeleteObjects: 1.478600 ms)

Prepare: number of updated asset objects reloaded= 0
AssetImportParameters requested are different than current active one (requested -> active):
  custom:video-decoder-webm-vp8: 9c59270c3fd7afecdb556c50c9e8de78 -> 
  custom:SearchIndexIgnoredProperties: e643bd26f0fe6173181afceb89e7c659 -> 
  custom:container-demuxer-ogg: 62fdf1f143b41e24485cea50d1cbac27 -> 
  custom:AudioImporter_EditorPlatform: d09bf68614088b80899f8185d706f6e7 -> 
  custom:video-decoder-ogg-theora: a1e56fd34408186e4bbccfd4996cb3dc -> 
  custom:framework-win-MediaFoundation: 216162199b28c13a410421893ffa2e32 -> 
  custom:video-encoder-webm-vp8: eb34c28f22e8b96e1ab97ce403110664 -> 
  custom:audio-decoder-ogg-vorbis: bf7c407c2cedff20999df2af8eb42d56 -> 
  custom:CustomObjectIndexerAttribute: 9a22284fe3817be447336de3de66b15e -> 
  custom:container-demuxer-webm: 4f35f7cbe854078d1ac9338744f61a02 -> 
  custom:audio-encoder-webm-vorbis: bf7c407c2cedff20999df2af8eb42d56 -> 
  custom:container-muxer-webm: aa71ff27fc2769a1b78a27578f13a17b -> 
========================================================================
Received Prepare
Caller must complete domain reload
Begin MonoManager ReloadAssembly
- Loaded All Assemblies, in  0.977 seconds
Native extension for WindowsStandalone target not found
Mono: successfully reloaded assembly
- Finished resetting the current domain, in  3.029 seconds
Domain Reload Profiling: 4003ms
	BeginReloadAssembly (379ms)
		ExecutionOrderSort (0ms)
		DisableScriptedObjects (15ms)
		BackupInstance (0ms)
		ReleaseScriptingObjects (0ms)
		CreateAndSetChildDomain (49ms)
	RebuildCommonClasses (111ms)
	RebuildNativeTypeToScriptingClass (33ms)
	initialDomainReloadingComplete (78ms)
	LoadAllAssembliesAndSetupDomain (368ms)
		LoadAssemblies (566ms)
		RebuildTransferFunctionScriptingTraits (0ms)
		AnalyzeDomain (39ms)
			TypeCache.Refresh (8ms)
				TypeCache.ScanAssembly (0ms)
			ScanForSourceGeneratedMonoScriptInfo (0ms)
			ResolveRequiredComponents (29ms)
	FinalizeReload (3034ms)
		ReleaseScriptCaches (0ms)
		RebuildScriptCaches (0ms)
		SetupLoadedEditorAssemblies (1739ms)
			LogAssemblyErrors (0ms)
			InitializePlatformSupportModulesInManaged (26ms)
			SetLoadedEditorAssemblies (13ms)
			RefreshPlugins (0ms)
			BeforeProcessingInitializeOnLoad (178ms)
			ProcessInitializeOnLoadAttributes (1273ms)
			ProcessInitializeOnLoadMethodAttributes (227ms)
			AfterProcessingInitializeOnLoad (21ms)
			EditorAssembliesLoaded (0ms)
		ExecutionOrderSort2 (0ms)
		AwakeInstancesAfterBackupRestoration (50ms)
Refreshing native plugins compatible for Editor in 18.50 ms, found 3 plugins.
Preloading 0 native plugins for Editor in 0.00 ms.
Unloading 1938 Unused Serialized files (Serialized files now loaded: 0)
Unloading 18 unused Assets / (1.9 MB). Loaded Objects now: 2539.
Memory consumption went from 115.4 MB to 113.5 MB.
Total: 72.555700 ms (FindLiveObjects: 1.550800 ms CreateObjectMapping: 0.408800 ms MarkObjects: 69.427100 ms  DeleteObjects: 1.166100 ms)

Prepare: number of updated asset objects reloaded= 0
AssetImportParameters requested are different than current active one (requested -> active):
  custom:video-decoder-webm-vp8: 9c59270c3fd7afecdb556c50c9e8de78 -> 
  custom:SearchIndexIgnoredProperties: e643bd26f0fe6173181afceb89e7c659 -> 
  custom:container-demuxer-ogg: 62fdf1f143b41e24485cea50d1cbac27 -> 
  custom:AudioImporter_EditorPlatform: d09bf68614088b80899f8185d706f6e7 -> 
  custom:video-decoder-ogg-theora: a1e56fd34408186e4bbccfd4996cb3dc -> 
  custom:framework-win-MediaFoundation: 216162199b28c13a410421893ffa2e32 -> 
  custom:video-encoder-webm-vp8: eb34c28f22e8b96e1ab97ce403110664 -> 
  custom:audio-decoder-ogg-vorbis: bf7c407c2cedff20999df2af8eb42d56 -> 
  custom:CustomObjectIndexerAttribute: 9a22284fe3817be447336de3de66b15e -> 
  custom:container-demuxer-webm: 4f35f7cbe854078d1ac9338744f61a02 -> 
  custom:audio-encoder-webm-vorbis: bf7c407c2cedff20999df2af8eb42d56 -> 
  custom:container-muxer-webm: aa71ff27fc2769a1b78a27578f13a17b -> 
========================================================================
Received Prepare
Refreshing native plugins compatible for Editor in 6.73 ms, found 3 plugins.
Preloading 0 native plugins for Editor in 0.00 ms.
Unloading 15 Unused Serialized files (Serialized files now loaded: 0)
Unloading 15 unused Assets / (1.9 MB). Loaded Objects now: 2539.
Memory consumption went from 85.6 MB to 83.8 MB.
Total: 8.318400 ms (FindLiveObjects: 0.340800 ms CreateObjectMapping: 0.310800 ms MarkObjects: 6.909300 ms  DeleteObjects: 0.755400 ms)

Prepare: number of updated asset objects reloaded= 0
AssetImportParameters requested are different than current active one (requested -> active):
  custom:video-decoder-webm-vp8: 9c59270c3fd7afecdb556c50c9e8de78 -> 
  custom:SearchIndexIgnoredProperties: e643bd26f0fe6173181afceb89e7c659 -> 
  custom:container-demuxer-ogg: 62fdf1f143b41e24485cea50d1cbac27 -> 
  custom:AudioImporter_EditorPlatform: d09bf68614088b80899f8185d706f6e7 -> 
  custom:video-decoder-ogg-theora: a1e56fd34408186e4bbccfd4996cb3dc -> 
  custom:framework-win-MediaFoundation: 216162199b28c13a410421893ffa2e32 -> 
  custom:video-encoder-webm-vp8: eb34c28f22e8b96e1ab97ce403110664 -> 
  custom:audio-decoder-ogg-vorbis: bf7c407c2cedff20999df2af8eb42d56 -> 
  custom:CustomObjectIndexerAttribute: 9a22284fe3817be447336de3de66b15e -> 
  custom:container-demuxer-webm: 4f35f7cbe854078d1ac9338744f61a02 -> 
  custom:audio-encoder-webm-vorbis: bf7c407c2cedff20999df2af8eb42d56 -> 
  custom:container-muxer-webm: aa71ff27fc2769a1b78a27578f13a17b -> 
========================================================================
Received Import Request.
  Time since last request: 725.875761 seconds.
  path: Assets/Main Menu/MainMenuScene.unity
  artifactKey: Guid(39bd5324feb062c449d2b28407c0e7b1) Importer(815301076,1909f56bfc062723c751e8b465ee728b)
Start importing Assets/Main Menu/MainMenuScene.unity using Guid(39bd5324feb062c449d2b28407c0e7b1) Importer(815301076,1909f56bfc062723c751e8b465ee728b) [PhysX] Initialized MultithreadedTaskDispatcher with 4 workers.
 -> (artifact id: '8b9054a2a3f98388f2a8d695154e420f') in 0.016147 seconds
Number of updated asset objects reloaded before import = 0
Number of asset objects unloaded after import = 0
========================================================================
Received Prepare
Refreshing native plugins compatible for Editor in 4.60 ms, found 3 plugins.
Preloading 0 native plugins for Editor in 0.00 ms.
Unloading 14 Unused Serialized files (Serialized files now loaded: 0)
Unloading 15 unused Assets / (1.9 MB). Loaded Objects now: 2539.
Memory consumption went from 85.2 MB to 83.3 MB.
Total: 11.349500 ms (FindLiveObjects: 0.326600 ms CreateObjectMapping: 0.230600 ms MarkObjects: 10.014100 ms  DeleteObjects: 0.776100 ms)

Prepare: number of updated asset objects reloaded= 0
AssetImportParameters requested are different than current active one (requested -> active):
  custom:video-decoder-webm-vp8: 9c59270c3fd7afecdb556c50c9e8de78 -> 
  custom:SearchIndexIgnoredProperties: e643bd26f0fe6173181afceb89e7c659 -> 
  custom:container-demuxer-ogg: 62fdf1f143b41e24485cea50d1cbac27 -> 
  custom:AudioImporter_EditorPlatform: d09bf68614088b80899f8185d706f6e7 -> 
  custom:video-decoder-ogg-theora: a1e56fd34408186e4bbccfd4996cb3dc -> 
  custom:framework-win-MediaFoundation: 216162199b28c13a410421893ffa2e32 -> 
  custom:video-encoder-webm-vp8: eb34c28f22e8b96e1ab97ce403110664 -> 
  custom:audio-decoder-ogg-vorbis: bf7c407c2cedff20999df2af8eb42d56 -> 
  custom:CustomObjectIndexerAttribute: 9a22284fe3817be447336de3de66b15e -> 
  custom:container-demuxer-webm: 4f35f7cbe854078d1ac9338744f61a02 -> 
  custom:audio-encoder-webm-vorbis: bf7c407c2cedff20999df2af8eb42d56 -> 
  custom:container-muxer-webm: aa71ff27fc2769a1b78a27578f13a17b -> 
========================================================================
Received Import Request.
  Time since last request: 2991.954143 seconds.
  path: Assets/Scene_1/The prototype.unity
  artifactKey: Guid(cbaffd801325ea249aad7847dbcab493) Importer(815301076,1909f56bfc062723c751e8b465ee728b)
Start importing Assets/Scene_1/The prototype.unity using Guid(cbaffd801325ea249aad7847dbcab493) Importer(815301076,1909f56bfc062723c751e8b465ee728b) [PhysX] Initialized MultithreadedTaskDispatcher with 4 workers.
 -> (artifact id: 'e11d452b46dd676fe25e4368fc8c7045') in 0.002401 seconds
Number of updated asset objects reloaded before import = 0
Number of asset objects unloaded after import = 0
========================================================================
Received Prepare
Refreshing native plugins compatible for Editor in 4.77 ms, found 3 plugins.
Preloading 0 native plugins for Editor in 0.00 ms.
Unloading 14 Unused Serialized files (Serialized files now loaded: 0)
Unloading 15 unused Assets / (1.9 MB). Loaded Objects now: 2539.
Memory consumption went from 85.2 MB to 83.3 MB.
Total: 7.273000 ms (FindLiveObjects: 0.281900 ms CreateObjectMapping: 0.197900 ms MarkObjects: 6.249900 ms  DeleteObjects: 0.541600 ms)

Prepare: number of updated asset objects reloaded= 0
AssetImportParameters requested are different than current active one (requested -> active):
  custom:video-decoder-webm-vp8: 9c59270c3fd7afecdb556c50c9e8de78 -> 
  custom:SearchIndexIgnoredProperties: e643bd26f0fe6173181afceb89e7c659 -> 
  custom:container-demuxer-ogg: 62fdf1f143b41e24485cea50d1cbac27 -> 
  custom:AudioImporter_EditorPlatform: d09bf68614088b80899f8185d706f6e7 -> 
  custom:video-decoder-ogg-theora: a1e56fd34408186e4bbccfd4996cb3dc -> 
  custom:framework-win-MediaFoundation: 216162199b28c13a410421893ffa2e32 -> 
  custom:video-encoder-webm-vp8: eb34c28f22e8b96e1ab97ce403110664 -> 
  custom:audio-decoder-ogg-vorbis: bf7c407c2cedff20999df2af8eb42d56 -> 
  custom:CustomObjectIndexerAttribute: 9a22284fe3817be447336de3de66b15e -> 
  custom:container-demuxer-webm: 4f35f7cbe854078d1ac9338744f61a02 -> 
  custom:audio-encoder-webm-vorbis: bf7c407c2cedff20999df2af8eb42d56 -> 
  custom:container-muxer-webm: aa71ff27fc2769a1b78a27578f13a17b -> 
========================================================================
Received Import Request.
  Time since last request: 138.787519 seconds.
  path: Assets/Main Menu/MainMenuScene.unity
  artifactKey: Guid(39bd5324feb062c449d2b28407c0e7b1) Importer(815301076,1909f56bfc062723c751e8b465ee728b)
Start importing Assets/Main Menu/MainMenuScene.unity using Guid(39bd5324feb062c449d2b28407c0e7b1) Importer(815301076,1909f56bfc062723c751e8b465ee728b) [PhysX] Initialized MultithreadedTaskDispatcher with 4 workers.
 -> (artifact id: '496539bd5ab8d1af031b6b207778736c') in 0.002306 seconds
Number of updated asset objects reloaded before import = 0
Number of asset objects unloaded after import = 0
========================================================================
Received Prepare
Refreshing native plugins compatible for Editor in 3.19 ms, found 3 plugins.
Preloading 0 native plugins for Editor in 0.00 ms.
Unloading 14 Unused Serialized files (Serialized files now loaded: 0)
Unloading 15 unused Assets / (1.9 MB). Loaded Objects now: 2539.
Memory consumption went from 85.2 MB to 83.3 MB.
Total: 7.088500 ms (FindLiveObjects: 0.239200 ms CreateObjectMapping: 0.158900 ms MarkObjects: 6.098700 ms  DeleteObjects: 0.589900 ms)

Prepare: number of updated asset objects reloaded= 0
AssetImportParameters requested are different than current active one (requested -> active):
  custom:video-decoder-webm-vp8: 9c59270c3fd7afecdb556c50c9e8de78 -> 
  custom:SearchIndexIgnoredProperties: e643bd26f0fe6173181afceb89e7c659 -> 
  custom:container-demuxer-ogg: 62fdf1f143b41e24485cea50d1cbac27 -> 
  custom:AudioImporter_EditorPlatform: d09bf68614088b80899f8185d706f6e7 -> 
  custom:video-decoder-ogg-theora: a1e56fd34408186e4bbccfd4996cb3dc -> 
  custom:framework-win-MediaFoundation: 216162199b28c13a410421893ffa2e32 -> 
  custom:video-encoder-webm-vp8: eb34c28f22e8b96e1ab97ce403110664 -> 
  custom:audio-decoder-ogg-vorbis: bf7c407c2cedff20999df2af8eb42d56 -> 
  custom:CustomObjectIndexerAttribute: 9a22284fe3817be447336de3de66b15e -> 
  custom:container-demuxer-webm: 4f35f7cbe854078d1ac9338744f61a02 -> 
  custom:audio-encoder-webm-vorbis: bf7c407c2cedff20999df2af8eb42d56 -> 
  custom:container-muxer-webm: aa71ff27fc2769a1b78a27578f13a17b -> 
========================================================================
Received Import Request.
  Time since last request: 238.408924 seconds.
  path: Assets/Scene_1/The prototype.unity
  artifactKey: Guid(cbaffd801325ea249aad7847dbcab493) Importer(815301076,1909f56bfc062723c751e8b465ee728b)
Start importing Assets/Scene_1/The prototype.unity using Guid(cbaffd801325ea249aad7847dbcab493) Importer(815301076,1909f56bfc062723c751e8b465ee728b) [PhysX] Initialized MultithreadedTaskDispatcher with 4 workers.
 -> (artifact id: 'd426205f0d8e72d8f0a20c3901206095') in 0.001832 seconds
Number of updated asset objects reloaded before import = 0
Number of asset objects unloaded after import = 0
========================================================================
Received Prepare
Caller must complete domain reload
Begin MonoManager ReloadAssembly
- Loaded All Assemblies, in  0.532 seconds
Native extension for WindowsStandalone target not found
Mono: successfully reloaded assembly
- Finished resetting the current domain, in  1.316 seconds
Domain Reload Profiling: 1846ms
	BeginReloadAssembly (208ms)
		ExecutionOrderSort (0ms)
		DisableScriptedObjects (9ms)
		BackupInstance (0ms)
		ReleaseScriptingObjects (0ms)
		CreateAndSetChildDomain (34ms)
	RebuildCommonClasses (52ms)
	RebuildNativeTypeToScriptingClass (18ms)
	initialDomainReloadingComplete (40ms)
	LoadAllAssembliesAndSetupDomain (212ms)
		LoadAssemblies (312ms)
		RebuildTransferFunctionScriptingTraits (0ms)
		AnalyzeDomain (20ms)
			TypeCache.Refresh (5ms)
				TypeCache.ScanAssembly (0ms)
			ScanForSourceGeneratedMonoScriptInfo (0ms)
			ResolveRequiredComponents (14ms)
	FinalizeReload (1317ms)
		ReleaseScriptCaches (0ms)
		RebuildScriptCaches (0ms)
		SetupLoadedEditorAssemblies (678ms)
			LogAssemblyErrors (0ms)
			InitializePlatformSupportModulesInManaged (9ms)
			SetLoadedEditorAssemblies (5ms)
			RefreshPlugins (0ms)
			BeforeProcessingInitializeOnLoad (92ms)
			ProcessInitializeOnLoadAttributes (499ms)
			ProcessInitializeOnLoadMethodAttributes (54ms)
			AfterProcessingInitializeOnLoad (18ms)
			EditorAssembliesLoaded (0ms)
		ExecutionOrderSort2 (0ms)
		AwakeInstancesAfterBackupRestoration (15ms)
Refreshing native plugins compatible for Editor in 8.04 ms, found 3 plugins.
Preloading 0 native plugins for Editor in 0.00 ms.
Unloading 1937 Unused Serialized files (Serialized files now loaded: 0)
Unloading 18 unused Assets / (1.9 MB). Loaded Objects now: 2554.
Memory consumption went from 115.1 MB to 113.3 MB.
Total: 6.932700 ms (FindLiveObjects: 0.268700 ms CreateObjectMapping: 0.168000 ms MarkObjects: 5.963200 ms  DeleteObjects: 0.531400 ms)

Prepare: number of updated asset objects reloaded= 0
AssetImportParameters requested are different than current active one (requested -> active):
  custom:video-decoder-webm-vp8: 9c59270c3fd7afecdb556c50c9e8de78 -> 
  custom:SearchIndexIgnoredProperties: e643bd26f0fe6173181afceb89e7c659 -> 
  custom:container-demuxer-ogg: 62fdf1f143b41e24485cea50d1cbac27 -> 
  custom:AudioImporter_EditorPlatform: d09bf68614088b80899f8185d706f6e7 -> 
  custom:video-decoder-ogg-theora: a1e56fd34408186e4bbccfd4996cb3dc -> 
  custom:framework-win-MediaFoundation: 216162199b28c13a410421893ffa2e32 -> 
  custom:video-encoder-webm-vp8: eb34c28f22e8b96e1ab97ce403110664 -> 
  custom:audio-decoder-ogg-vorbis: bf7c407c2cedff20999df2af8eb42d56 -> 
  custom:CustomObjectIndexerAttribute: 9a22284fe3817be447336de3de66b15e -> 
  custom:container-demuxer-webm: 4f35f7cbe854078d1ac9338744f61a02 -> 
  custom:audio-encoder-webm-vorbis: bf7c407c2cedff20999df2af8eb42d56 -> 
  custom:container-muxer-webm: aa71ff27fc2769a1b78a27578f13a17b -> 
========================================================================
Received Prepare
Caller must complete domain reload
Begin MonoManager ReloadAssembly
- Loaded All Assemblies, in  0.556 seconds
Native extension for WindowsStandalone target not found
Mono: successfully reloaded assembly
- Finished resetting the current domain, in  1.330 seconds
Domain Reload Profiling: 1882ms
	BeginReloadAssembly (224ms)
		ExecutionOrderSort (0ms)
		DisableScriptedObjects (8ms)
		BackupInstance (0ms)
		ReleaseScriptingObjects (0ms)
		CreateAndSetChildDomain (32ms)
	RebuildCommonClasses (57ms)
	RebuildNativeTypeToScriptingClass (18ms)
	initialDomainReloadingComplete (39ms)
	LoadAllAssembliesAndSetupDomain (213ms)
		LoadAssemblies (332ms)
		RebuildTransferFunctionScriptingTraits (0ms)
		AnalyzeDomain (20ms)
			TypeCache.Refresh (5ms)
				TypeCache.ScanAssembly (0ms)
			ScanForSourceGeneratedMonoScriptInfo (0ms)
			ResolveRequiredComponents (14ms)
	FinalizeReload (1331ms)
		ReleaseScriptCaches (0ms)
		RebuildScriptCaches (0ms)
		SetupLoadedEditorAssemblies (702ms)
			LogAssemblyErrors (0ms)
			InitializePlatformSupportModulesInManaged (13ms)
			SetLoadedEditorAssemblies (11ms)
			RefreshPlugins (0ms)
			BeforeProcessingInitializeOnLoad (85ms)
			ProcessInitializeOnLoadAttributes (496ms)
			ProcessInitializeOnLoadMethodAttributes (70ms)
			AfterProcessingInitializeOnLoad (28ms)
			EditorAssembliesLoaded (0ms)
		ExecutionOrderSort2 (0ms)
		AwakeInstancesAfterBackupRestoration (18ms)
Refreshing native plugins compatible for Editor in 4.10 ms, found 3 plugins.
Preloading 0 native plugins for Editor in 0.00 ms.
Unloading 1938 Unused Serialized files (Serialized files now loaded: 0)
Unloading 18 unused Assets / (1.9 MB). Loaded Objects now: 2569.
Memory consumption went from 115.4 MB to 113.5 MB.
Total: 8.005400 ms (FindLiveObjects: 0.265000 ms CreateObjectMapping: 0.233200 ms MarkObjects: 6.785700 ms  DeleteObjects: 0.720300 ms)

Prepare: number of updated asset objects reloaded= 0
AssetImportParameters requested are different than current active one (requested -> active):
  custom:video-decoder-webm-vp8: 9c59270c3fd7afecdb556c50c9e8de78 -> 
  custom:SearchIndexIgnoredProperties: e643bd26f0fe6173181afceb89e7c659 -> 
  custom:container-demuxer-ogg: 62fdf1f143b41e24485cea50d1cbac27 -> 
  custom:AudioImporter_EditorPlatform: d09bf68614088b80899f8185d706f6e7 -> 
  custom:video-decoder-ogg-theora: a1e56fd34408186e4bbccfd4996cb3dc -> 
  custom:framework-win-MediaFoundation: 216162199b28c13a410421893ffa2e32 -> 
  custom:video-encoder-webm-vp8: eb34c28f22e8b96e1ab97ce403110664 -> 
  custom:audio-decoder-ogg-vorbis: bf7c407c2cedff20999df2af8eb42d56 -> 
  custom:CustomObjectIndexerAttribute: 9a22284fe3817be447336de3de66b15e -> 
  custom:container-demuxer-webm: 4f35f7cbe854078d1ac9338744f61a02 -> 
  custom:audio-encoder-webm-vorbis: bf7c407c2cedff20999df2af8eb42d56 -> 
  custom:container-muxer-webm: aa71ff27fc2769a1b78a27578f13a17b -> 
========================================================================
Received Prepare
Caller must complete domain reload
Begin MonoManager ReloadAssembly
- Loaded All Assemblies, in  0.510 seconds
Native extension for WindowsStandalone target not found
Mono: successfully reloaded assembly
- Finished resetting the current domain, in  2.058 seconds
Domain Reload Profiling: 2565ms
	BeginReloadAssembly (209ms)
		ExecutionOrderSort (0ms)
		DisableScriptedObjects (7ms)
		BackupInstance (0ms)
		ReleaseScriptingObjects (0ms)
		CreateAndSetChildDomain (30ms)
	RebuildCommonClasses (55ms)
	RebuildNativeTypeToScriptingClass (17ms)
	initialDomainReloadingComplete (40ms)
	LoadAllAssembliesAndSetupDomain (185ms)
		LoadAssemblies (291ms)
		RebuildTransferFunctionScriptingTraits (0ms)
		AnalyzeDomain (19ms)
			TypeCache.Refresh (5ms)
				TypeCache.ScanAssembly (0ms)
			ScanForSourceGeneratedMonoScriptInfo (0ms)
			ResolveRequiredComponents (13ms)
	FinalizeReload (2059ms)
		ReleaseScriptCaches (0ms)
		RebuildScriptCaches (0ms)
		SetupLoadedEditorAssemblies (1384ms)
			LogAssemblyErrors (0ms)
			InitializePlatformSupportModulesInManaged (12ms)
			SetLoadedEditorAssemblies (8ms)
			RefreshPlugins (0ms)
			BeforeProcessingInitializeOnLoad (84ms)
			ProcessInitializeOnLoadAttributes (1067ms)
			ProcessInitializeOnLoadMethodAttributes (163ms)
			AfterProcessingInitializeOnLoad (49ms)
			EditorAssembliesLoaded (2ms)
		ExecutionOrderSort2 (0ms)
		AwakeInstancesAfterBackupRestoration (31ms)
Refreshing native plugins compatible for Editor in 7.93 ms, found 3 plugins.
Preloading 0 native plugins for Editor in 0.00 ms.
Unloading 1938 Unused Serialized files (Serialized files now loaded: 0)
Unloading 18 unused Assets / (1.9 MB). Loaded Objects now: 2584.
Memory consumption went from 115.4 MB to 113.5 MB.
Total: 9.688200 ms (FindLiveObjects: 0.852800 ms CreateObjectMapping: 0.737000 ms MarkObjects: 7.514700 ms  DeleteObjects: 0.579400 ms)

Prepare: number of updated asset objects reloaded= 0
AssetImportParameters requested are different than current active one (requested -> active):
  custom:video-decoder-webm-vp8: 9c59270c3fd7afecdb556c50c9e8de78 -> 
  custom:SearchIndexIgnoredProperties: e643bd26f0fe6173181afceb89e7c659 -> 
  custom:container-demuxer-ogg: 62fdf1f143b41e24485cea50d1cbac27 -> 
  custom:AudioImporter_EditorPlatform: d09bf68614088b80899f8185d706f6e7 -> 
  custom:video-decoder-ogg-theora: a1e56fd34408186e4bbccfd4996cb3dc -> 
  custom:framework-win-MediaFoundation: 216162199b28c13a410421893ffa2e32 -> 
  custom:video-encoder-webm-vp8: eb34c28f22e8b96e1ab97ce403110664 -> 
  custom:audio-decoder-ogg-vorbis: bf7c407c2cedff20999df2af8eb42d56 -> 
  custom:CustomObjectIndexerAttribute: 9a22284fe3817be447336de3de66b15e -> 
  custom:container-demuxer-webm: 4f35f7cbe854078d1ac9338744f61a02 -> 
  custom:audio-encoder-webm-vorbis: bf7c407c2cedff20999df2af8eb42d56 -> 
  custom:container-muxer-webm: aa71ff27fc2769a1b78a27578f13a17b -> 
========================================================================
Received Prepare
Caller must complete domain reload
Begin MonoManager ReloadAssembly
- Loaded All Assemblies, in  0.542 seconds
Native extension for WindowsStandalone target not found
Mono: successfully reloaded assembly
- Finished resetting the current domain, in  1.124 seconds
Domain Reload Profiling: 1662ms
	BeginReloadAssembly (223ms)
		ExecutionOrderSort (0ms)
		DisableScriptedObjects (8ms)
		BackupInstance (0ms)
		ReleaseScriptingObjects (0ms)
		CreateAndSetChildDomain (35ms)
	RebuildCommonClasses (58ms)
	RebuildNativeTypeToScriptingClass (19ms)
	initialDomainReloadingComplete (41ms)
	LoadAllAssembliesAndSetupDomain (196ms)
		LoadAssemblies (303ms)
		RebuildTransferFunctionScriptingTraits (0ms)
		AnalyzeDomain (24ms)
			TypeCache.Refresh (6ms)
				TypeCache.ScanAssembly (0ms)
			ScanForSourceGeneratedMonoScriptInfo (0ms)
			ResolveRequiredComponents (17ms)
	FinalizeReload (1125ms)
		ReleaseScriptCaches (0ms)
		RebuildScriptCaches (0ms)
		SetupLoadedEditorAssemblies (492ms)
			LogAssemblyErrors (0ms)
			InitializePlatformSupportModulesInManaged (12ms)
			SetLoadedEditorAssemblies (7ms)
			RefreshPlugins (0ms)
			BeforeProcessingInitializeOnLoad (101ms)
			ProcessInitializeOnLoadAttributes (307ms)
			ProcessInitializeOnLoadMethodAttributes (46ms)
			AfterProcessingInitializeOnLoad (18ms)
			EditorAssembliesLoaded (1ms)
		ExecutionOrderSort2 (0ms)
		AwakeInstancesAfterBackupRestoration (19ms)
Refreshing native plugins compatible for Editor in 7.68 ms, found 3 plugins.
Preloading 0 native plugins for Editor in 0.00 ms.
Unloading 1938 Unused Serialized files (Serialized files now loaded: 0)
Unloading 18 unused Assets / (1.9 MB). Loaded Objects now: 2599.
Memory consumption went from 115.4 MB to 113.6 MB.
Total: 6.991800 ms (FindLiveObjects: 0.431800 ms CreateObjectMapping: 0.224300 ms MarkObjects: 5.493400 ms  DeleteObjects: 0.840400 ms)

Prepare: number of updated asset objects reloaded= 0
AssetImportParameters requested are different than current active one (requested -> active):
  custom:video-decoder-webm-vp8: 9c59270c3fd7afecdb556c50c9e8de78 -> 
  custom:SearchIndexIgnoredProperties: e643bd26f0fe6173181afceb89e7c659 -> 
  custom:container-demuxer-ogg: 62fdf1f143b41e24485cea50d1cbac27 -> 
  custom:AudioImporter_EditorPlatform: d09bf68614088b80899f8185d706f6e7 -> 
  custom:video-decoder-ogg-theora: a1e56fd34408186e4bbccfd4996cb3dc -> 
  custom:framework-win-MediaFoundation: 216162199b28c13a410421893ffa2e32 -> 
  custom:video-encoder-webm-vp8: eb34c28f22e8b96e1ab97ce403110664 -> 
  custom:audio-decoder-ogg-vorbis: bf7c407c2cedff20999df2af8eb42d56 -> 
  custom:CustomObjectIndexerAttribute: 9a22284fe3817be447336de3de66b15e -> 
  custom:container-demuxer-webm: 4f35f7cbe854078d1ac9338744f61a02 -> 
  custom:audio-encoder-webm-vorbis: bf7c407c2cedff20999df2af8eb42d56 -> 
  custom:container-muxer-webm: aa71ff27fc2769a1b78a27578f13a17b -> 
========================================================================
Received Prepare
Caller must complete domain reload
Begin MonoManager ReloadAssembly
- Loaded All Assemblies, in  0.550 seconds
Native extension for WindowsStandalone target not found
Mono: successfully reloaded assembly
- Finished resetting the current domain, in  1.055 seconds
Domain Reload Profiling: 1602ms
	BeginReloadAssembly (224ms)
		ExecutionOrderSort (0ms)
		DisableScriptedObjects (10ms)
		BackupInstance (0ms)
		ReleaseScriptingObjects (0ms)
		CreateAndSetChildDomain (30ms)
	RebuildCommonClasses (63ms)
	RebuildNativeTypeToScriptingClass (18ms)
	initialDomainReloadingComplete (43ms)
	LoadAllAssembliesAndSetupDomain (197ms)
		LoadAssemblies (318ms)
		RebuildTransferFunctionScriptingTraits (0ms)
		AnalyzeDomain (19ms)
			TypeCache.Refresh (4ms)
				TypeCache.ScanAssembly (0ms)
			ScanForSourceGeneratedMonoScriptInfo (0ms)
			ResolveRequiredComponents (13ms)
	FinalizeReload (1057ms)
		ReleaseScriptCaches (0ms)
		RebuildScriptCaches (0ms)
		SetupLoadedEditorAssemblies (475ms)
			LogAssemblyErrors (0ms)
			InitializePlatformSupportModulesInManaged (17ms)
			SetLoadedEditorAssemblies (6ms)
			RefreshPlugins (0ms)
			BeforeProcessingInitializeOnLoad (94ms)
			ProcessInitializeOnLoadAttributes (301ms)
			ProcessInitializeOnLoadMethodAttributes (38ms)
			AfterProcessingInitializeOnLoad (19ms)
			EditorAssembliesLoaded (1ms)
		ExecutionOrderSort2 (0ms)
		AwakeInstancesAfterBackupRestoration (13ms)
Refreshing native plugins compatible for Editor in 7.90 ms, found 3 plugins.
Preloading 0 native plugins for Editor in 0.00 ms.
Unloading 1938 Unused Serialized files (Serialized files now loaded: 0)
Unloading 18 unused Assets / (1.9 MB). Loaded Objects now: 2614.
Memory consumption went from 115.4 MB to 113.6 MB.
Total: 10.792500 ms (FindLiveObjects: 0.946300 ms CreateObjectMapping: 1.162300 ms MarkObjects: 7.901400 ms  DeleteObjects: 0.779600 ms)

Prepare: number of updated asset objects reloaded= 0
AssetImportParameters requested are different than current active one (requested -> active):
  custom:video-decoder-webm-vp8: 9c59270c3fd7afecdb556c50c9e8de78 -> 
  custom:SearchIndexIgnoredProperties: e643bd26f0fe6173181afceb89e7c659 -> 
  custom:container-demuxer-ogg: 62fdf1f143b41e24485cea50d1cbac27 -> 
  custom:AudioImporter_EditorPlatform: d09bf68614088b80899f8185d706f6e7 -> 
  custom:video-decoder-ogg-theora: a1e56fd34408186e4bbccfd4996cb3dc -> 
  custom:framework-win-MediaFoundation: 216162199b28c13a410421893ffa2e32 -> 
  custom:video-encoder-webm-vp8: eb34c28f22e8b96e1ab97ce403110664 -> 
  custom:audio-decoder-ogg-vorbis: bf7c407c2cedff20999df2af8eb42d56 -> 
  custom:CustomObjectIndexerAttribute: 9a22284fe3817be447336de3de66b15e -> 
  custom:container-demuxer-webm: 4f35f7cbe854078d1ac9338744f61a02 -> 
  custom:audio-encoder-webm-vorbis: bf7c407c2cedff20999df2af8eb42d56 -> 
  custom:container-muxer-webm: aa71ff27fc2769a1b78a27578f13a17b -> 
========================================================================
Received Prepare
Caller must complete domain reload
Begin MonoManager ReloadAssembly
- Loaded All Assemblies, in  0.541 seconds
Native extension for WindowsStandalone target not found
Mono: successfully reloaded assembly
- Finished resetting the current domain, in  1.201 seconds
Domain Reload Profiling: 1742ms
	BeginReloadAssembly (219ms)
		ExecutionOrderSort (0ms)
		DisableScriptedObjects (7ms)
		BackupInstance (0ms)
		ReleaseScriptingObjects (0ms)
		CreateAndSetChildDomain (31ms)
	RebuildCommonClasses (56ms)
	RebuildNativeTypeToScriptingClass (19ms)
	initialDomainReloadingComplete (41ms)
	LoadAllAssembliesAndSetupDomain (203ms)
		LoadAssemblies (313ms)
		RebuildTransferFunctionScriptingTraits (0ms)
		AnalyzeDomain (25ms)
			TypeCache.Refresh (6ms)
				TypeCache.ScanAssembly (0ms)
			ScanForSourceGeneratedMonoScriptInfo (0ms)
			ResolveRequiredComponents (19ms)
	FinalizeReload (1204ms)
		ReleaseScriptCaches (0ms)
		RebuildScriptCaches (0ms)
		SetupLoadedEditorAssemblies (535ms)
			LogAssemblyErrors (0ms)
			InitializePlatformSupportModulesInManaged (10ms)
			SetLoadedEditorAssemblies (6ms)
			RefreshPlugins (0ms)
			BeforeProcessingInitializeOnLoad (93ms)
			ProcessInitializeOnLoadAttributes (317ms)
			ProcessInitializeOnLoadMethodAttributes (73ms)
			AfterProcessingInitializeOnLoad (35ms)
			EditorAssembliesLoaded (1ms)
		ExecutionOrderSort2 (0ms)
		AwakeInstancesAfterBackupRestoration (32ms)
Refreshing native plugins compatible for Editor in 7.51 ms, found 3 plugins.
Preloading 0 native plugins for Editor in 0.00 ms.
Unloading 1938 Unused Serialized files (Serialized files now loaded: 0)
Unloading 18 unused Assets / (1.9 MB). Loaded Objects now: 2629.
Memory consumption went from 115.4 MB to 113.6 MB.
Total: 9.415200 ms (FindLiveObjects: 0.687400 ms CreateObjectMapping: 0.735900 ms MarkObjects: 7.402800 ms  DeleteObjects: 0.586100 ms)

Prepare: number of updated asset objects reloaded= 0
AssetImportParameters requested are different than current active one (requested -> active):
  custom:video-decoder-webm-vp8: 9c59270c3fd7afecdb556c50c9e8de78 -> 
  custom:SearchIndexIgnoredProperties: e643bd26f0fe6173181afceb89e7c659 -> 
  custom:container-demuxer-ogg: 62fdf1f143b41e24485cea50d1cbac27 -> 
  custom:AudioImporter_EditorPlatform: d09bf68614088b80899f8185d706f6e7 -> 
  custom:video-decoder-ogg-theora: a1e56fd34408186e4bbccfd4996cb3dc -> 
  custom:framework-win-MediaFoundation: 216162199b28c13a410421893ffa2e32 -> 
  custom:video-encoder-webm-vp8: eb34c28f22e8b96e1ab97ce403110664 -> 
  custom:audio-decoder-ogg-vorbis: bf7c407c2cedff20999df2af8eb42d56 -> 
  custom:CustomObjectIndexerAttribute: 9a22284fe3817be447336de3de66b15e -> 
  custom:container-demuxer-webm: 4f35f7cbe854078d1ac9338744f61a02 -> 
  custom:audio-encoder-webm-vorbis: bf7c407c2cedff20999df2af8eb42d56 -> 
  custom:container-muxer-webm: aa71ff27fc2769a1b78a27578f13a17b -> 
========================================================================
Received Prepare
Caller must complete domain reload
Begin MonoManager ReloadAssembly
- Loaded All Assemblies, in  0.574 seconds
Native extension for WindowsStandalone target not found
Mono: successfully reloaded assembly
- Finished resetting the current domain, in  1.159 seconds
Domain Reload Profiling: 1731ms
	BeginReloadAssembly (237ms)
		ExecutionOrderSort (0ms)
		DisableScriptedObjects (7ms)
		BackupInstance (0ms)
		ReleaseScriptingObjects (0ms)
		CreateAndSetChildDomain (33ms)
	RebuildCommonClasses (63ms)
	RebuildNativeTypeToScriptingClass (25ms)
	initialDomainReloadingComplete (48ms)
	LoadAllAssembliesAndSetupDomain (198ms)
		LoadAssemblies (318ms)
		RebuildTransferFunctionScriptingTraits (0ms)
		AnalyzeDomain (23ms)
			TypeCache.Refresh (4ms)
				TypeCache.ScanAssembly (0ms)
			ScanForSourceGeneratedMonoScriptInfo (0ms)
			ResolveRequiredComponents (17ms)
	FinalizeReload (1160ms)
		ReleaseScriptCaches (0ms)
		RebuildScriptCaches (0ms)
		SetupLoadedEditorAssemblies (533ms)
			LogAssemblyErrors (0ms)
			InitializePlatformSupportModulesInManaged (13ms)
			SetLoadedEditorAssemblies (7ms)
			RefreshPlugins (0ms)
			BeforeProcessingInitializeOnLoad (112ms)
			ProcessInitializeOnLoadAttributes (337ms)
			ProcessInitializeOnLoadMethodAttributes (42ms)
			AfterProcessingInitializeOnLoad (22ms)
			EditorAssembliesLoaded (0ms)
		ExecutionOrderSort2 (0ms)
		AwakeInstancesAfterBackupRestoration (18ms)
Refreshing native plugins compatible for Editor in 3.83 ms, found 3 plugins.
Preloading 0 native plugins for Editor in 0.00 ms.
Unloading 1938 Unused Serialized files (Serialized files now loaded: 0)
Unloading 18 unused Assets / (1.9 MB). Loaded Objects now: 2644.
Memory consumption went from 115.5 MB to 113.6 MB.
Total: 9.703800 ms (FindLiveObjects: 0.559800 ms CreateObjectMapping: 0.217100 ms MarkObjects: 8.306900 ms  DeleteObjects: 0.618500 ms)

Prepare: number of updated asset objects reloaded= 0
AssetImportParameters requested are different than current active one (requested -> active):
  custom:video-decoder-webm-vp8: 9c59270c3fd7afecdb556c50c9e8de78 -> 
  custom:SearchIndexIgnoredProperties: e643bd26f0fe6173181afceb89e7c659 -> 
  custom:container-demuxer-ogg: 62fdf1f143b41e24485cea50d1cbac27 -> 
  custom:AudioImporter_EditorPlatform: d09bf68614088b80899f8185d706f6e7 -> 
  custom:video-decoder-ogg-theora: a1e56fd34408186e4bbccfd4996cb3dc -> 
  custom:framework-win-MediaFoundation: 216162199b28c13a410421893ffa2e32 -> 
  custom:video-encoder-webm-vp8: eb34c28f22e8b96e1ab97ce403110664 -> 
  custom:audio-decoder-ogg-vorbis: bf7c407c2cedff20999df2af8eb42d56 -> 
  custom:CustomObjectIndexerAttribute: 9a22284fe3817be447336de3de66b15e -> 
  custom:container-demuxer-webm: 4f35f7cbe854078d1ac9338744f61a02 -> 
  custom:audio-encoder-webm-vorbis: bf7c407c2cedff20999df2af8eb42d56 -> 
  custom:container-muxer-webm: aa71ff27fc2769a1b78a27578f13a17b -> 
========================================================================
Received Import Request.
  Time since last request: 518.321939 seconds.
  path: Assets/Main Menu/MainMenuScene.unity
  artifactKey: Guid(39bd5324feb062c449d2b28407c0e7b1) Importer(815301076,1909f56bfc062723c751e8b465ee728b)
Start importing Assets/Main Menu/MainMenuScene.unity using Guid(39bd5324feb062c449d2b28407c0e7b1) Importer(815301076,1909f56bfc062723c751e8b465ee728b) [PhysX] Initialized MultithreadedTaskDispatcher with 4 workers.
 -> (artifact id: '5da7c620d9a8665b79d9dfc657dd9528') in 0.003488 seconds
Number of updated asset objects reloaded before import = 0
Number of asset objects unloaded after import = 0
========================================================================
Received Import Request.
  Time since last request: 7.211332 seconds.
  path: Assets/Scene_1/The prototype.unity
  artifactKey: Guid(cbaffd801325ea249aad7847dbcab493) Importer(815301076,1909f56bfc062723c751e8b465ee728b)
Start importing Assets/Scene_1/The prototype.unity using Guid(cbaffd801325ea249aad7847dbcab493) Importer(815301076,1909f56bfc062723c751e8b465ee728b) [PhysX] Initialized MultithreadedTaskDispatcher with 4 workers.
 -> (artifact id: '3dda55122ad29a4fb2cc77877797b949') in 0.000705 seconds
Number of updated asset objects reloaded before import = 0
Number of asset objects unloaded after import = 0
========================================================================
Received Prepare
Caller must complete domain reload
Begin MonoManager ReloadAssembly
- Loaded All Assemblies, in  0.537 seconds
Native extension for WindowsStandalone target not found
Mono: successfully reloaded assembly
- Finished resetting the current domain, in  1.489 seconds
Domain Reload Profiling: 2023ms
	BeginReloadAssembly (210ms)
		ExecutionOrderSort (0ms)
		DisableScriptedObjects (8ms)
		BackupInstance (0ms)
		ReleaseScriptingObjects (0ms)
		CreateAndSetChildDomain (31ms)
	RebuildCommonClasses (59ms)
	RebuildNativeTypeToScriptingClass (21ms)
	initialDomainReloadingComplete (37ms)
	LoadAllAssembliesAndSetupDomain (207ms)
		LoadAssemblies (305ms)
		RebuildTransferFunctionScriptingTraits (0ms)
		AnalyzeDomain (25ms)
			TypeCache.Refresh (6ms)
				TypeCache.ScanAssembly (0ms)
			ScanForSourceGeneratedMonoScriptInfo (0ms)
			ResolveRequiredComponents (18ms)
	FinalizeReload (1490ms)
		ReleaseScriptCaches (0ms)
		RebuildScriptCaches (0ms)
		SetupLoadedEditorAssemblies (829ms)
			LogAssemblyErrors (0ms)
			InitializePlatformSupportModulesInManaged (9ms)
			SetLoadedEditorAssemblies (6ms)
			RefreshPlugins (0ms)
			BeforeProcessingInitializeOnLoad (82ms)
			ProcessInitializeOnLoadAttributes (629ms)
			ProcessInitializeOnLoadMethodAttributes (79ms)
			AfterProcessingInitializeOnLoad (22ms)
			EditorAssembliesLoaded (1ms)
		ExecutionOrderSort2 (0ms)
		AwakeInstancesAfterBackupRestoration (19ms)
Refreshing native plugins compatible for Editor in 10.38 ms, found 3 plugins.
Preloading 0 native plugins for Editor in 0.00 ms.
Unloading 1937 Unused Serialized files (Serialized files now loaded: 0)
Unloading 18 unused Assets / (1.9 MB). Loaded Objects now: 2659.
Memory consumption went from 115.3 MB to 113.4 MB.
Total: 11.059900 ms (FindLiveObjects: 0.305900 ms CreateObjectMapping: 0.298200 ms MarkObjects: 7.882300 ms  DeleteObjects: 2.569600 ms)

Prepare: number of updated asset objects reloaded= 0
AssetImportParameters requested are different than current active one (requested -> active):
  custom:video-decoder-webm-vp8: 9c59270c3fd7afecdb556c50c9e8de78 -> 
  custom:SearchIndexIgnoredProperties: e643bd26f0fe6173181afceb89e7c659 -> 
  custom:container-demuxer-ogg: 62fdf1f143b41e24485cea50d1cbac27 -> 
  custom:AudioImporter_EditorPlatform: d09bf68614088b80899f8185d706f6e7 -> 
  custom:video-decoder-ogg-theora: a1e56fd34408186e4bbccfd4996cb3dc -> 
  custom:framework-win-MediaFoundation: 216162199b28c13a410421893ffa2e32 -> 
  custom:video-encoder-webm-vp8: eb34c28f22e8b96e1ab97ce403110664 -> 
  custom:audio-decoder-ogg-vorbis: bf7c407c2cedff20999df2af8eb42d56 -> 
  custom:CustomObjectIndexerAttribute: 9a22284fe3817be447336de3de66b15e -> 
  custom:container-demuxer-webm: 4f35f7cbe854078d1ac9338744f61a02 -> 
  custom:audio-encoder-webm-vorbis: bf7c407c2cedff20999df2af8eb42d56 -> 
  custom:container-muxer-webm: aa71ff27fc2769a1b78a27578f13a17b -> 
========================================================================
Received Prepare
Caller must complete domain reload
Begin MonoManager ReloadAssembly
- Loaded All Assemblies, in  0.923 seconds
Native extension for WindowsStandalone target not found
Mono: successfully reloaded assembly
- Finished resetting the current domain, in  2.802 seconds
Domain Reload Profiling: 3721ms
	BeginReloadAssembly (407ms)
		ExecutionOrderSort (0ms)
		DisableScriptedObjects (14ms)
		BackupInstance (0ms)
		ReleaseScriptingObjects (0ms)
		CreateAndSetChildDomain (61ms)
	RebuildCommonClasses (152ms)
	RebuildNativeTypeToScriptingClass (46ms)
	initialDomainReloadingComplete (57ms)
	LoadAllAssembliesAndSetupDomain (258ms)
		LoadAssemblies (471ms)
		RebuildTransferFunctionScriptingTraits (0ms)
		AnalyzeDomain (29ms)
			TypeCache.Refresh (6ms)
				TypeCache.ScanAssembly (0ms)
			ScanForSourceGeneratedMonoScriptInfo (0ms)
			ResolveRequiredComponents (22ms)
	FinalizeReload (2802ms)
		ReleaseScriptCaches (0ms)
		RebuildScriptCaches (0ms)
		SetupLoadedEditorAssemblies (1692ms)
			LogAssemblyErrors (0ms)
			InitializePlatformSupportModulesInManaged (41ms)
			SetLoadedEditorAssemblies (15ms)
			RefreshPlugins (0ms)
			BeforeProcessingInitializeOnLoad (325ms)
			ProcessInitializeOnLoadAttributes (789ms)
			ProcessInitializeOnLoadMethodAttributes (381ms)
			AfterProcessingInitializeOnLoad (137ms)
			EditorAssembliesLoaded (4ms)
		ExecutionOrderSort2 (0ms)
		AwakeInstancesAfterBackupRestoration (52ms)
Refreshing native plugins compatible for Editor in 10.39 ms, found 3 plugins.
Preloading 0 native plugins for Editor in 0.00 ms.
Unloading 1938 Unused Serialized files (Serialized files now loaded: 0)
Unloading 18 unused Assets / (1.9 MB). Loaded Objects now: 2674.
Memory consumption went from 115.5 MB to 113.6 MB.
Total: 9.151300 ms (FindLiveObjects: 0.844200 ms CreateObjectMapping: 0.740700 ms MarkObjects: 6.987100 ms  DeleteObjects: 0.576300 ms)

Prepare: number of updated asset objects reloaded= 0
AssetImportParameters requested are different than current active one (requested -> active):
  custom:video-decoder-webm-vp8: 9c59270c3fd7afecdb556c50c9e8de78 -> 
  custom:SearchIndexIgnoredProperties: e643bd26f0fe6173181afceb89e7c659 -> 
  custom:container-demuxer-ogg: 62fdf1f143b41e24485cea50d1cbac27 -> 
  custom:AudioImporter_EditorPlatform: d09bf68614088b80899f8185d706f6e7 -> 
  custom:video-decoder-ogg-theora: a1e56fd34408186e4bbccfd4996cb3dc -> 
  custom:framework-win-MediaFoundation: 216162199b28c13a410421893ffa2e32 -> 
  custom:video-encoder-webm-vp8: eb34c28f22e8b96e1ab97ce403110664 -> 
  custom:audio-decoder-ogg-vorbis: bf7c407c2cedff20999df2af8eb42d56 -> 
  custom:CustomObjectIndexerAttribute: 9a22284fe3817be447336de3de66b15e -> 
  custom:container-demuxer-webm: 4f35f7cbe854078d1ac9338744f61a02 -> 
  custom:audio-encoder-webm-vorbis: bf7c407c2cedff20999df2af8eb42d56 -> 
  custom:container-muxer-webm: aa71ff27fc2769a1b78a27578f13a17b -> 
========================================================================
Received Prepare
Caller must complete domain reload
Begin MonoManager ReloadAssembly
- Loaded All Assemblies, in  4.258 seconds
Native extension for WindowsStandalone target not found
Mono: successfully reloaded assembly
- Finished resetting the current domain, in 25.866 seconds
Domain Reload Profiling: 30122ms
	BeginReloadAssembly (232ms)
		ExecutionOrderSort (0ms)
		DisableScriptedObjects (7ms)
		BackupInstance (0ms)
		ReleaseScriptingObjects (0ms)
		CreateAndSetChildDomain (32ms)
	RebuildCommonClasses (60ms)
	RebuildNativeTypeToScriptingClass (16ms)
	initialDomainReloadingComplete (46ms)
	LoadAllAssembliesAndSetupDomain (3900ms)
		LoadAssemblies (3984ms)
		RebuildTransferFunctionScriptingTraits (0ms)
		AnalyzeDomain (53ms)
			TypeCache.Refresh (12ms)
				TypeCache.ScanAssembly (0ms)
			ScanForSourceGeneratedMonoScriptInfo (0ms)
			ResolveRequiredComponents (39ms)
	FinalizeReload (25867ms)
		ReleaseScriptCaches (0ms)
		RebuildScriptCaches (0ms)
		SetupLoadedEditorAssemblies (1831ms)
			LogAssemblyErrors (0ms)
			InitializePlatformSupportModulesInManaged (40ms)
			SetLoadedEditorAssemblies (21ms)
			RefreshPlugins (0ms)
			BeforeProcessingInitializeOnLoad (296ms)
			ProcessInitializeOnLoadAttributes (1219ms)
			ProcessInitializeOnLoadMethodAttributes (195ms)
			AfterProcessingInitializeOnLoad (61ms)
			EditorAssembliesLoaded (0ms)
		ExecutionOrderSort2 (0ms)
		AwakeInstancesAfterBackupRestoration (36ms)
Refreshing native plugins compatible for Editor in 7.94 ms, found 3 plugins.
Preloading 0 native plugins for Editor in 0.00 ms.
Unloading 1938 Unused Serialized files (Serialized files now loaded: 0)
Unloading 18 unused Assets / (1.9 MB). Loaded Objects now: 2689.
Memory consumption went from 115.5 MB to 113.6 MB.
Total: 12.317500 ms (FindLiveObjects: 0.874900 ms CreateObjectMapping: 0.839500 ms MarkObjects: 9.532600 ms  DeleteObjects: 1.066700 ms)

Prepare: number of updated asset objects reloaded= 0
AssetImportParameters requested are different than current active one (requested -> active):
  custom:video-decoder-webm-vp8: 9c59270c3fd7afecdb556c50c9e8de78 -> 
  custom:SearchIndexIgnoredProperties: e643bd26f0fe6173181afceb89e7c659 -> 
  custom:container-demuxer-ogg: 62fdf1f143b41e24485cea50d1cbac27 -> 
  custom:AudioImporter_EditorPlatform: d09bf68614088b80899f8185d706f6e7 -> 
  custom:video-decoder-ogg-theora: a1e56fd34408186e4bbccfd4996cb3dc -> 
  custom:framework-win-MediaFoundation: 216162199b28c13a410421893ffa2e32 -> 
  custom:video-encoder-webm-vp8: eb34c28f22e8b96e1ab97ce403110664 -> 
  custom:audio-decoder-ogg-vorbis: bf7c407c2cedff20999df2af8eb42d56 -> 
  custom:CustomObjectIndexerAttribute: 9a22284fe3817be447336de3de66b15e -> 
  custom:container-demuxer-webm: 4f35f7cbe854078d1ac9338744f61a02 -> 
  custom:audio-encoder-webm-vorbis: bf7c407c2cedff20999df2af8eb42d56 -> 
  custom:container-muxer-webm: aa71ff27fc2769a1b78a27578f13a17b -> 
========================================================================
Received Prepare
Caller must complete domain reload
Begin MonoManager ReloadAssembly
- Loaded All Assemblies, in  0.551 seconds
Native extension for WindowsStandalone target not found
Mono: successfully reloaded assembly
- Finished resetting the current domain, in  1.080 seconds
Domain Reload Profiling: 1626ms
	BeginReloadAssembly (232ms)
		ExecutionOrderSort (0ms)
		DisableScriptedObjects (10ms)
		BackupInstance (0ms)
		ReleaseScriptingObjects (0ms)
		CreateAndSetChildDomain (30ms)
	RebuildCommonClasses (59ms)
	RebuildNativeTypeToScriptingClass (18ms)
	initialDomainReloadingComplete (44ms)
	LoadAllAssembliesAndSetupDomain (193ms)
		LoadAssemblies (307ms)
		RebuildTransferFunctionScriptingTraits (0ms)
		AnalyzeDomain (24ms)
			TypeCache.Refresh (6ms)
				TypeCache.ScanAssembly (0ms)
			ScanForSourceGeneratedMonoScriptInfo (0ms)
			ResolveRequiredComponents (17ms)
	FinalizeReload (1080ms)
		ReleaseScriptCaches (0ms)
		RebuildScriptCaches (0ms)
		SetupLoadedEditorAssemblies (502ms)
			LogAssemblyErrors (0ms)
			InitializePlatformSupportModulesInManaged (12ms)
			SetLoadedEditorAssemblies (7ms)
			RefreshPlugins (0ms)
			BeforeProcessingInitializeOnLoad (79ms)
			ProcessInitializeOnLoadAttributes (331ms)
			ProcessInitializeOnLoadMethodAttributes (55ms)
			AfterProcessingInitializeOnLoad (17ms)
			EditorAssembliesLoaded (1ms)
		ExecutionOrderSort2 (0ms)
		AwakeInstancesAfterBackupRestoration (15ms)
Refreshing native plugins compatible for Editor in 6.36 ms, found 3 plugins.
Preloading 0 native plugins for Editor in 0.00 ms.
Unloading 1938 Unused Serialized files (Serialized files now loaded: 0)
Unloading 18 unused Assets / (1.9 MB). Loaded Objects now: 2704.
Memory consumption went from 115.6 MB to 113.7 MB.
Total: 8.289700 ms (FindLiveObjects: 0.570000 ms CreateObjectMapping: 0.588700 ms MarkObjects: 6.551800 ms  DeleteObjects: 0.577800 ms)

Prepare: number of updated asset objects reloaded= 0
AssetImportParameters requested are different than current active one (requested -> active):
  custom:video-decoder-webm-vp8: 9c59270c3fd7afecdb556c50c9e8de78 -> 
  custom:SearchIndexIgnoredProperties: e643bd26f0fe6173181afceb89e7c659 -> 
  custom:container-demuxer-ogg: 62fdf1f143b41e24485cea50d1cbac27 -> 
  custom:AudioImporter_EditorPlatform: d09bf68614088b80899f8185d706f6e7 -> 
  custom:video-decoder-ogg-theora: a1e56fd34408186e4bbccfd4996cb3dc -> 
  custom:framework-win-MediaFoundation: 216162199b28c13a410421893ffa2e32 -> 
  custom:video-encoder-webm-vp8: eb34c28f22e8b96e1ab97ce403110664 -> 
  custom:audio-decoder-ogg-vorbis: bf7c407c2cedff20999df2af8eb42d56 -> 
  custom:CustomObjectIndexerAttribute: 9a22284fe3817be447336de3de66b15e -> 
  custom:container-demuxer-webm: 4f35f7cbe854078d1ac9338744f61a02 -> 
  custom:audio-encoder-webm-vorbis: bf7c407c2cedff20999df2af8eb42d56 -> 
  custom:container-muxer-webm: aa71ff27fc2769a1b78a27578f13a17b -> 
========================================================================
Received Prepare
Caller must complete domain reload
Begin MonoManager ReloadAssembly
- Loaded All Assemblies, in  0.548 seconds
Native extension for WindowsStandalone target not found
Mono: successfully reloaded assembly
- Finished resetting the current domain, in  1.058 seconds
Domain Reload Profiling: 1602ms
	BeginReloadAssembly (218ms)
		ExecutionOrderSort (0ms)
		DisableScriptedObjects (8ms)
		BackupInstance (0ms)
		ReleaseScriptingObjects (0ms)
		CreateAndSetChildDomain (26ms)
	RebuildCommonClasses (60ms)
	RebuildNativeTypeToScriptingClass (21ms)
	initialDomainReloadingComplete (40ms)
	LoadAllAssembliesAndSetupDomain (204ms)
		LoadAssemblies (318ms)
		RebuildTransferFunctionScriptingTraits (0ms)
		AnalyzeDomain (21ms)
			TypeCache.Refresh (5ms)
				TypeCache.ScanAssembly (0ms)
			ScanForSourceGeneratedMonoScriptInfo (0ms)
			ResolveRequiredComponents (15ms)
	FinalizeReload (1058ms)
		ReleaseScriptCaches (0ms)
		RebuildScriptCaches (0ms)
		SetupLoadedEditorAssemblies (500ms)
			LogAssemblyErrors (0ms)
			InitializePlatformSupportModulesInManaged (10ms)
			SetLoadedEditorAssemblies (6ms)
			RefreshPlugins (0ms)
			BeforeProcessingInitializeOnLoad (91ms)
			ProcessInitializeOnLoadAttributes (341ms)
			ProcessInitializeOnLoadMethodAttributes (36ms)
			AfterProcessingInitializeOnLoad (16ms)
			EditorAssembliesLoaded (0ms)
		ExecutionOrderSort2 (0ms)
		AwakeInstancesAfterBackupRestoration (9ms)
Refreshing native plugins compatible for Editor in 8.24 ms, found 3 plugins.
Preloading 0 native plugins for Editor in 0.00 ms.
Unloading 1938 Unused Serialized files (Serialized files now loaded: 0)
Unloading 18 unused Assets / (1.9 MB). Loaded Objects now: 2719.
Memory consumption went from 115.6 MB to 113.7 MB.
Total: 7.932900 ms (FindLiveObjects: 0.338300 ms CreateObjectMapping: 0.463500 ms MarkObjects: 6.523100 ms  DeleteObjects: 0.606600 ms)

Prepare: number of updated asset objects reloaded= 0
AssetImportParameters requested are different than current active one (requested -> active):
  custom:video-decoder-webm-vp8: 9c59270c3fd7afecdb556c50c9e8de78 -> 
  custom:SearchIndexIgnoredProperties: e643bd26f0fe6173181afceb89e7c659 -> 
  custom:container-demuxer-ogg: 62fdf1f143b41e24485cea50d1cbac27 -> 
  custom:AudioImporter_EditorPlatform: d09bf68614088b80899f8185d706f6e7 -> 
  custom:video-decoder-ogg-theora: a1e56fd34408186e4bbccfd4996cb3dc -> 
  custom:framework-win-MediaFoundation: 216162199b28c13a410421893ffa2e32 -> 
  custom:video-encoder-webm-vp8: eb34c28f22e8b96e1ab97ce403110664 -> 
  custom:audio-decoder-ogg-vorbis: bf7c407c2cedff20999df2af8eb42d56 -> 
  custom:CustomObjectIndexerAttribute: 9a22284fe3817be447336de3de66b15e -> 
  custom:container-demuxer-webm: 4f35f7cbe854078d1ac9338744f61a02 -> 
  custom:audio-encoder-webm-vorbis: bf7c407c2cedff20999df2af8eb42d56 -> 
  custom:container-muxer-webm: aa71ff27fc2769a1b78a27578f13a17b -> 
========================================================================
Received Prepare
Caller must complete domain reload
Begin MonoManager ReloadAssembly
- Loaded All Assemblies, in  0.586 seconds
Native extension for WindowsStandalone target not found
Mono: successfully reloaded assembly
- Finished resetting the current domain, in  1.473 seconds
Domain Reload Profiling: 2055ms
	BeginReloadAssembly (242ms)
		ExecutionOrderSort (0ms)
		DisableScriptedObjects (10ms)
		BackupInstance (0ms)
		ReleaseScriptingObjects (0ms)
		CreateAndSetChildDomain (34ms)
	RebuildCommonClasses (60ms)
	RebuildNativeTypeToScriptingClass (18ms)
	initialDomainReloadingComplete (43ms)
	LoadAllAssembliesAndSetupDomain (217ms)
		LoadAssemblies (339ms)
		RebuildTransferFunctionScriptingTraits (0ms)
		AnalyzeDomain (24ms)
			TypeCache.Refresh (4ms)
				TypeCache.ScanAssembly (0ms)
			ScanForSourceGeneratedMonoScriptInfo (0ms)
			ResolveRequiredComponents (19ms)
	FinalizeReload (1473ms)
		ReleaseScriptCaches (0ms)
		RebuildScriptCaches (0ms)
		SetupLoadedEditorAssemblies (827ms)
			LogAssemblyErrors (0ms)
			InitializePlatformSupportModulesInManaged (10ms)
			SetLoadedEditorAssemblies (7ms)
			RefreshPlugins (0ms)
			BeforeProcessingInitializeOnLoad (93ms)
			ProcessInitializeOnLoadAttributes (607ms)
			ProcessInitializeOnLoadMethodAttributes (85ms)
			AfterProcessingInitializeOnLoad (24ms)
			EditorAssembliesLoaded (0ms)
		ExecutionOrderSort2 (0ms)
		AwakeInstancesAfterBackupRestoration (11ms)
Refreshing native plugins compatible for Editor in 6.78 ms, found 3 plugins.
Preloading 0 native plugins for Editor in 0.00 ms.
Unloading 1938 Unused Serialized files (Serialized files now loaded: 0)
Unloading 18 unused Assets / (1.9 MB). Loaded Objects now: 2734.
Memory consumption went from 115.6 MB to 113.7 MB.
Total: 7.584900 ms (FindLiveObjects: 0.333600 ms CreateObjectMapping: 0.219600 ms MarkObjects: 5.759000 ms  DeleteObjects: 1.271000 ms)

Prepare: number of updated asset objects reloaded= 0
AssetImportParameters requested are different than current active one (requested -> active):
  custom:video-decoder-webm-vp8: 9c59270c3fd7afecdb556c50c9e8de78 -> 
  custom:SearchIndexIgnoredProperties: e643bd26f0fe6173181afceb89e7c659 -> 
  custom:container-demuxer-ogg: 62fdf1f143b41e24485cea50d1cbac27 -> 
  custom:AudioImporter_EditorPlatform: d09bf68614088b80899f8185d706f6e7 -> 
  custom:video-decoder-ogg-theora: a1e56fd34408186e4bbccfd4996cb3dc -> 
  custom:framework-win-MediaFoundation: 216162199b28c13a410421893ffa2e32 -> 
  custom:video-encoder-webm-vp8: eb34c28f22e8b96e1ab97ce403110664 -> 
  custom:audio-decoder-ogg-vorbis: bf7c407c2cedff20999df2af8eb42d56 -> 
  custom:CustomObjectIndexerAttribute: 9a22284fe3817be447336de3de66b15e -> 
  custom:container-demuxer-webm: 4f35f7cbe854078d1ac9338744f61a02 -> 
  custom:audio-encoder-webm-vorbis: bf7c407c2cedff20999df2af8eb42d56 -> 
  custom:container-muxer-webm: aa71ff27fc2769a1b78a27578f13a17b -> 
========================================================================
Received Prepare
Caller must complete domain reload
Begin MonoManager ReloadAssembly
- Loaded All Assemblies, in  0.535 seconds
Native extension for WindowsStandalone target not found
Mono: successfully reloaded assembly
- Finished resetting the current domain, in  1.118 seconds
Domain Reload Profiling: 1650ms
	BeginReloadAssembly (225ms)
		ExecutionOrderSort (0ms)
		DisableScriptedObjects (8ms)
		BackupInstance (0ms)
		ReleaseScriptingObjects (0ms)
		CreateAndSetChildDomain (32ms)
	RebuildCommonClasses (54ms)
	RebuildNativeTypeToScriptingClass (19ms)
	initialDomainReloadingComplete (42ms)
	LoadAllAssembliesAndSetupDomain (192ms)
		LoadAssemblies (309ms)
		RebuildTransferFunctionScriptingTraits (0ms)
		AnalyzeDomain (22ms)
			TypeCache.Refresh (5ms)
				TypeCache.ScanAssembly (0ms)
			ScanForSourceGeneratedMonoScriptInfo (0ms)
			ResolveRequiredComponents (16ms)
	FinalizeReload (1119ms)
		ReleaseScriptCaches (0ms)
		RebuildScriptCaches (0ms)
		SetupLoadedEditorAssemblies (543ms)
			LogAssemblyErrors (0ms)
			InitializePlatformSupportModulesInManaged (13ms)
			SetLoadedEditorAssemblies (7ms)
			RefreshPlugins (0ms)
			BeforeProcessingInitializeOnLoad (88ms)
			ProcessInitializeOnLoadAttributes (361ms)
			ProcessInitializeOnLoadMethodAttributes (56ms)
			AfterProcessingInitializeOnLoad (18ms)
			EditorAssembliesLoaded (1ms)
		ExecutionOrderSort2 (0ms)
		AwakeInstancesAfterBackupRestoration (15ms)
Refreshing native plugins compatible for Editor in 5.21 ms, found 3 plugins.
Preloading 0 native plugins for Editor in 0.00 ms.
Unloading 1938 Unused Serialized files (Serialized files now loaded: 0)
Unloading 18 unused Assets / (1.9 MB). Loaded Objects now: 2749.
Memory consumption went from 115.6 MB to 113.7 MB.
Total: 8.358100 ms (FindLiveObjects: 0.788700 ms CreateObjectMapping: 0.444300 ms MarkObjects: 6.467900 ms  DeleteObjects: 0.655700 ms)

Prepare: number of updated asset objects reloaded= 0
AssetImportParameters requested are different than current active one (requested -> active):
  custom:video-decoder-webm-vp8: 9c59270c3fd7afecdb556c50c9e8de78 -> 
  custom:SearchIndexIgnoredProperties: e643bd26f0fe6173181afceb89e7c659 -> 
  custom:container-demuxer-ogg: 62fdf1f143b41e24485cea50d1cbac27 -> 
  custom:AudioImporter_EditorPlatform: d09bf68614088b80899f8185d706f6e7 -> 
  custom:video-decoder-ogg-theora: a1e56fd34408186e4bbccfd4996cb3dc -> 
  custom:framework-win-MediaFoundation: 216162199b28c13a410421893ffa2e32 -> 
  custom:video-encoder-webm-vp8: eb34c28f22e8b96e1ab97ce403110664 -> 
  custom:audio-decoder-ogg-vorbis: bf7c407c2cedff20999df2af8eb42d56 -> 
  custom:CustomObjectIndexerAttribute: 9a22284fe3817be447336de3de66b15e -> 
  custom:container-demuxer-webm: 4f35f7cbe854078d1ac9338744f61a02 -> 
  custom:audio-encoder-webm-vorbis: bf7c407c2cedff20999df2af8eb42d56 -> 
  custom:container-muxer-webm: aa71ff27fc2769a1b78a27578f13a17b -> 
========================================================================
Received Prepare
Caller must complete domain reload
Begin MonoManager ReloadAssembly
- Loaded All Assemblies, in  0.576 seconds
Native extension for WindowsStandalone target not found
Mono: successfully reloaded assembly
- Finished resetting the current domain, in  1.072 seconds
Domain Reload Profiling: 1645ms
	BeginReloadAssembly (231ms)
		ExecutionOrderSort (0ms)
		DisableScriptedObjects (8ms)
		BackupInstance (0ms)
		ReleaseScriptingObjects (0ms)
		CreateAndSetChildDomain (32ms)
	RebuildCommonClasses (67ms)
	RebuildNativeTypeToScriptingClass (23ms)
	initialDomainReloadingComplete (48ms)
	LoadAllAssembliesAndSetupDomain (202ms)
		LoadAssemblies (325ms)
		RebuildTransferFunctionScriptingTraits (0ms)
		AnalyzeDomain (24ms)
			TypeCache.Refresh (5ms)
				TypeCache.ScanAssembly (0ms)
			ScanForSourceGeneratedMonoScriptInfo (0ms)
			ResolveRequiredComponents (18ms)
	FinalizeReload (1073ms)
		ReleaseScriptCaches (0ms)
		RebuildScriptCaches (0ms)
		SetupLoadedEditorAssemblies (491ms)
			LogAssemblyErrors (0ms)
			InitializePlatformSupportModulesInManaged (10ms)
			SetLoadedEditorAssemblies (6ms)
			RefreshPlugins (0ms)
			BeforeProcessingInitializeOnLoad (95ms)
			ProcessInitializeOnLoadAttributes (323ms)
			ProcessInitializeOnLoadMethodAttributes (42ms)
			AfterProcessingInitializeOnLoad (14ms)
			EditorAssembliesLoaded (0ms)
		ExecutionOrderSort2 (0ms)
		AwakeInstancesAfterBackupRestoration (13ms)
Refreshing native plugins compatible for Editor in 4.69 ms, found 3 plugins.
Preloading 0 native plugins for Editor in 0.00 ms.
Unloading 1938 Unused Serialized files (Serialized files now loaded: 0)
Unloading 18 unused Assets / (1.9 MB). Loaded Objects now: 2764.
Memory consumption went from 115.6 MB to 113.8 MB.
Total: 12.040700 ms (FindLiveObjects: 0.335100 ms CreateObjectMapping: 0.228300 ms MarkObjects: 10.832300 ms  DeleteObjects: 0.643200 ms)

Prepare: number of updated asset objects reloaded= 0
AssetImportParameters requested are different than current active one (requested -> active):
  custom:video-decoder-webm-vp8: 9c59270c3fd7afecdb556c50c9e8de78 -> 
  custom:SearchIndexIgnoredProperties: e643bd26f0fe6173181afceb89e7c659 -> 
  custom:container-demuxer-ogg: 62fdf1f143b41e24485cea50d1cbac27 -> 
  custom:AudioImporter_EditorPlatform: d09bf68614088b80899f8185d706f6e7 -> 
  custom:video-decoder-ogg-theora: a1e56fd34408186e4bbccfd4996cb3dc -> 
  custom:framework-win-MediaFoundation: 216162199b28c13a410421893ffa2e32 -> 
  custom:video-encoder-webm-vp8: eb34c28f22e8b96e1ab97ce403110664 -> 
  custom:audio-decoder-ogg-vorbis: bf7c407c2cedff20999df2af8eb42d56 -> 
  custom:CustomObjectIndexerAttribute: 9a22284fe3817be447336de3de66b15e -> 
  custom:container-demuxer-webm: 4f35f7cbe854078d1ac9338744f61a02 -> 
  custom:audio-encoder-webm-vorbis: bf7c407c2cedff20999df2af8eb42d56 -> 
  custom:container-muxer-webm: aa71ff27fc2769a1b78a27578f13a17b -> 
========================================================================
Received Prepare
Refreshing native plugins compatible for Editor in 3.94 ms, found 3 plugins.
Preloading 0 native plugins for Editor in 0.00 ms.
Unloading 15 Unused Serialized files (Serialized files now loaded: 0)
Unloading 15 unused Assets / (1.9 MB). Loaded Objects now: 2764.
Memory consumption went from 85.9 MB to 84.0 MB.
Total: 6.308200 ms (FindLiveObjects: 0.365400 ms CreateObjectMapping: 0.213800 ms MarkObjects: 5.128000 ms  DeleteObjects: 0.599700 ms)

Prepare: number of updated asset objects reloaded= 0
AssetImportParameters requested are different than current active one (requested -> active):
  custom:video-decoder-webm-vp8: 9c59270c3fd7afecdb556c50c9e8de78 -> 
  custom:SearchIndexIgnoredProperties: e643bd26f0fe6173181afceb89e7c659 -> 
  custom:container-demuxer-ogg: 62fdf1f143b41e24485cea50d1cbac27 -> 
  custom:AudioImporter_EditorPlatform: d09bf68614088b80899f8185d706f6e7 -> 
  custom:video-decoder-ogg-theora: a1e56fd34408186e4bbccfd4996cb3dc -> 
  custom:framework-win-MediaFoundation: 216162199b28c13a410421893ffa2e32 -> 
  custom:video-encoder-webm-vp8: eb34c28f22e8b96e1ab97ce403110664 -> 
  custom:audio-decoder-ogg-vorbis: bf7c407c2cedff20999df2af8eb42d56 -> 
  custom:CustomObjectIndexerAttribute: 9a22284fe3817be447336de3de66b15e -> 
  custom:container-demuxer-webm: 4f35f7cbe854078d1ac9338744f61a02 -> 
  custom:audio-encoder-webm-vorbis: bf7c407c2cedff20999df2af8eb42d56 -> 
  custom:container-muxer-webm: aa71ff27fc2769a1b78a27578f13a17b -> 
========================================================================
Received Import Request.
  Time since last request: 1728.673127 seconds.
  path: Assets/Scene_1/The prototype.unity
  artifactKey: Guid(cbaffd801325ea249aad7847dbcab493) Importer(815301076,1909f56bfc062723c751e8b465ee728b)
Start importing Assets/Scene_1/The prototype.unity using Guid(cbaffd801325ea249aad7847dbcab493) Importer(815301076,1909f56bfc062723c751e8b465ee728b) [PhysX] Initialized MultithreadedTaskDispatcher with 4 workers.
 -> (artifact id: '8a5f92f6e273c2e1cee792d14f39540e') in 0.004040 seconds
Number of updated asset objects reloaded before import = 0
Number of asset objects unloaded after import = 0
========================================================================
Received Import Request.
  Time since last request: 37.107385 seconds.
  path: Assets/Main Menu/MainMenuScene.unity
  artifactKey: Guid(39bd5324feb062c449d2b28407c0e7b1) Importer(815301076,1909f56bfc062723c751e8b465ee728b)
Start importing Assets/Main Menu/MainMenuScene.unity using Guid(39bd5324feb062c449d2b28407c0e7b1) Importer(815301076,1909f56bfc062723c751e8b465ee728b) [PhysX] Initialized MultithreadedTaskDispatcher with 4 workers.
 -> (artifact id: 'a788485de837602d9e0a957b9ec1d17e') in 0.000682 seconds
Number of updated asset objects reloaded before import = 0
Number of asset objects unloaded after import = 0
========================================================================
Received Prepare
Caller must complete domain reload
Begin MonoManager ReloadAssembly
- Loaded All Assemblies, in  0.543 seconds
Native extension for WindowsStandalone target not found
Mono: successfully reloaded assembly
- Finished resetting the current domain, in  1.243 seconds
Domain Reload Profiling: 1783ms
	BeginReloadAssembly (214ms)
		ExecutionOrderSort (0ms)
		DisableScriptedObjects (8ms)
		BackupInstance (0ms)
		ReleaseScriptingObjects (0ms)
		CreateAndSetChildDomain (30ms)
	RebuildCommonClasses (58ms)
	RebuildNativeTypeToScriptingClass (19ms)
	initialDomainReloadingComplete (45ms)
	LoadAllAssembliesAndSetupDomain (205ms)
		LoadAssemblies (312ms)
		RebuildTransferFunctionScriptingTraits (0ms)
		AnalyzeDomain (21ms)
			TypeCache.Refresh (5ms)
				TypeCache.ScanAssembly (0ms)
			ScanForSourceGeneratedMonoScriptInfo (0ms)
			ResolveRequiredComponents (15ms)
	FinalizeReload (1243ms)
		ReleaseScriptCaches (0ms)
		RebuildScriptCaches (0ms)
		SetupLoadedEditorAssemblies (645ms)
			LogAssemblyErrors (0ms)
			InitializePlatformSupportModulesInManaged (14ms)
			SetLoadedEditorAssemblies (7ms)
			RefreshPlugins (0ms)
			BeforeProcessingInitializeOnLoad (88ms)
			ProcessInitializeOnLoadAttributes (444ms)
			ProcessInitializeOnLoadMethodAttributes (67ms)
			AfterProcessingInitializeOnLoad (25ms)
			EditorAssembliesLoaded (0ms)
		ExecutionOrderSort2 (0ms)
		AwakeInstancesAfterBackupRestoration (17ms)
Refreshing native plugins compatible for Editor in 5.13 ms, found 3 plugins.
Preloading 0 native plugins for Editor in 0.00 ms.
Unloading 1937 Unused Serialized files (Serialized files now loaded: 0)
Unloading 18 unused Assets / (1.9 MB). Loaded Objects now: 2779.
Memory consumption went from 115.4 MB to 113.5 MB.
Total: 7.436100 ms (FindLiveObjects: 0.295900 ms CreateObjectMapping: 0.201500 ms MarkObjects: 6.016200 ms  DeleteObjects: 0.921000 ms)

Prepare: number of updated asset objects reloaded= 0
AssetImportParameters requested are different than current active one (requested -> active):
  custom:video-decoder-webm-vp8: 9c59270c3fd7afecdb556c50c9e8de78 -> 
  custom:SearchIndexIgnoredProperties: e643bd26f0fe6173181afceb89e7c659 -> 
  custom:container-demuxer-ogg: 62fdf1f143b41e24485cea50d1cbac27 -> 
  custom:AudioImporter_EditorPlatform: d09bf68614088b80899f8185d706f6e7 -> 
  custom:video-decoder-ogg-theora: a1e56fd34408186e4bbccfd4996cb3dc -> 
  custom:framework-win-MediaFoundation: 216162199b28c13a410421893ffa2e32 -> 
  custom:video-encoder-webm-vp8: eb34c28f22e8b96e1ab97ce403110664 -> 
  custom:audio-decoder-ogg-vorbis: bf7c407c2cedff20999df2af8eb42d56 -> 
  custom:CustomObjectIndexerAttribute: 9a22284fe3817be447336de3de66b15e -> 
  custom:container-demuxer-webm: 4f35f7cbe854078d1ac9338744f61a02 -> 
  custom:audio-encoder-webm-vorbis: bf7c407c2cedff20999df2af8eb42d56 -> 
  custom:container-muxer-webm: aa71ff27fc2769a1b78a27578f13a17b -> 
========================================================================
Received Import Request.
  Time since last request: 61.437850 seconds.
  path: Assets/Scene_1/The prototype.unity
  artifactKey: Guid(cbaffd801325ea249aad7847dbcab493) Importer(815301076,1909f56bfc062723c751e8b465ee728b)
Start importing Assets/Scene_1/The prototype.unity using Guid(cbaffd801325ea249aad7847dbcab493) Importer(815301076,1909f56bfc062723c751e8b465ee728b) [PhysX] Initialized MultithreadedTaskDispatcher with 4 workers.
 -> (artifact id: '3cba648c4220ec79cf7593061ba01f37') in 0.002711 seconds
Number of updated asset objects reloaded before import = 0
Number of asset objects unloaded after import = 0
========================================================================
Received Prepare
Refreshing native plugins compatible for Editor in 3.06 ms, found 3 plugins.
Preloading 0 native plugins for Editor in 0.00 ms.
Unloading 14 Unused Serialized files (Serialized files now loaded: 0)
Unloading 15 unused Assets / (1.9 MB). Loaded Objects now: 2779.
Memory consumption went from 85.4 MB to 83.6 MB.
Total: 5.870900 ms (FindLiveObjects: 0.321300 ms CreateObjectMapping: 0.219300 ms MarkObjects: 4.754100 ms  DeleteObjects: 0.574400 ms)

Prepare: number of updated asset objects reloaded= 0
AssetImportParameters requested are different than current active one (requested -> active):
  custom:video-decoder-webm-vp8: 9c59270c3fd7afecdb556c50c9e8de78 -> 
  custom:SearchIndexIgnoredProperties: e643bd26f0fe6173181afceb89e7c659 -> 
  custom:container-demuxer-ogg: 62fdf1f143b41e24485cea50d1cbac27 -> 
  custom:AudioImporter_EditorPlatform: d09bf68614088b80899f8185d706f6e7 -> 
  custom:video-decoder-ogg-theora: a1e56fd34408186e4bbccfd4996cb3dc -> 
  custom:framework-win-MediaFoundation: 216162199b28c13a410421893ffa2e32 -> 
  custom:video-encoder-webm-vp8: eb34c28f22e8b96e1ab97ce403110664 -> 
  custom:audio-decoder-ogg-vorbis: bf7c407c2cedff20999df2af8eb42d56 -> 
  custom:CustomObjectIndexerAttribute: 9a22284fe3817be447336de3de66b15e -> 
  custom:container-demuxer-webm: 4f35f7cbe854078d1ac9338744f61a02 -> 
  custom:audio-encoder-webm-vorbis: bf7c407c2cedff20999df2af8eb42d56 -> 
  custom:container-muxer-webm: aa71ff27fc2769a1b78a27578f13a17b -> 
========================================================================
Received Prepare
Caller must complete domain reload
Begin MonoManager ReloadAssembly
- Loaded All Assemblies, in  0.564 seconds
Native extension for WindowsStandalone target not found
Mono: successfully reloaded assembly
- Finished resetting the current domain, in  1.304 seconds
Domain Reload Profiling: 1865ms
	BeginReloadAssembly (225ms)
		ExecutionOrderSort (0ms)
		DisableScriptedObjects (9ms)
		BackupInstance (0ms)
		ReleaseScriptingObjects (0ms)
		CreateAndSetChildDomain (28ms)
	RebuildCommonClasses (56ms)
	RebuildNativeTypeToScriptingClass (21ms)
	initialDomainReloadingComplete (41ms)
	LoadAllAssembliesAndSetupDomain (217ms)
		LoadAssemblies (337ms)
		RebuildTransferFunctionScriptingTraits (0ms)
		AnalyzeDomain (19ms)
			TypeCache.Refresh (5ms)
				TypeCache.ScanAssembly (0ms)
			ScanForSourceGeneratedMonoScriptInfo (0ms)
			ResolveRequiredComponents (14ms)
	FinalizeReload (1305ms)
		ReleaseScriptCaches (0ms)
		RebuildScriptCaches (0ms)
		SetupLoadedEditorAssemblies (652ms)
			LogAssemblyErrors (0ms)
			InitializePlatformSupportModulesInManaged (11ms)
			SetLoadedEditorAssemblies (11ms)
			RefreshPlugins (0ms)
			BeforeProcessingInitializeOnLoad (107ms)
			ProcessInitializeOnLoadAttributes (436ms)
			ProcessInitializeOnLoadMethodAttributes (53ms)
			AfterProcessingInitializeOnLoad (34ms)
			EditorAssembliesLoaded (0ms)
		ExecutionOrderSort2 (0ms)
		AwakeInstancesAfterBackupRestoration (14ms)
Refreshing native plugins compatible for Editor in 6.77 ms, found 3 plugins.
Preloading 0 native plugins for Editor in 0.00 ms.
Unloading 1938 Unused Serialized files (Serialized files now loaded: 0)
Unloading 18 unused Assets / (1.9 MB). Loaded Objects now: 2794.
Memory consumption went from 115.6 MB to 113.8 MB.
Total: 7.353800 ms (FindLiveObjects: 0.299100 ms CreateObjectMapping: 0.226200 ms MarkObjects: 5.867800 ms  DeleteObjects: 0.959300 ms)

Prepare: number of updated asset objects reloaded= 0
AssetImportParameters requested are different than current active one (requested -> active):
  custom:video-decoder-webm-vp8: 9c59270c3fd7afecdb556c50c9e8de78 -> 
  custom:SearchIndexIgnoredProperties: e643bd26f0fe6173181afceb89e7c659 -> 
  custom:container-demuxer-ogg: 62fdf1f143b41e24485cea50d1cbac27 -> 
  custom:AudioImporter_EditorPlatform: d09bf68614088b80899f8185d706f6e7 -> 
  custom:video-decoder-ogg-theora: a1e56fd34408186e4bbccfd4996cb3dc -> 
  custom:framework-win-MediaFoundation: 216162199b28c13a410421893ffa2e32 -> 
  custom:video-encoder-webm-vp8: eb34c28f22e8b96e1ab97ce403110664 -> 
  custom:audio-decoder-ogg-vorbis: bf7c407c2cedff20999df2af8eb42d56 -> 
  custom:CustomObjectIndexerAttribute: 9a22284fe3817be447336de3de66b15e -> 
  custom:container-demuxer-webm: 4f35f7cbe854078d1ac9338744f61a02 -> 
  custom:audio-encoder-webm-vorbis: bf7c407c2cedff20999df2af8eb42d56 -> 
  custom:container-muxer-webm: aa71ff27fc2769a1b78a27578f13a17b -> 
========================================================================
Received Prepare
Caller must complete domain reload
Begin MonoManager ReloadAssembly
- Loaded All Assemblies, in  0.565 seconds
Native extension for WindowsStandalone target not found
Mono: successfully reloaded assembly
- Finished resetting the current domain, in  1.025 seconds
Domain Reload Profiling: 1586ms
	BeginReloadAssembly (224ms)
		ExecutionOrderSort (0ms)
		DisableScriptedObjects (10ms)
		BackupInstance (0ms)
		ReleaseScriptingObjects (0ms)
		CreateAndSetChildDomain (35ms)
	RebuildCommonClasses (56ms)
	RebuildNativeTypeToScriptingClass (17ms)
	initialDomainReloadingComplete (44ms)
	LoadAllAssembliesAndSetupDomain (219ms)
		LoadAssemblies (333ms)
		RebuildTransferFunctionScriptingTraits (0ms)
		AnalyzeDomain (20ms)
			TypeCache.Refresh (5ms)
				TypeCache.ScanAssembly (0ms)
			ScanForSourceGeneratedMonoScriptInfo (0ms)
			ResolveRequiredComponents (14ms)
	FinalizeReload (1026ms)
		ReleaseScriptCaches (0ms)
		RebuildScriptCaches (0ms)
		SetupLoadedEditorAssemblies (494ms)
			LogAssemblyErrors (0ms)
			InitializePlatformSupportModulesInManaged (10ms)
			SetLoadedEditorAssemblies (6ms)
			RefreshPlugins (0ms)
			BeforeProcessingInitializeOnLoad (94ms)
			ProcessInitializeOnLoadAttributes (337ms)
			ProcessInitializeOnLoadMethodAttributes (35ms)
			AfterProcessingInitializeOnLoad (13ms)
			EditorAssembliesLoaded (0ms)
		ExecutionOrderSort2 (0ms)
		AwakeInstancesAfterBackupRestoration (10ms)
Refreshing native plugins compatible for Editor in 4.47 ms, found 3 plugins.
Preloading 0 native plugins for Editor in 0.00 ms.
Unloading 1938 Unused Serialized files (Serialized files now loaded: 0)
Unloading 18 unused Assets / (1.9 MB). Loaded Objects now: 2809.
Memory consumption went from 115.6 MB to 113.8 MB.
Total: 6.723900 ms (FindLiveObjects: 0.310500 ms CreateObjectMapping: 0.204900 ms MarkObjects: 5.193900 ms  DeleteObjects: 1.011700 ms)

Prepare: number of updated asset objects reloaded= 0
AssetImportParameters requested are different than current active one (requested -> active):
  custom:video-decoder-webm-vp8: 9c59270c3fd7afecdb556c50c9e8de78 -> 
  custom:SearchIndexIgnoredProperties: e643bd26f0fe6173181afceb89e7c659 -> 
  custom:container-demuxer-ogg: 62fdf1f143b41e24485cea50d1cbac27 -> 
  custom:AudioImporter_EditorPlatform: d09bf68614088b80899f8185d706f6e7 -> 
  custom:video-decoder-ogg-theora: a1e56fd34408186e4bbccfd4996cb3dc -> 
  custom:framework-win-MediaFoundation: 216162199b28c13a410421893ffa2e32 -> 
  custom:video-encoder-webm-vp8: eb34c28f22e8b96e1ab97ce403110664 -> 
  custom:audio-decoder-ogg-vorbis: bf7c407c2cedff20999df2af8eb42d56 -> 
  custom:CustomObjectIndexerAttribute: 9a22284fe3817be447336de3de66b15e -> 
  custom:container-demuxer-webm: 4f35f7cbe854078d1ac9338744f61a02 -> 
  custom:audio-encoder-webm-vorbis: bf7c407c2cedff20999df2af8eb42d56 -> 
  custom:container-muxer-webm: aa71ff27fc2769a1b78a27578f13a17b -> 
========================================================================
Received Import Request.
  Time since last request: 409.823471 seconds.
  path: Assets/AutoSaveSystem/AutoSaveIconPrefab/SaveCanvas.prefab
  artifactKey: Guid(335b22eeaf17e6a49a0f7b9989401b0b) Importer(815301076,1909f56bfc062723c751e8b465ee728b)
Start importing Assets/AutoSaveSystem/AutoSaveIconPrefab/SaveCanvas.prefab using Guid(335b22eeaf17e6a49a0f7b9989401b0b) Importer(815301076,1909f56bfc062723c751e8b465ee728b) [PhysX] Initialized MultithreadedTaskDispatcher with 4 workers.
 -> (artifact id: '341c626a01ba9ee95c38a82457f25287') in 0.122985 seconds
Number of updated asset objects reloaded before import = 0
Number of asset objects unloaded after import = 27
========================================================================
Received Prepare
Caller must complete domain reload
Begin MonoManager ReloadAssembly
- Loaded All Assemblies, in  0.542 seconds
Native extension for WindowsStandalone target not found
Mono: successfully reloaded assembly
- Finished resetting the current domain, in  0.990 seconds
Domain Reload Profiling: 1528ms
	BeginReloadAssembly (216ms)
		ExecutionOrderSort (0ms)
		DisableScriptedObjects (7ms)
		BackupInstance (0ms)
		ReleaseScriptingObjects (0ms)
		CreateAndSetChildDomain (27ms)
	RebuildCommonClasses (58ms)
	RebuildNativeTypeToScriptingClass (17ms)
	initialDomainReloadingComplete (40ms)
	LoadAllAssembliesAndSetupDomain (207ms)
		LoadAssemblies (317ms)
		RebuildTransferFunctionScriptingTraits (0ms)
		AnalyzeDomain (22ms)
			TypeCache.Refresh (5ms)
				TypeCache.ScanAssembly (0ms)
			ScanForSourceGeneratedMonoScriptInfo (0ms)
			ResolveRequiredComponents (15ms)
	FinalizeReload (990ms)
		ReleaseScriptCaches (0ms)
		RebuildScriptCaches (0ms)
		SetupLoadedEditorAssemblies (480ms)
			LogAssemblyErrors (0ms)
			InitializePlatformSupportModulesInManaged (10ms)
			SetLoadedEditorAssemblies (6ms)
			RefreshPlugins (0ms)
			BeforeProcessingInitializeOnLoad (101ms)
			ProcessInitializeOnLoadAttributes (316ms)
			ProcessInitializeOnLoadMethodAttributes (35ms)
			AfterProcessingInitializeOnLoad (11ms)
			EditorAssembliesLoaded (0ms)
		ExecutionOrderSort2 (0ms)
		AwakeInstancesAfterBackupRestoration (10ms)
Refreshing native plugins compatible for Editor in 3.80 ms, found 3 plugins.
Preloading 0 native plugins for Editor in 0.00 ms.
Unloading 1937 Unused Serialized files (Serialized files now loaded: 0)
Unloading 18 unused Assets / (1.9 MB). Loaded Objects now: 2825.
Memory consumption went from 115.5 MB to 113.6 MB.
Total: 8.927100 ms (FindLiveObjects: 0.730800 ms CreateObjectMapping: 0.395100 ms MarkObjects: 7.018800 ms  DeleteObjects: 0.780400 ms)

Prepare: number of updated asset objects reloaded= 0
AssetImportParameters requested are different than current active one (requested -> active):
  custom:video-decoder-webm-vp8: 9c59270c3fd7afecdb556c50c9e8de78 -> 
  custom:SearchIndexIgnoredProperties: e643bd26f0fe6173181afceb89e7c659 -> 
  custom:container-demuxer-ogg: 62fdf1f143b41e24485cea50d1cbac27 -> 
  custom:AudioImporter_EditorPlatform: d09bf68614088b80899f8185d706f6e7 -> 
  custom:video-decoder-ogg-theora: a1e56fd34408186e4bbccfd4996cb3dc -> 
  custom:framework-win-MediaFoundation: 216162199b28c13a410421893ffa2e32 -> 
  custom:video-encoder-webm-vp8: eb34c28f22e8b96e1ab97ce403110664 -> 
  custom:audio-decoder-ogg-vorbis: bf7c407c2cedff20999df2af8eb42d56 -> 
  custom:CustomObjectIndexerAttribute: 9a22284fe3817be447336de3de66b15e -> 
  custom:container-demuxer-webm: 4f35f7cbe854078d1ac9338744f61a02 -> 
  custom:audio-encoder-webm-vorbis: bf7c407c2cedff20999df2af8eb42d56 -> 
  custom:container-muxer-webm: aa71ff27fc2769a1b78a27578f13a17b -> 
========================================================================
Received Import Request.
  Time since last request: 87.416217 seconds.
  path: Assets/Scene_1/The prototype.unity
  artifactKey: Guid(cbaffd801325ea249aad7847dbcab493) Importer(815301076,1909f56bfc062723c751e8b465ee728b)
Start importing Assets/Scene_1/The prototype.unity using Guid(cbaffd801325ea249aad7847dbcab493) Importer(815301076,1909f56bfc062723c751e8b465ee728b) [PhysX] Initialized MultithreadedTaskDispatcher with 4 workers.
 -> (artifact id: '88bc00077222c7ec907cdd32f855be0e') in 0.002570 seconds
Number of updated asset objects reloaded before import = 0
Number of asset objects unloaded after import = 0
========================================================================
Received Import Request.
  Time since last request: 27.085503 seconds.
  path: Assets/Main Menu/MainMenuScene.unity
  artifactKey: Guid(39bd5324feb062c449d2b28407c0e7b1) Importer(815301076,1909f56bfc062723c751e8b465ee728b)
Start importing Assets/Main Menu/MainMenuScene.unity using Guid(39bd5324feb062c449d2b28407c0e7b1) Importer(815301076,1909f56bfc062723c751e8b465ee728b) [PhysX] Initialized MultithreadedTaskDispatcher with 4 workers.
 -> (artifact id: '6ea75ad690cbf85358c6b5138aadf934') in 0.000951 seconds
Number of updated asset objects reloaded before import = 0
Number of asset objects unloaded after import = 0
========================================================================
Received Prepare
Caller must complete domain reload
Begin MonoManager ReloadAssembly
- Loaded All Assemblies, in  0.543 seconds
Native extension for WindowsStandalone target not found
Mono: successfully reloaded assembly
- Finished resetting the current domain, in  1.776 seconds
Domain Reload Profiling: 2318ms
	BeginReloadAssembly (224ms)
		ExecutionOrderSort (0ms)
		DisableScriptedObjects (8ms)
		BackupInstance (0ms)
		ReleaseScriptingObjects (0ms)
		CreateAndSetChildDomain (34ms)
	RebuildCommonClasses (57ms)
	RebuildNativeTypeToScriptingClass (20ms)
	initialDomainReloadingComplete (44ms)
	LoadAllAssembliesAndSetupDomain (194ms)
		LoadAssemblies (308ms)
		RebuildTransferFunctionScriptingTraits (0ms)
		AnalyzeDomain (20ms)
			TypeCache.Refresh (5ms)
				TypeCache.ScanAssembly (0ms)
			ScanForSourceGeneratedMonoScriptInfo (0ms)
			ResolveRequiredComponents (14ms)
	FinalizeReload (1779ms)
		ReleaseScriptCaches (0ms)
		RebuildScriptCaches (0ms)
		SetupLoadedEditorAssemblies (1114ms)
			LogAssemblyErrors (0ms)
			InitializePlatformSupportModulesInManaged (11ms)
			SetLoadedEditorAssemblies (6ms)
			RefreshPlugins (0ms)
			BeforeProcessingInitializeOnLoad (106ms)
			ProcessInitializeOnLoadAttributes (811ms)
			ProcessInitializeOnLoadMethodAttributes (119ms)
			AfterProcessingInitializeOnLoad (56ms)
			EditorAssembliesLoaded (4ms)
		ExecutionOrderSort2 (0ms)
		AwakeInstancesAfterBackupRestoration (39ms)
Refreshing native plugins compatible for Editor in 12.05 ms, found 3 plugins.
Preloading 0 native plugins for Editor in 0.00 ms.
Unloading 1937 Unused Serialized files (Serialized files now loaded: 0)
Unloading 18 unused Assets / (1.9 MB). Loaded Objects now: 2840.
Memory consumption went from 115.4 MB to 113.6 MB.
Total: 14.480100 ms (FindLiveObjects: 0.686500 ms CreateObjectMapping: 1.235200 ms MarkObjects: 10.463700 ms  DeleteObjects: 2.091900 ms)

Prepare: number of updated asset objects reloaded= 0
AssetImportParameters requested are different than current active one (requested -> active):
  custom:video-decoder-webm-vp8: 9c59270c3fd7afecdb556c50c9e8de78 -> 
  custom:SearchIndexIgnoredProperties: e643bd26f0fe6173181afceb89e7c659 -> 
  custom:container-demuxer-ogg: 62fdf1f143b41e24485cea50d1cbac27 -> 
  custom:AudioImporter_EditorPlatform: d09bf68614088b80899f8185d706f6e7 -> 
  custom:video-decoder-ogg-theora: a1e56fd34408186e4bbccfd4996cb3dc -> 
  custom:framework-win-MediaFoundation: 216162199b28c13a410421893ffa2e32 -> 
  custom:video-encoder-webm-vp8: eb34c28f22e8b96e1ab97ce403110664 -> 
  custom:audio-decoder-ogg-vorbis: bf7c407c2cedff20999df2af8eb42d56 -> 
  custom:CustomObjectIndexerAttribute: 9a22284fe3817be447336de3de66b15e -> 
  custom:container-demuxer-webm: 4f35f7cbe854078d1ac9338744f61a02 -> 
  custom:audio-encoder-webm-vorbis: bf7c407c2cedff20999df2af8eb42d56 -> 
  custom:container-muxer-webm: aa71ff27fc2769a1b78a27578f13a17b -> 
========================================================================
Received Import Request.
  Time since last request: 66.572638 seconds.
  path: Assets/Scene_1/The prototype.unity
  artifactKey: Guid(cbaffd801325ea249aad7847dbcab493) Importer(815301076,1909f56bfc062723c751e8b465ee728b)
Start importing Assets/Scene_1/The prototype.unity using Guid(cbaffd801325ea249aad7847dbcab493) Importer(815301076,1909f56bfc062723c751e8b465ee728b) [PhysX] Initialized MultithreadedTaskDispatcher with 4 workers.
 -> (artifact id: '5a7b44c3cb26f754f4867ef1dba94998') in 0.002316 seconds
Number of updated asset objects reloaded before import = 0
Number of asset objects unloaded after import = 0
========================================================================
Received Prepare
Caller must complete domain reload
Begin MonoManager ReloadAssembly
- Loaded All Assemblies, in  0.579 seconds
Native extension for WindowsStandalone target not found
Mono: successfully reloaded assembly
- Finished resetting the current domain, in  1.518 seconds
Domain Reload Profiling: 2100ms
	BeginReloadAssembly (236ms)
		ExecutionOrderSort (0ms)
		DisableScriptedObjects (9ms)
		BackupInstance (0ms)
		ReleaseScriptingObjects (0ms)
		CreateAndSetChildDomain (31ms)
	RebuildCommonClasses (57ms)
	RebuildNativeTypeToScriptingClass (20ms)
	initialDomainReloadingComplete (45ms)
	LoadAllAssembliesAndSetupDomain (217ms)
		LoadAssemblies (338ms)
		RebuildTransferFunctionScriptingTraits (0ms)
		AnalyzeDomain (29ms)
			TypeCache.Refresh (6ms)
				TypeCache.ScanAssembly (0ms)
			ScanForSourceGeneratedMonoScriptInfo (0ms)
			ResolveRequiredComponents (21ms)
	FinalizeReload (1525ms)
		ReleaseScriptCaches (0ms)
		RebuildScriptCaches (0ms)
		SetupLoadedEditorAssemblies (865ms)
			LogAssemblyErrors (0ms)
			InitializePlatformSupportModulesInManaged (11ms)
			SetLoadedEditorAssemblies (6ms)
			RefreshPlugins (0ms)
			BeforeProcessingInitializeOnLoad (91ms)
			ProcessInitializeOnLoadAttributes (644ms)
			ProcessInitializeOnLoadMethodAttributes (88ms)
			AfterProcessingInitializeOnLoad (25ms)
			EditorAssembliesLoaded (0ms)
		ExecutionOrderSort2 (0ms)
		AwakeInstancesAfterBackupRestoration (11ms)
Refreshing native plugins compatible for Editor in 10.57 ms, found 3 plugins.
Preloading 0 native plugins for Editor in 0.00 ms.
Unloading 1937 Unused Serialized files (Serialized files now loaded: 0)
Unloading 18 unused Assets / (1.9 MB). Loaded Objects now: 2855.
Memory consumption went from 115.5 MB to 113.6 MB.
Total: 12.258900 ms (FindLiveObjects: 0.312800 ms CreateObjectMapping: 0.284800 ms MarkObjects: 9.371900 ms  DeleteObjects: 2.286700 ms)

Prepare: number of updated asset objects reloaded= 0
AssetImportParameters requested are different than current active one (requested -> active):
  custom:video-decoder-webm-vp8: 9c59270c3fd7afecdb556c50c9e8de78 -> 
  custom:SearchIndexIgnoredProperties: e643bd26f0fe6173181afceb89e7c659 -> 
  custom:container-demuxer-ogg: 62fdf1f143b41e24485cea50d1cbac27 -> 
  custom:AudioImporter_EditorPlatform: d09bf68614088b80899f8185d706f6e7 -> 
  custom:video-decoder-ogg-theora: a1e56fd34408186e4bbccfd4996cb3dc -> 
  custom:framework-win-MediaFoundation: 216162199b28c13a410421893ffa2e32 -> 
  custom:video-encoder-webm-vp8: eb34c28f22e8b96e1ab97ce403110664 -> 
  custom:audio-decoder-ogg-vorbis: bf7c407c2cedff20999df2af8eb42d56 -> 
  custom:CustomObjectIndexerAttribute: 9a22284fe3817be447336de3de66b15e -> 
  custom:container-demuxer-webm: 4f35f7cbe854078d1ac9338744f61a02 -> 
  custom:audio-encoder-webm-vorbis: bf7c407c2cedff20999df2af8eb42d56 -> 
  custom:container-muxer-webm: aa71ff27fc2769a1b78a27578f13a17b -> 
========================================================================
Received Import Request.
  Time since last request: 78.866666 seconds.
  path: Assets/Scene_1/The prototype.unity
  artifactKey: Guid(cbaffd801325ea249aad7847dbcab493) Importer(815301076,1909f56bfc062723c751e8b465ee728b)
Start importing Assets/Scene_1/The prototype.unity using Guid(cbaffd801325ea249aad7847dbcab493) Importer(815301076,1909f56bfc062723c751e8b465ee728b) [PhysX] Initialized MultithreadedTaskDispatcher with 4 workers.
 -> (artifact id: '7673af08896783edec4e9396b76005a8') in 0.002483 seconds
Number of updated asset objects reloaded before import = 0
Number of asset objects unloaded after import = 0
========================================================================
Received Prepare
Caller must complete domain reload
Begin MonoManager ReloadAssembly
- Loaded All Assemblies, in  0.563 seconds
Native extension for WindowsStandalone target not found
Mono: successfully reloaded assembly
- Finished resetting the current domain, in  1.460 seconds
Domain Reload Profiling: 2020ms
	BeginReloadAssembly (223ms)
		ExecutionOrderSort (0ms)
		DisableScriptedObjects (8ms)
		BackupInstance (0ms)
		ReleaseScriptingObjects (0ms)
		CreateAndSetChildDomain (30ms)
	RebuildCommonClasses (53ms)
	RebuildNativeTypeToScriptingClass (20ms)
	initialDomainReloadingComplete (43ms)
	LoadAllAssembliesAndSetupDomain (219ms)
		LoadAssemblies (334ms)
		RebuildTransferFunctionScriptingTraits (0ms)
		AnalyzeDomain (23ms)
			TypeCache.Refresh (5ms)
				TypeCache.ScanAssembly (0ms)
			ScanForSourceGeneratedMonoScriptInfo (0ms)
			ResolveRequiredComponents (17ms)
	FinalizeReload (1461ms)
		ReleaseScriptCaches (0ms)
		RebuildScriptCaches (0ms)
		SetupLoadedEditorAssemblies (824ms)
			LogAssemblyErrors (0ms)
			InitializePlatformSupportModulesInManaged (12ms)
			SetLoadedEditorAssemblies (6ms)
			RefreshPlugins (0ms)
			BeforeProcessingInitializeOnLoad (97ms)
			ProcessInitializeOnLoadAttributes (604ms)
			ProcessInitializeOnLoadMethodAttributes (82ms)
			AfterProcessingInitializeOnLoad (22ms)
			EditorAssembliesLoaded (1ms)
		ExecutionOrderSort2 (0ms)
		AwakeInstancesAfterBackupRestoration (27ms)
Refreshing native plugins compatible for Editor in 9.86 ms, found 3 plugins.
Preloading 0 native plugins for Editor in 0.00 ms.
Unloading 1937 Unused Serialized files (Serialized files now loaded: 0)
Unloading 18 unused Assets / (1.9 MB). Loaded Objects now: 2870.
Memory consumption went from 115.5 MB to 113.6 MB.
Total: 25.830600 ms (FindLiveObjects: 0.356800 ms CreateObjectMapping: 0.474100 ms MarkObjects: 22.462200 ms  DeleteObjects: 2.534000 ms)

Prepare: number of updated asset objects reloaded= 0
AssetImportParameters requested are different than current active one (requested -> active):
  custom:video-decoder-webm-vp8: 9c59270c3fd7afecdb556c50c9e8de78 -> 
  custom:SearchIndexIgnoredProperties: e643bd26f0fe6173181afceb89e7c659 -> 
  custom:container-demuxer-ogg: 62fdf1f143b41e24485cea50d1cbac27 -> 
  custom:AudioImporter_EditorPlatform: d09bf68614088b80899f8185d706f6e7 -> 
  custom:video-decoder-ogg-theora: a1e56fd34408186e4bbccfd4996cb3dc -> 
  custom:framework-win-MediaFoundation: 216162199b28c13a410421893ffa2e32 -> 
  custom:video-encoder-webm-vp8: eb34c28f22e8b96e1ab97ce403110664 -> 
  custom:audio-decoder-ogg-vorbis: bf7c407c2cedff20999df2af8eb42d56 -> 
  custom:CustomObjectIndexerAttribute: 9a22284fe3817be447336de3de66b15e -> 
  custom:container-demuxer-webm: 4f35f7cbe854078d1ac9338744f61a02 -> 
  custom:audio-encoder-webm-vorbis: bf7c407c2cedff20999df2af8eb42d56 -> 
  custom:container-muxer-webm: aa71ff27fc2769a1b78a27578f13a17b -> 
========================================================================
Received Import Request.
  Time since last request: 107.294957 seconds.
  path: Assets/Scene_1/The prototype.unity
  artifactKey: Guid(cbaffd801325ea249aad7847dbcab493) Importer(815301076,1909f56bfc062723c751e8b465ee728b)
Start importing Assets/Scene_1/The prototype.unity using Guid(cbaffd801325ea249aad7847dbcab493) Importer(815301076,1909f56bfc062723c751e8b465ee728b) [PhysX] Initialized MultithreadedTaskDispatcher with 4 workers.
 -> (artifact id: 'ed69f414f0e4f0093e1e56cc9c89461c') in 0.003107 seconds
Number of updated asset objects reloaded before import = 0
Number of asset objects unloaded after import = 0
========================================================================
Received Import Request.
  Time since last request: 132.014053 seconds.
  path: Assets/AutoSaveSystem/AutoSaveIconPrefab/SaveCanvas.prefab
  artifactKey: Guid(335b22eeaf17e6a49a0f7b9989401b0b) Importer(815301076,1909f56bfc062723c751e8b465ee728b)
Start importing Assets/AutoSaveSystem/AutoSaveIconPrefab/SaveCanvas.prefab using Guid(335b22eeaf17e6a49a0f7b9989401b0b) Importer(815301076,1909f56bfc062723c751e8b465ee728b) [PhysX] Initialized MultithreadedTaskDispatcher with 4 workers.
 -> (artifact id: '46750e7095af546b31b38acfdad0fad0') in 0.086868 seconds
Number of updated asset objects reloaded before import = 0
Number of asset objects unloaded after import = 27
========================================================================
Received Import Request.
  Time since last request: 5.851617 seconds.
  path: Assets/Scene_1/The prototype.unity
  artifactKey: Guid(cbaffd801325ea249aad7847dbcab493) Importer(815301076,1909f56bfc062723c751e8b465ee728b)
Start importing Assets/Scene_1/The prototype.unity using Guid(cbaffd801325ea249aad7847dbcab493) Importer(815301076,1909f56bfc062723c751e8b465ee728b) [PhysX] Initialized MultithreadedTaskDispatcher with 4 workers.
 -> (artifact id: '22a127106fa457676c1b73aa9cd3443f') in 0.001492 seconds
Number of updated asset objects reloaded before import = 0
Number of asset objects unloaded after import = 0
========================================================================
Received Prepare
Caller must complete domain reload
Begin MonoManager ReloadAssembly
- Loaded All Assemblies, in  0.561 seconds
Native extension for WindowsStandalone target not found
Mono: successfully reloaded assembly
- Finished resetting the current domain, in  1.518 seconds
Domain Reload Profiling: 2077ms
	BeginReloadAssembly (229ms)
		ExecutionOrderSort (0ms)
		DisableScriptedObjects (7ms)
		BackupInstance (0ms)
		ReleaseScriptingObjects (0ms)
		CreateAndSetChildDomain (31ms)
	RebuildCommonClasses (64ms)
	RebuildNativeTypeToScriptingClass (21ms)
	initialDomainReloadingComplete (39ms)
	LoadAllAssembliesAndSetupDomain (204ms)
		LoadAssemblies (329ms)
		RebuildTransferFunctionScriptingTraits (0ms)
		AnalyzeDomain (20ms)
			TypeCache.Refresh (5ms)
				TypeCache.ScanAssembly (0ms)
			ScanForSourceGeneratedMonoScriptInfo (0ms)
			ResolveRequiredComponents (14ms)
	FinalizeReload (1519ms)
		ReleaseScriptCaches (0ms)
		RebuildScriptCaches (0ms)
		SetupLoadedEditorAssemblies (893ms)
			LogAssemblyErrors (0ms)
			InitializePlatformSupportModulesInManaged (10ms)
			SetLoadedEditorAssemblies (7ms)
			RefreshPlugins (0ms)
			BeforeProcessingInitializeOnLoad (96ms)
			ProcessInitializeOnLoadAttributes (668ms)
			ProcessInitializeOnLoadMethodAttributes (91ms)
			AfterProcessingInitializeOnLoad (21ms)
			EditorAssembliesLoaded (0ms)
		ExecutionOrderSort2 (0ms)
		AwakeInstancesAfterBackupRestoration (20ms)
Refreshing native plugins compatible for Editor in 2.96 ms, found 3 plugins.
Preloading 0 native plugins for Editor in 0.00 ms.
Unloading 1937 Unused Serialized files (Serialized files now loaded: 0)
Unloading 18 unused Assets / (1.9 MB). Loaded Objects now: 2885.
Memory consumption went from 115.5 MB to 113.6 MB.
Total: 10.297500 ms (FindLiveObjects: 0.650200 ms CreateObjectMapping: 1.408400 ms MarkObjects: 7.539400 ms  DeleteObjects: 0.695000 ms)

Prepare: number of updated asset objects reloaded= 0
AssetImportParameters requested are different than current active one (requested -> active):
  custom:video-decoder-webm-vp8: 9c59270c3fd7afecdb556c50c9e8de78 -> 
  custom:SearchIndexIgnoredProperties: e643bd26f0fe6173181afceb89e7c659 -> 
  custom:container-demuxer-ogg: 62fdf1f143b41e24485cea50d1cbac27 -> 
  custom:AudioImporter_EditorPlatform: d09bf68614088b80899f8185d706f6e7 -> 
  custom:video-decoder-ogg-theora: a1e56fd34408186e4bbccfd4996cb3dc -> 
  custom:framework-win-MediaFoundation: 216162199b28c13a410421893ffa2e32 -> 
  custom:video-encoder-webm-vp8: eb34c28f22e8b96e1ab97ce403110664 -> 
  custom:audio-decoder-ogg-vorbis: bf7c407c2cedff20999df2af8eb42d56 -> 
  custom:CustomObjectIndexerAttribute: 9a22284fe3817be447336de3de66b15e -> 
  custom:container-demuxer-webm: 4f35f7cbe854078d1ac9338744f61a02 -> 
  custom:audio-encoder-webm-vorbis: bf7c407c2cedff20999df2af8eb42d56 -> 
  custom:container-muxer-webm: aa71ff27fc2769a1b78a27578f13a17b -> 
========================================================================
Received Prepare
Caller must complete domain reload
Begin MonoManager ReloadAssembly
- Loaded All Assemblies, in  0.542 seconds
Native extension for WindowsStandalone target not found
Mono: successfully reloaded assembly
- Finished resetting the current domain, in  1.104 seconds
Domain Reload Profiling: 1641ms
	BeginReloadAssembly (225ms)
		ExecutionOrderSort (0ms)
		DisableScriptedObjects (10ms)
		BackupInstance (0ms)
		ReleaseScriptingObjects (0ms)
		CreateAndSetChildDomain (30ms)
	RebuildCommonClasses (55ms)
	RebuildNativeTypeToScriptingClass (19ms)
	initialDomainReloadingComplete (43ms)
	LoadAllAssembliesAndSetupDomain (195ms)
		LoadAssemblies (310ms)
		RebuildTransferFunctionScriptingTraits (0ms)
		AnalyzeDomain (21ms)
			TypeCache.Refresh (5ms)
				TypeCache.ScanAssembly (0ms)
			ScanForSourceGeneratedMonoScriptInfo (0ms)
			ResolveRequiredComponents (15ms)
	FinalizeReload (1105ms)
		ReleaseScriptCaches (0ms)
		RebuildScriptCaches (0ms)
		SetupLoadedEditorAssemblies (540ms)
			LogAssemblyErrors (0ms)
			InitializePlatformSupportModulesInManaged (14ms)
			SetLoadedEditorAssemblies (12ms)
			RefreshPlugins (0ms)
			BeforeProcessingInitializeOnLoad (102ms)
			ProcessInitializeOnLoadAttributes (361ms)
			ProcessInitializeOnLoadMethodAttributes (34ms)
			AfterProcessingInitializeOnLoad (17ms)
			EditorAssembliesLoaded (0ms)
		ExecutionOrderSort2 (0ms)
		AwakeInstancesAfterBackupRestoration (10ms)
Refreshing native plugins compatible for Editor in 9.94 ms, found 3 plugins.
Preloading 0 native plugins for Editor in 0.00 ms.
Unloading 1938 Unused Serialized files (Serialized files now loaded: 0)
Unloading 18 unused Assets / (1.9 MB). Loaded Objects now: 2900.
Memory consumption went from 115.8 MB to 113.9 MB.
Total: 13.773600 ms (FindLiveObjects: 0.666400 ms CreateObjectMapping: 1.162000 ms MarkObjects: 9.792000 ms  DeleteObjects: 2.148200 ms)

Prepare: number of updated asset objects reloaded= 0
AssetImportParameters requested are different than current active one (requested -> active):
  custom:video-decoder-webm-vp8: 9c59270c3fd7afecdb556c50c9e8de78 -> 
  custom:SearchIndexIgnoredProperties: e643bd26f0fe6173181afceb89e7c659 -> 
  custom:container-demuxer-ogg: 62fdf1f143b41e24485cea50d1cbac27 -> 
  custom:AudioImporter_EditorPlatform: d09bf68614088b80899f8185d706f6e7 -> 
  custom:video-decoder-ogg-theora: a1e56fd34408186e4bbccfd4996cb3dc -> 
  custom:framework-win-MediaFoundation: 216162199b28c13a410421893ffa2e32 -> 
  custom:video-encoder-webm-vp8: eb34c28f22e8b96e1ab97ce403110664 -> 
  custom:audio-decoder-ogg-vorbis: bf7c407c2cedff20999df2af8eb42d56 -> 
  custom:CustomObjectIndexerAttribute: 9a22284fe3817be447336de3de66b15e -> 
  custom:container-demuxer-webm: 4f35f7cbe854078d1ac9338744f61a02 -> 
  custom:audio-encoder-webm-vorbis: bf7c407c2cedff20999df2af8eb42d56 -> 
  custom:container-muxer-webm: aa71ff27fc2769a1b78a27578f13a17b -> 
========================================================================
Received Import Request.
  Time since last request: 113.692229 seconds.
  path: Assets/Scene_1/The prototype.unity
  artifactKey: Guid(cbaffd801325ea249aad7847dbcab493) Importer(815301076,1909f56bfc062723c751e8b465ee728b)
Start importing Assets/Scene_1/The prototype.unity using Guid(cbaffd801325ea249aad7847dbcab493) Importer(815301076,1909f56bfc062723c751e8b465ee728b) [PhysX] Initialized MultithreadedTaskDispatcher with 4 workers.
 -> (artifact id: '65c6c468fa568d2edafd23e0c0d7ab02') in 0.002872 seconds
Number of updated asset objects reloaded before import = 0
Number of asset objects unloaded after import = 0
========================================================================
Received Prepare
Caller must complete domain reload
Begin MonoManager ReloadAssembly
- Loaded All Assemblies, in  0.551 seconds
Native extension for WindowsStandalone target not found
Mono: successfully reloaded assembly
- Finished resetting the current domain, in  1.319 seconds
Domain Reload Profiling: 1866ms
	BeginReloadAssembly (215ms)
		ExecutionOrderSort (0ms)
		DisableScriptedObjects (7ms)
		BackupInstance (0ms)
		ReleaseScriptingObjects (0ms)
		CreateAndSetChildDomain (28ms)
	RebuildCommonClasses (59ms)
	RebuildNativeTypeToScriptingClass (20ms)
	initialDomainReloadingComplete (52ms)
	LoadAllAssembliesAndSetupDomain (200ms)
		LoadAssemblies (300ms)
		RebuildTransferFunctionScriptingTraits (0ms)
		AnalyzeDomain (27ms)
			TypeCache.Refresh (4ms)
				TypeCache.ScanAssembly (0ms)
			ScanForSourceGeneratedMonoScriptInfo (0ms)
			ResolveRequiredComponents (22ms)
	FinalizeReload (1320ms)
		ReleaseScriptCaches (0ms)
		RebuildScriptCaches (0ms)
		SetupLoadedEditorAssemblies (675ms)
			LogAssemblyErrors (0ms)
			InitializePlatformSupportModulesInManaged (11ms)
			SetLoadedEditorAssemblies (9ms)
			RefreshPlugins (0ms)
			BeforeProcessingInitializeOnLoad (90ms)
			ProcessInitializeOnLoadAttributes (431ms)
			ProcessInitializeOnLoadMethodAttributes (81ms)
			AfterProcessingInitializeOnLoad (54ms)
			EditorAssembliesLoaded (1ms)
		ExecutionOrderSort2 (0ms)
		AwakeInstancesAfterBackupRestoration (21ms)
Refreshing native plugins compatible for Editor in 5.06 ms, found 3 plugins.
Preloading 0 native plugins for Editor in 0.00 ms.
Unloading 1937 Unused Serialized files (Serialized files now loaded: 0)
Unloading 18 unused Assets / (1.9 MB). Loaded Objects now: 2915.
Memory consumption went from 115.5 MB to 113.6 MB.
Total: 10.516800 ms (FindLiveObjects: 0.820000 ms CreateObjectMapping: 0.678900 ms MarkObjects: 7.234900 ms  DeleteObjects: 1.780900 ms)

Prepare: number of updated asset objects reloaded= 0
AssetImportParameters requested are different than current active one (requested -> active):
  custom:video-decoder-webm-vp8: 9c59270c3fd7afecdb556c50c9e8de78 -> 
  custom:SearchIndexIgnoredProperties: e643bd26f0fe6173181afceb89e7c659 -> 
  custom:container-demuxer-ogg: 62fdf1f143b41e24485cea50d1cbac27 -> 
  custom:AudioImporter_EditorPlatform: d09bf68614088b80899f8185d706f6e7 -> 
  custom:video-decoder-ogg-theora: a1e56fd34408186e4bbccfd4996cb3dc -> 
  custom:framework-win-MediaFoundation: 216162199b28c13a410421893ffa2e32 -> 
  custom:video-encoder-webm-vp8: eb34c28f22e8b96e1ab97ce403110664 -> 
  custom:audio-decoder-ogg-vorbis: bf7c407c2cedff20999df2af8eb42d56 -> 
  custom:CustomObjectIndexerAttribute: 9a22284fe3817be447336de3de66b15e -> 
  custom:container-demuxer-webm: 4f35f7cbe854078d1ac9338744f61a02 -> 
  custom:audio-encoder-webm-vorbis: bf7c407c2cedff20999df2af8eb42d56 -> 
  custom:container-muxer-webm: aa71ff27fc2769a1b78a27578f13a17b -> 
========================================================================
Received Prepare
Caller must complete domain reload
Begin MonoManager ReloadAssembly
- Loaded All Assemblies, in  0.571 seconds
Native extension for WindowsStandalone target not found
Mono: successfully reloaded assembly
- Finished resetting the current domain, in  1.380 seconds
Domain Reload Profiling: 1948ms
	BeginReloadAssembly (227ms)
		ExecutionOrderSort (0ms)
		DisableScriptedObjects (8ms)
		BackupInstance (0ms)
		ReleaseScriptingObjects (0ms)
		CreateAndSetChildDomain (26ms)
	RebuildCommonClasses (63ms)
	RebuildNativeTypeToScriptingClass (22ms)
	initialDomainReloadingComplete (43ms)
	LoadAllAssembliesAndSetupDomain (212ms)
		LoadAssemblies (328ms)
		RebuildTransferFunctionScriptingTraits (0ms)
		AnalyzeDomain (23ms)
			TypeCache.Refresh (5ms)
				TypeCache.ScanAssembly (0ms)
			ScanForSourceGeneratedMonoScriptInfo (0ms)
			ResolveRequiredComponents (16ms)
	FinalizeReload (1381ms)
		ReleaseScriptCaches (0ms)
		RebuildScriptCaches (0ms)
		SetupLoadedEditorAssemblies (752ms)
			LogAssemblyErrors (0ms)
			InitializePlatformSupportModulesInManaged (11ms)
			SetLoadedEditorAssemblies (7ms)
			RefreshPlugins (0ms)
			BeforeProcessingInitializeOnLoad (97ms)
			ProcessInitializeOnLoadAttributes (535ms)
			ProcessInitializeOnLoadMethodAttributes (79ms)
			AfterProcessingInitializeOnLoad (23ms)
			EditorAssembliesLoaded (0ms)
		ExecutionOrderSort2 (0ms)
		AwakeInstancesAfterBackupRestoration (17ms)
Refreshing native plugins compatible for Editor in 5.13 ms, found 3 plugins.
Preloading 0 native plugins for Editor in 0.00 ms.
Unloading 1938 Unused Serialized files (Serialized files now loaded: 0)
Unloading 18 unused Assets / (1.9 MB). Loaded Objects now: 2930.
Memory consumption went from 115.8 MB to 113.9 MB.
Total: 14.774800 ms (FindLiveObjects: 0.466600 ms CreateObjectMapping: 0.335200 ms MarkObjects: 12.235300 ms  DeleteObjects: 1.733300 ms)

Prepare: number of updated asset objects reloaded= 0
AssetImportParameters requested are different than current active one (requested -> active):
  custom:video-decoder-webm-vp8: 9c59270c3fd7afecdb556c50c9e8de78 -> 
  custom:SearchIndexIgnoredProperties: e643bd26f0fe6173181afceb89e7c659 -> 
  custom:container-demuxer-ogg: 62fdf1f143b41e24485cea50d1cbac27 -> 
  custom:AudioImporter_EditorPlatform: d09bf68614088b80899f8185d706f6e7 -> 
  custom:video-decoder-ogg-theora: a1e56fd34408186e4bbccfd4996cb3dc -> 
  custom:framework-win-MediaFoundation: 216162199b28c13a410421893ffa2e32 -> 
  custom:video-encoder-webm-vp8: eb34c28f22e8b96e1ab97ce403110664 -> 
  custom:audio-decoder-ogg-vorbis: bf7c407c2cedff20999df2af8eb42d56 -> 
  custom:CustomObjectIndexerAttribute: 9a22284fe3817be447336de3de66b15e -> 
  custom:container-demuxer-webm: 4f35f7cbe854078d1ac9338744f61a02 -> 
  custom:audio-encoder-webm-vorbis: bf7c407c2cedff20999df2af8eb42d56 -> 
  custom:container-muxer-webm: aa71ff27fc2769a1b78a27578f13a17b -> 
========================================================================
Received Import Request.
  Time since last request: 87.866892 seconds.
  path: Assets/Main Menu/MainMenuScene.unity
  artifactKey: Guid(39bd5324feb062c449d2b28407c0e7b1) Importer(815301076,1909f56bfc062723c751e8b465ee728b)
Start importing Assets/Main Menu/MainMenuScene.unity using Guid(39bd5324feb062c449d2b28407c0e7b1) Importer(815301076,1909f56bfc062723c751e8b465ee728b) [PhysX] Initialized MultithreadedTaskDispatcher with 4 workers.
 -> (artifact id: '01e23b1dc1f23a7ac9d16fd4be52cbc8') in 0.002748 seconds
Number of updated asset objects reloaded before import = 0
Number of asset objects unloaded after import = 0
========================================================================
Received Prepare
Caller must complete domain reload
Begin MonoManager ReloadAssembly
- Loaded All Assemblies, in  0.557 seconds
Native extension for WindowsStandalone target not found
Mono: successfully reloaded assembly
- Finished resetting the current domain, in  1.455 seconds
Domain Reload Profiling: 2008ms
	BeginReloadAssembly (227ms)
		ExecutionOrderSort (0ms)
		DisableScriptedObjects (10ms)
		BackupInstance (0ms)
		ReleaseScriptingObjects (0ms)
		CreateAndSetChildDomain (28ms)
	RebuildCommonClasses (55ms)
	RebuildNativeTypeToScriptingClass (22ms)
	initialDomainReloadingComplete (41ms)
	LoadAllAssembliesAndSetupDomain (208ms)
		LoadAssemblies (324ms)
		RebuildTransferFunctionScriptingTraits (0ms)
		AnalyzeDomain (21ms)
			TypeCache.Refresh (5ms)
				TypeCache.ScanAssembly (0ms)
			ScanForSourceGeneratedMonoScriptInfo (0ms)
			ResolveRequiredComponents (15ms)
	FinalizeReload (1456ms)
		ReleaseScriptCaches (0ms)
		RebuildScriptCaches (0ms)
		SetupLoadedEditorAssemblies (837ms)
			LogAssemblyErrors (0ms)
			InitializePlatformSupportModulesInManaged (11ms)
			SetLoadedEditorAssemblies (7ms)
			RefreshPlugins (0ms)
			BeforeProcessingInitializeOnLoad (97ms)
			ProcessInitializeOnLoadAttributes (629ms)
			ProcessInitializeOnLoadMethodAttributes (71ms)
			AfterProcessingInitializeOnLoad (22ms)
			EditorAssembliesLoaded (0ms)
		ExecutionOrderSort2 (0ms)
		AwakeInstancesAfterBackupRestoration (20ms)
Refreshing native plugins compatible for Editor in 12.20 ms, found 3 plugins.
Preloading 0 native plugins for Editor in 0.00 ms.
Unloading 1937 Unused Serialized files (Serialized files now loaded: 0)
Unloading 18 unused Assets / (1.9 MB). Loaded Objects now: 2945.
Memory consumption went from 115.5 MB to 113.7 MB.
Total: 13.473600 ms (FindLiveObjects: 1.213500 ms CreateObjectMapping: 1.102500 ms MarkObjects: 8.876400 ms  DeleteObjects: 2.278600 ms)

Prepare: number of updated asset objects reloaded= 0
AssetImportParameters requested are different than current active one (requested -> active):
  custom:video-decoder-webm-vp8: 9c59270c3fd7afecdb556c50c9e8de78 -> 
  custom:SearchIndexIgnoredProperties: e643bd26f0fe6173181afceb89e7c659 -> 
  custom:container-demuxer-ogg: 62fdf1f143b41e24485cea50d1cbac27 -> 
  custom:AudioImporter_EditorPlatform: d09bf68614088b80899f8185d706f6e7 -> 
  custom:video-decoder-ogg-theora: a1e56fd34408186e4bbccfd4996cb3dc -> 
  custom:framework-win-MediaFoundation: 216162199b28c13a410421893ffa2e32 -> 
  custom:video-encoder-webm-vp8: eb34c28f22e8b96e1ab97ce403110664 -> 
  custom:audio-decoder-ogg-vorbis: bf7c407c2cedff20999df2af8eb42d56 -> 
  custom:CustomObjectIndexerAttribute: 9a22284fe3817be447336de3de66b15e -> 
  custom:container-demuxer-webm: 4f35f7cbe854078d1ac9338744f61a02 -> 
  custom:audio-encoder-webm-vorbis: bf7c407c2cedff20999df2af8eb42d56 -> 
  custom:container-muxer-webm: aa71ff27fc2769a1b78a27578f13a17b -> 
========================================================================
Received Import Request.
  Time since last request: 97.049621 seconds.
  path: Assets/AutoSaveSystem/AutoSaveIconPrefab/SaveCanvas.prefab
  artifactKey: Guid(335b22eeaf17e6a49a0f7b9989401b0b) Importer(815301076,1909f56bfc062723c751e8b465ee728b)
Start importing Assets/AutoSaveSystem/AutoSaveIconPrefab/SaveCanvas.prefab using Guid(335b22eeaf17e6a49a0f7b9989401b0b) Importer(815301076,1909f56bfc062723c751e8b465ee728b) [PhysX] Initialized MultithreadedTaskDispatcher with 4 workers.
 -> (artifact id: '3082846c25ef38b7911d4af65417c6a6') in 0.088902 seconds
Number of updated asset objects reloaded before import = 0
Number of asset objects unloaded after import = 27
========================================================================
Received Import Request.
  Time since last request: 14.889195 seconds.
  path: Assets/Scene_1/The prototype.unity
  artifactKey: Guid(cbaffd801325ea249aad7847dbcab493) Importer(815301076,1909f56bfc062723c751e8b465ee728b)
Start importing Assets/Scene_1/The prototype.unity using Guid(cbaffd801325ea249aad7847dbcab493) Importer(815301076,1909f56bfc062723c751e8b465ee728b) [PhysX] Initialized MultithreadedTaskDispatcher with 4 workers.
 -> (artifact id: 'e4cdeaa33d9f1901c559ec5d43fbccd2') in 0.001027 seconds
Number of updated asset objects reloaded before import = 0
Number of asset objects unloaded after import = 0
========================================================================
Received Import Request.
  Time since last request: 27.568356 seconds.
  path: Assets/Main Menu/MainMenuScene.unity
  artifactKey: Guid(39bd5324feb062c449d2b28407c0e7b1) Importer(815301076,1909f56bfc062723c751e8b465ee728b)
Start importing Assets/Main Menu/MainMenuScene.unity using Guid(39bd5324feb062c449d2b28407c0e7b1) Importer(815301076,1909f56bfc062723c751e8b465ee728b) [PhysX] Initialized MultithreadedTaskDispatcher with 4 workers.
 -> (artifact id: '2d14a43b61b6c4498a86a8143649e0e8') in 0.001225 seconds
Number of updated asset objects reloaded before import = 0
Number of asset objects unloaded after import = 0
========================================================================
Received Prepare
Caller must complete domain reload
Begin MonoManager ReloadAssembly
- Loaded All Assemblies, in  0.551 seconds
Native extension for WindowsStandalone target not found
Mono: successfully reloaded assembly
- Finished resetting the current domain, in  1.555 seconds
Domain Reload Profiling: 2102ms
	BeginReloadAssembly (221ms)
		ExecutionOrderSort (0ms)
		DisableScriptedObjects (13ms)
		BackupInstance (0ms)
		ReleaseScriptingObjects (0ms)
		CreateAndSetChildDomain (31ms)
	RebuildCommonClasses (56ms)
	RebuildNativeTypeToScriptingClass (17ms)
	initialDomainReloadingComplete (42ms)
	LoadAllAssembliesAndSetupDomain (211ms)
		LoadAssemblies (319ms)
		RebuildTransferFunctionScriptingTraits (0ms)
		AnalyzeDomain (20ms)
			TypeCache.Refresh (5ms)
				TypeCache.ScanAssembly (0ms)
			ScanForSourceGeneratedMonoScriptInfo (0ms)
			ResolveRequiredComponents (13ms)
	FinalizeReload (1555ms)
		ReleaseScriptCaches (0ms)
		RebuildScriptCaches (0ms)
		SetupLoadedEditorAssemblies (899ms)
			LogAssemblyErrors (0ms)
			InitializePlatformSupportModulesInManaged (11ms)
			SetLoadedEditorAssemblies (8ms)
			RefreshPlugins (0ms)
			BeforeProcessingInitializeOnLoad (103ms)
			ProcessInitializeOnLoadAttributes (672ms)
			ProcessInitializeOnLoadMethodAttributes (72ms)
			AfterProcessingInitializeOnLoad (33ms)
			EditorAssembliesLoaded (0ms)
		ExecutionOrderSort2 (0ms)
		AwakeInstancesAfterBackupRestoration (19ms)
Refreshing native plugins compatible for Editor in 9.91 ms, found 3 plugins.
Preloading 0 native plugins for Editor in 0.00 ms.
Unloading 1937 Unused Serialized files (Serialized files now loaded: 0)
Unloading 18 unused Assets / (1.9 MB). Loaded Objects now: 2960.
Memory consumption went from 115.6 MB to 113.7 MB.
Total: 16.448500 ms (FindLiveObjects: 0.357200 ms CreateObjectMapping: 0.352600 ms MarkObjects: 15.142600 ms  DeleteObjects: 0.594400 ms)

Prepare: number of updated asset objects reloaded= 0
AssetImportParameters requested are different than current active one (requested -> active):
  custom:video-decoder-webm-vp8: 9c59270c3fd7afecdb556c50c9e8de78 -> 
  custom:SearchIndexIgnoredProperties: e643bd26f0fe6173181afceb89e7c659 -> 
  custom:container-demuxer-ogg: 62fdf1f143b41e24485cea50d1cbac27 -> 
  custom:AudioImporter_EditorPlatform: d09bf68614088b80899f8185d706f6e7 -> 
  custom:video-decoder-ogg-theora: a1e56fd34408186e4bbccfd4996cb3dc -> 
  custom:framework-win-MediaFoundation: 216162199b28c13a410421893ffa2e32 -> 
  custom:video-encoder-webm-vp8: eb34c28f22e8b96e1ab97ce403110664 -> 
  custom:audio-decoder-ogg-vorbis: bf7c407c2cedff20999df2af8eb42d56 -> 
  custom:CustomObjectIndexerAttribute: 9a22284fe3817be447336de3de66b15e -> 
  custom:container-demuxer-webm: 4f35f7cbe854078d1ac9338744f61a02 -> 
  custom:audio-encoder-webm-vorbis: bf7c407c2cedff20999df2af8eb42d56 -> 
  custom:container-muxer-webm: aa71ff27fc2769a1b78a27578f13a17b -> 
========================================================================
Received Import Request.
  Time since last request: 105.326646 seconds.
  path: Assets/Scene_1/The prototype.unity
  artifactKey: Guid(cbaffd801325ea249aad7847dbcab493) Importer(815301076,1909f56bfc062723c751e8b465ee728b)
Start importing Assets/Scene_1/The prototype.unity using Guid(cbaffd801325ea249aad7847dbcab493) Importer(815301076,1909f56bfc062723c751e8b465ee728b) [PhysX] Initialized MultithreadedTaskDispatcher with 4 workers.
 -> (artifact id: '5ea37811b5f483fb70bdfa115222e317') in 0.003083 seconds
Number of updated asset objects reloaded before import = 0
Number of asset objects unloaded after import = 0
========================================================================
Received Prepare
Caller must complete domain reload
Begin MonoManager ReloadAssembly
- Loaded All Assemblies, in  0.598 seconds
Native extension for WindowsStandalone target not found
Mono: successfully reloaded assembly
- Finished resetting the current domain, in  1.901 seconds
Domain Reload Profiling: 2494ms
	BeginReloadAssembly (248ms)
		ExecutionOrderSort (0ms)
		DisableScriptedObjects (8ms)
		BackupInstance (0ms)
		ReleaseScriptingObjects (0ms)
		CreateAndSetChildDomain (31ms)
	RebuildCommonClasses (67ms)
	RebuildNativeTypeToScriptingClass (19ms)
	initialDomainReloadingComplete (44ms)
	LoadAllAssembliesAndSetupDomain (216ms)
		LoadAssemblies (330ms)
		RebuildTransferFunctionScriptingTraits (0ms)
		AnalyzeDomain (20ms)
			TypeCache.Refresh (5ms)
				TypeCache.ScanAssembly (0ms)
			ScanForSourceGeneratedMonoScriptInfo (0ms)
			ResolveRequiredComponents (14ms)
	FinalizeReload (1902ms)
		ReleaseScriptCaches (0ms)
		RebuildScriptCaches (0ms)
		SetupLoadedEditorAssemblies (1119ms)
			LogAssemblyErrors (0ms)
			InitializePlatformSupportModulesInManaged (12ms)
			SetLoadedEditorAssemblies (5ms)
			RefreshPlugins (0ms)
			BeforeProcessingInitializeOnLoad (83ms)
			ProcessInitializeOnLoadAttributes (912ms)
			ProcessInitializeOnLoadMethodAttributes (79ms)
			AfterProcessingInitializeOnLoad (27ms)
			EditorAssembliesLoaded (0ms)
		ExecutionOrderSort2 (0ms)
		AwakeInstancesAfterBackupRestoration (32ms)
Refreshing native plugins compatible for Editor in 8.07 ms, found 3 plugins.
Preloading 0 native plugins for Editor in 0.00 ms.
Unloading 1937 Unused Serialized files (Serialized files now loaded: 0)
Unloading 18 unused Assets / (1.9 MB). Loaded Objects now: 2975.
Memory consumption went from 115.6 MB to 113.7 MB.
Total: 19.369300 ms (FindLiveObjects: 0.330300 ms CreateObjectMapping: 0.203200 ms MarkObjects: 14.833200 ms  DeleteObjects: 4.000300 ms)

Prepare: number of updated asset objects reloaded= 0
AssetImportParameters requested are different than current active one (requested -> active):
  custom:video-decoder-webm-vp8: 9c59270c3fd7afecdb556c50c9e8de78 -> 
  custom:SearchIndexIgnoredProperties: e643bd26f0fe6173181afceb89e7c659 -> 
  custom:container-demuxer-ogg: 62fdf1f143b41e24485cea50d1cbac27 -> 
  custom:AudioImporter_EditorPlatform: d09bf68614088b80899f8185d706f6e7 -> 
  custom:video-decoder-ogg-theora: a1e56fd34408186e4bbccfd4996cb3dc -> 
  custom:framework-win-MediaFoundation: 216162199b28c13a410421893ffa2e32 -> 
  custom:video-encoder-webm-vp8: eb34c28f22e8b96e1ab97ce403110664 -> 
  custom:audio-decoder-ogg-vorbis: bf7c407c2cedff20999df2af8eb42d56 -> 
  custom:CustomObjectIndexerAttribute: 9a22284fe3817be447336de3de66b15e -> 
  custom:container-demuxer-webm: 4f35f7cbe854078d1ac9338744f61a02 -> 
  custom:audio-encoder-webm-vorbis: bf7c407c2cedff20999df2af8eb42d56 -> 
  custom:container-muxer-webm: aa71ff27fc2769a1b78a27578f13a17b -> 
========================================================================
Received Import Request.
  Time since last request: 360.750191 seconds.
  path: Assets/AutoSaveSystem/AutoSaveIconPrefab/SaveCanvas.prefab
  artifactKey: Guid(335b22eeaf17e6a49a0f7b9989401b0b) Importer(815301076,1909f56bfc062723c751e8b465ee728b)
Start importing Assets/AutoSaveSystem/AutoSaveIconPrefab/SaveCanvas.prefab using Guid(335b22eeaf17e6a49a0f7b9989401b0b) Importer(815301076,1909f56bfc062723c751e8b465ee728b) [PhysX] Initialized MultithreadedTaskDispatcher with 4 workers.
 -> (artifact id: '6a1629f88f5835cc0cf118988c18ca5a') in 0.088994 seconds
Number of updated asset objects reloaded before import = 0
Number of asset objects unloaded after import = 27
========================================================================
Received Import Request.
  Time since last request: 12.685236 seconds.
  path: Assets/Scene_1/The prototype.unity
  artifactKey: Guid(cbaffd801325ea249aad7847dbcab493) Importer(815301076,1909f56bfc062723c751e8b465ee728b)
Start importing Assets/Scene_1/The prototype.unity using Guid(cbaffd801325ea249aad7847dbcab493) Importer(815301076,1909f56bfc062723c751e8b465ee728b) [PhysX] Initialized MultithreadedTaskDispatcher with 4 workers.
 -> (artifact id: 'a9b8acbcd7b0b451caf391b8376f833f') in 0.000985 seconds
Number of updated asset objects reloaded before import = 0
Number of asset objects unloaded after import = 0
========================================================================
Received Import Request.
  Time since last request: 34.146524 seconds.
  path: Assets/Main Menu/MainMenuScene.unity
  artifactKey: Guid(39bd5324feb062c449d2b28407c0e7b1) Importer(815301076,1909f56bfc062723c751e8b465ee728b)
Start importing Assets/Main Menu/MainMenuScene.unity using Guid(39bd5324feb062c449d2b28407c0e7b1) Importer(815301076,1909f56bfc062723c751e8b465ee728b) [PhysX] Initialized MultithreadedTaskDispatcher with 4 workers.
 -> (artifact id: '04268e82f229499c7f54dbbba096daa4') in 0.000830 seconds
Number of updated asset objects reloaded before import = 0
Number of asset objects unloaded after import = 0
========================================================================
Received Prepare
Caller must complete domain reload
Begin MonoManager ReloadAssembly
- Loaded All Assemblies, in  0.537 seconds
Native extension for WindowsStandalone target not found
Mono: successfully reloaded assembly
- Finished resetting the current domain, in  1.639 seconds
Domain Reload Profiling: 2172ms
	BeginReloadAssembly (206ms)
		ExecutionOrderSort (0ms)
		DisableScriptedObjects (7ms)
		BackupInstance (0ms)
		ReleaseScriptingObjects (0ms)
		CreateAndSetChildDomain (29ms)
	RebuildCommonClasses (53ms)
	RebuildNativeTypeToScriptingClass (22ms)
	initialDomainReloadingComplete (48ms)
	LoadAllAssembliesAndSetupDomain (204ms)
		LoadAssemblies (309ms)
		RebuildTransferFunctionScriptingTraits (0ms)
		AnalyzeDomain (19ms)
			TypeCache.Refresh (4ms)
				TypeCache.ScanAssembly (0ms)
			ScanForSourceGeneratedMonoScriptInfo (0ms)
			ResolveRequiredComponents (14ms)
	FinalizeReload (1639ms)
		ReleaseScriptCaches (0ms)
		RebuildScriptCaches (0ms)
		SetupLoadedEditorAssemblies (993ms)
			LogAssemblyErrors (0ms)
			InitializePlatformSupportModulesInManaged (9ms)
			SetLoadedEditorAssemblies (7ms)
			RefreshPlugins (0ms)
			BeforeProcessingInitializeOnLoad (104ms)
			ProcessInitializeOnLoadAttributes (716ms)
			ProcessInitializeOnLoadMethodAttributes (117ms)
			AfterProcessingInitializeOnLoad (38ms)
			EditorAssembliesLoaded (1ms)
		ExecutionOrderSort2 (0ms)
		AwakeInstancesAfterBackupRestoration (28ms)
Refreshing native plugins compatible for Editor in 8.87 ms, found 3 plugins.
Preloading 0 native plugins for Editor in 0.00 ms.
Unloading 1937 Unused Serialized files (Serialized files now loaded: 0)
Unloading 18 unused Assets / (1.9 MB). Loaded Objects now: 2990.
Memory consumption went from 115.6 MB to 113.7 MB.
Total: 16.097000 ms (FindLiveObjects: 0.333600 ms CreateObjectMapping: 0.206000 ms MarkObjects: 13.175000 ms  DeleteObjects: 2.378000 ms)

Prepare: number of updated asset objects reloaded= 0
AssetImportParameters requested are different than current active one (requested -> active):
  custom:video-decoder-webm-vp8: 9c59270c3fd7afecdb556c50c9e8de78 -> 
  custom:SearchIndexIgnoredProperties: e643bd26f0fe6173181afceb89e7c659 -> 
  custom:container-demuxer-ogg: 62fdf1f143b41e24485cea50d1cbac27 -> 
  custom:AudioImporter_EditorPlatform: d09bf68614088b80899f8185d706f6e7 -> 
  custom:video-decoder-ogg-theora: a1e56fd34408186e4bbccfd4996cb3dc -> 
  custom:framework-win-MediaFoundation: 216162199b28c13a410421893ffa2e32 -> 
  custom:video-encoder-webm-vp8: eb34c28f22e8b96e1ab97ce403110664 -> 
  custom:audio-decoder-ogg-vorbis: bf7c407c2cedff20999df2af8eb42d56 -> 
  custom:CustomObjectIndexerAttribute: 9a22284fe3817be447336de3de66b15e -> 
  custom:container-demuxer-webm: 4f35f7cbe854078d1ac9338744f61a02 -> 
  custom:audio-encoder-webm-vorbis: bf7c407c2cedff20999df2af8eb42d56 -> 
  custom:container-muxer-webm: aa71ff27fc2769a1b78a27578f13a17b -> 
========================================================================
Received Prepare
Caller must complete domain reload
Begin MonoManager ReloadAssembly
- Loaded All Assemblies, in  0.600 seconds
Native extension for WindowsStandalone target not found
Mono: successfully reloaded assembly
- Finished resetting the current domain, in  2.000 seconds
Domain Reload Profiling: 2598ms
	BeginReloadAssembly (218ms)
		ExecutionOrderSort (0ms)
		DisableScriptedObjects (9ms)
		BackupInstance (0ms)
		ReleaseScriptingObjects (0ms)
		CreateAndSetChildDomain (26ms)
	RebuildCommonClasses (96ms)
	RebuildNativeTypeToScriptingClass (26ms)
	initialDomainReloadingComplete (57ms)
	LoadAllAssembliesAndSetupDomain (199ms)
		LoadAssemblies (316ms)
		RebuildTransferFunctionScriptingTraits (0ms)
		AnalyzeDomain (19ms)
			TypeCache.Refresh (5ms)
				TypeCache.ScanAssembly (0ms)
			ScanForSourceGeneratedMonoScriptInfo (0ms)
			ResolveRequiredComponents (13ms)
	FinalizeReload (2002ms)
		ReleaseScriptCaches (0ms)
		RebuildScriptCaches (0ms)
		SetupLoadedEditorAssemblies (1308ms)
			LogAssemblyErrors (0ms)
			InitializePlatformSupportModulesInManaged (11ms)
			SetLoadedEditorAssemblies (7ms)
			RefreshPlugins (0ms)
			BeforeProcessingInitializeOnLoad (101ms)
			ProcessInitializeOnLoadAttributes (998ms)
			ProcessInitializeOnLoadMethodAttributes (127ms)
			AfterProcessingInitializeOnLoad (64ms)
			EditorAssembliesLoaded (1ms)
		ExecutionOrderSort2 (0ms)
		AwakeInstancesAfterBackupRestoration (37ms)
Refreshing native plugins compatible for Editor in 11.65 ms, found 3 plugins.
Preloading 0 native plugins for Editor in 0.00 ms.
Unloading 1938 Unused Serialized files (Serialized files now loaded: 0)
Unloading 18 unused Assets / (1.9 MB). Loaded Objects now: 3005.
Memory consumption went from 115.8 MB to 114.0 MB.
Total: 15.868500 ms (FindLiveObjects: 0.980200 ms CreateObjectMapping: 1.587000 ms MarkObjects: 11.755600 ms  DeleteObjects: 1.542700 ms)

Prepare: number of updated asset objects reloaded= 0
AssetImportParameters requested are different than current active one (requested -> active):
  custom:video-decoder-webm-vp8: 9c59270c3fd7afecdb556c50c9e8de78 -> 
  custom:SearchIndexIgnoredProperties: e643bd26f0fe6173181afceb89e7c659 -> 
  custom:container-demuxer-ogg: 62fdf1f143b41e24485cea50d1cbac27 -> 
  custom:AudioImporter_EditorPlatform: d09bf68614088b80899f8185d706f6e7 -> 
  custom:video-decoder-ogg-theora: a1e56fd34408186e4bbccfd4996cb3dc -> 
  custom:framework-win-MediaFoundation: 216162199b28c13a410421893ffa2e32 -> 
  custom:video-encoder-webm-vp8: eb34c28f22e8b96e1ab97ce403110664 -> 
  custom:audio-decoder-ogg-vorbis: bf7c407c2cedff20999df2af8eb42d56 -> 
  custom:CustomObjectIndexerAttribute: 9a22284fe3817be447336de3de66b15e -> 
  custom:container-demuxer-webm: 4f35f7cbe854078d1ac9338744f61a02 -> 
  custom:audio-encoder-webm-vorbis: bf7c407c2cedff20999df2af8eb42d56 -> 
  custom:container-muxer-webm: aa71ff27fc2769a1b78a27578f13a17b -> 
========================================================================
Received Import Request.
  Time since last request: 2143.912101 seconds.
  path: Assets/AutoSaveSystem/AutoSaveIconPrefab/SaveCanvas.prefab
  artifactKey: Guid(335b22eeaf17e6a49a0f7b9989401b0b) Importer(815301076,1909f56bfc062723c751e8b465ee728b)
Start importing Assets/AutoSaveSystem/AutoSaveIconPrefab/SaveCanvas.prefab using Guid(335b22eeaf17e6a49a0f7b9989401b0b) Importer(815301076,1909f56bfc062723c751e8b465ee728b) [PhysX] Initialized MultithreadedTaskDispatcher with 4 workers.
 -> (artifact id: 'e21530237eebd7e5f6967e52555cdb6f') in 0.108931 seconds
Number of updated asset objects reloaded before import = 0
Number of asset objects unloaded after import = 27
========================================================================
Received Import Request.
  Time since last request: 15.556755 seconds.
  path: Assets/Scene_1/The prototype.unity
  artifactKey: Guid(cbaffd801325ea249aad7847dbcab493) Importer(815301076,1909f56bfc062723c751e8b465ee728b)
Start importing Assets/Scene_1/The prototype.unity using Guid(cbaffd801325ea249aad7847dbcab493) Importer(815301076,1909f56bfc062723c751e8b465ee728b) [PhysX] Initialized MultithreadedTaskDispatcher with 4 workers.
 -> (artifact id: 'c1c647bd566675d84ed962cabc993d01') in 0.000657 seconds
Number of updated asset objects reloaded before import = 0
Number of asset objects unloaded after import = 0
========================================================================
Received Import Request.
  Time since last request: 38.878450 seconds.
  path: Assets/Main Menu/MainMenuScene.unity
  artifactKey: Guid(39bd5324feb062c449d2b28407c0e7b1) Importer(815301076,1909f56bfc062723c751e8b465ee728b)
Start importing Assets/Main Menu/MainMenuScene.unity using Guid(39bd5324feb062c449d2b28407c0e7b1) Importer(815301076,1909f56bfc062723c751e8b465ee728b) [PhysX] Initialized MultithreadedTaskDispatcher with 4 workers.
 -> (artifact id: '0fc38db29d0eec3ac341186b107b9b37') in 0.000785 seconds
Number of updated asset objects reloaded before import = 0
Number of asset objects unloaded after import = 0
========================================================================
Received Import Request.
  Time since last request: 20.179314 seconds.
  path: Assets/AutoSaveSystem/AutoSaveIconPrefab/SaveCanvas.prefab
  artifactKey: Guid(335b22eeaf17e6a49a0f7b9989401b0b) Importer(815301076,1909f56bfc062723c751e8b465ee728b)
Start importing Assets/AutoSaveSystem/AutoSaveIconPrefab/SaveCanvas.prefab using Guid(335b22eeaf17e6a49a0f7b9989401b0b) Importer(815301076,1909f56bfc062723c751e8b465ee728b) [PhysX] Initialized MultithreadedTaskDispatcher with 4 workers.
 -> (artifact id: '71d77c8c1328a3a2c7751cbebddf0fdb') in 0.011106 seconds
Number of updated asset objects reloaded before import = 0
Number of asset objects unloaded after import = 27
========================================================================
Received Import Request.
  Time since last request: 58.180913 seconds.
  path: Assets/AutoSaveSystem/AutoSaveIconPrefab/SaveCanvas.prefab
  artifactKey: Guid(335b22eeaf17e6a49a0f7b9989401b0b) Importer(815301076,1909f56bfc062723c751e8b465ee728b)
Start importing Assets/AutoSaveSystem/AutoSaveIconPrefab/SaveCanvas.prefab using Guid(335b22eeaf17e6a49a0f7b9989401b0b) Importer(815301076,1909f56bfc062723c751e8b465ee728b) [PhysX] Initialized MultithreadedTaskDispatcher with 4 workers.
 -> (artifact id: '18431ed3349452bbf100194ee0b8e33d') in 0.009948 seconds
Number of updated asset objects reloaded before import = 0
Number of asset objects unloaded after import = 27
========================================================================
Received Import Request.
  Time since last request: 19.862823 seconds.
  path: Assets/Main Menu/MainMenuScene.unity
  artifactKey: Guid(39bd5324feb062c449d2b28407c0e7b1) Importer(815301076,1909f56bfc062723c751e8b465ee728b)
Start importing Assets/Main Menu/MainMenuScene.unity using Guid(39bd5324feb062c449d2b28407c0e7b1) Importer(815301076,1909f56bfc062723c751e8b465ee728b) [PhysX] Initialized MultithreadedTaskDispatcher with 4 workers.
 -> (artifact id: '26a160c2185c4b5d806ba5796a77869c') in 0.000941 seconds
Number of updated asset objects reloaded before import = 0
Number of asset objects unloaded after import = 0
========================================================================
Received Import Request.
  Time since last request: 83.948173 seconds.
  path: Assets/Scene_1/The prototype.unity
  artifactKey: Guid(cbaffd801325ea249aad7847dbcab493) Importer(815301076,1909f56bfc062723c751e8b465ee728b)
Start importing Assets/Scene_1/The prototype.unity using Guid(cbaffd801325ea249aad7847dbcab493) Importer(815301076,1909f56bfc062723c751e8b465ee728b) [PhysX] Initialized MultithreadedTaskDispatcher with 4 workers.
 -> (artifact id: '4dbaa1f4d3888898341ba9d4d558ced9') in 0.000866 seconds
Number of updated asset objects reloaded before import = 0
Number of asset objects unloaded after import = 0
========================================================================
Received Prepare
Caller must complete domain reload
Begin MonoManager ReloadAssembly
- Loaded All Assemblies, in  0.607 seconds
Native extension for WindowsStandalone target not found
Mono: successfully reloaded assembly
- Finished resetting the current domain, in  1.891 seconds
Domain Reload Profiling: 2495ms
	BeginReloadAssembly (234ms)
		ExecutionOrderSort (0ms)
		DisableScriptedObjects (9ms)
		BackupInstance (0ms)
		ReleaseScriptingObjects (0ms)
		CreateAndSetChildDomain (37ms)
	RebuildCommonClasses (54ms)
	RebuildNativeTypeToScriptingClass (18ms)
	initialDomainReloadingComplete (53ms)
	LoadAllAssembliesAndSetupDomain (243ms)
		LoadAssemblies (361ms)
		RebuildTransferFunctionScriptingTraits (0ms)
		AnalyzeDomain (21ms)
			TypeCache.Refresh (5ms)
				TypeCache.ScanAssembly (0ms)
			ScanForSourceGeneratedMonoScriptInfo (0ms)
			ResolveRequiredComponents (16ms)
	FinalizeReload (1893ms)
		ReleaseScriptCaches (0ms)
		RebuildScriptCaches (0ms)
		SetupLoadedEditorAssemblies (1189ms)
			LogAssemblyErrors (0ms)
			InitializePlatformSupportModulesInManaged (13ms)
			SetLoadedEditorAssemblies (7ms)
			RefreshPlugins (0ms)
			BeforeProcessingInitializeOnLoad (106ms)
			ProcessInitializeOnLoadAttributes (884ms)
			ProcessInitializeOnLoadMethodAttributes (135ms)
			AfterProcessingInitializeOnLoad (42ms)
			EditorAssembliesLoaded (2ms)
		ExecutionOrderSort2 (0ms)
		AwakeInstancesAfterBackupRestoration (35ms)
Refreshing native plugins compatible for Editor in 6.34 ms, found 3 plugins.
Preloading 0 native plugins for Editor in 0.00 ms.
Unloading 1937 Unused Serialized files (Serialized files now loaded: 0)
Unloading 18 unused Assets / (1.9 MB). Loaded Objects now: 3020.
Memory consumption went from 115.6 MB to 113.8 MB.
Total: 7.006300 ms (FindLiveObjects: 0.332800 ms CreateObjectMapping: 0.215400 ms MarkObjects: 5.486300 ms  DeleteObjects: 0.970100 ms)

Prepare: number of updated asset objects reloaded= 0
AssetImportParameters requested are different than current active one (requested -> active):
  custom:video-decoder-webm-vp8: 9c59270c3fd7afecdb556c50c9e8de78 -> 
  custom:SearchIndexIgnoredProperties: e643bd26f0fe6173181afceb89e7c659 -> 
  custom:container-demuxer-ogg: 62fdf1f143b41e24485cea50d1cbac27 -> 
  custom:AudioImporter_EditorPlatform: d09bf68614088b80899f8185d706f6e7 -> 
  custom:video-decoder-ogg-theora: a1e56fd34408186e4bbccfd4996cb3dc -> 
  custom:framework-win-MediaFoundation: 216162199b28c13a410421893ffa2e32 -> 
  custom:video-encoder-webm-vp8: eb34c28f22e8b96e1ab97ce403110664 -> 
  custom:audio-decoder-ogg-vorbis: bf7c407c2cedff20999df2af8eb42d56 -> 
  custom:CustomObjectIndexerAttribute: 9a22284fe3817be447336de3de66b15e -> 
  custom:container-demuxer-webm: 4f35f7cbe854078d1ac9338744f61a02 -> 
  custom:audio-encoder-webm-vorbis: bf7c407c2cedff20999df2af8eb42d56 -> 
  custom:container-muxer-webm: aa71ff27fc2769a1b78a27578f13a17b -> 
========================================================================
Received Import Request.
  Time since last request: 50.132363 seconds.
  path: Assets/AutoSaveSystem/AutoSaveIconPrefab/SaveCanvas.prefab
  artifactKey: Guid(335b22eeaf17e6a49a0f7b9989401b0b) Importer(815301076,1909f56bfc062723c751e8b465ee728b)
Start importing Assets/AutoSaveSystem/AutoSaveIconPrefab/SaveCanvas.prefab using Guid(335b22eeaf17e6a49a0f7b9989401b0b) Importer(815301076,1909f56bfc062723c751e8b465ee728b) [PhysX] Initialized MultithreadedTaskDispatcher with 4 workers.
 -> (artifact id: 'f48ddbee99e830fcf92a98d5654c7175') in 0.106505 seconds
Number of updated asset objects reloaded before import = 0
Number of asset objects unloaded after import = 27
========================================================================
Received Import Request.
  Time since last request: 4.661766 seconds.
  path: Assets/Scene_1/The prototype.unity
  artifactKey: Guid(cbaffd801325ea249aad7847dbcab493) Importer(815301076,1909f56bfc062723c751e8b465ee728b)
Start importing Assets/Scene_1/The prototype.unity using Guid(cbaffd801325ea249aad7847dbcab493) Importer(815301076,1909f56bfc062723c751e8b465ee728b) [PhysX] Initialized MultithreadedTaskDispatcher with 4 workers.
 -> (artifact id: 'a1ca8cf77cb1ed6752c01200bc093b07') in 0.000856 seconds
Number of updated asset objects reloaded before import = 0
Number of asset objects unloaded after import = 0
========================================================================
Received Import Request.
  Time since last request: 22.584662 seconds.
  path: Assets/Scene_1/The prototype.unity
  artifactKey: Guid(cbaffd801325ea249aad7847dbcab493) Importer(815301076,1909f56bfc062723c751e8b465ee728b)
Start importing Assets/Scene_1/The prototype.unity using Guid(cbaffd801325ea249aad7847dbcab493) Importer(815301076,1909f56bfc062723c751e8b465ee728b) [PhysX] Initialized MultithreadedTaskDispatcher with 4 workers.
 -> (artifact id: 'c063b81c4e3fa54198f115f14d91798c') in 0.001587 seconds
Number of updated asset objects reloaded before import = 0
Number of asset objects unloaded after import = 0
========================================================================
Received Prepare
Caller must complete domain reload
Begin MonoManager ReloadAssembly
- Loaded All Assemblies, in  0.557 seconds
Native extension for WindowsStandalone target not found
Mono: successfully reloaded assembly
- Finished resetting the current domain, in  1.245 seconds
Domain Reload Profiling: 1798ms
	BeginReloadAssembly (228ms)
		ExecutionOrderSort (0ms)
		DisableScriptedObjects (7ms)
		BackupInstance (0ms)
		ReleaseScriptingObjects (0ms)
		CreateAndSetChildDomain (31ms)
	RebuildCommonClasses (58ms)
	RebuildNativeTypeToScriptingClass (17ms)
	initialDomainReloadingComplete (41ms)
	LoadAllAssembliesAndSetupDomain (209ms)
		LoadAssemblies (329ms)
		RebuildTransferFunctionScriptingTraits (0ms)
		AnalyzeDomain (23ms)
			TypeCache.Refresh (4ms)
				TypeCache.ScanAssembly (0ms)
			ScanForSourceGeneratedMonoScriptInfo (0ms)
			ResolveRequiredComponents (18ms)
	FinalizeReload (1246ms)
		ReleaseScriptCaches (0ms)
		RebuildScriptCaches (0ms)
		SetupLoadedEditorAssemblies (690ms)
			LogAssemblyErrors (0ms)
			InitializePlatformSupportModulesInManaged (11ms)
			SetLoadedEditorAssemblies (7ms)
			RefreshPlugins (0ms)
			BeforeProcessingInitializeOnLoad (100ms)
			ProcessInitializeOnLoadAttributes (519ms)
			ProcessInitializeOnLoadMethodAttributes (39ms)
			AfterProcessingInitializeOnLoad (14ms)
			EditorAssembliesLoaded (0ms)
		ExecutionOrderSort2 (0ms)
		AwakeInstancesAfterBackupRestoration (12ms)
Refreshing native plugins compatible for Editor in 4.17 ms, found 3 plugins.
Preloading 0 native plugins for Editor in 0.00 ms.
Unloading 1937 Unused Serialized files (Serialized files now loaded: 0)
Unloading 18 unused Assets / (1.9 MB). Loaded Objects now: 3035.
Memory consumption went from 115.7 MB to 113.8 MB.
Total: 5.944400 ms (FindLiveObjects: 0.325400 ms CreateObjectMapping: 0.198700 ms MarkObjects: 4.852900 ms  DeleteObjects: 0.565800 ms)

Prepare: number of updated asset objects reloaded= 0
AssetImportParameters requested are different than current active one (requested -> active):
  custom:video-decoder-webm-vp8: 9c59270c3fd7afecdb556c50c9e8de78 -> 
  custom:SearchIndexIgnoredProperties: e643bd26f0fe6173181afceb89e7c659 -> 
  custom:container-demuxer-ogg: 62fdf1f143b41e24485cea50d1cbac27 -> 
  custom:AudioImporter_EditorPlatform: d09bf68614088b80899f8185d706f6e7 -> 
  custom:video-decoder-ogg-theora: a1e56fd34408186e4bbccfd4996cb3dc -> 
  custom:framework-win-MediaFoundation: 216162199b28c13a410421893ffa2e32 -> 
  custom:video-encoder-webm-vp8: eb34c28f22e8b96e1ab97ce403110664 -> 
  custom:audio-decoder-ogg-vorbis: bf7c407c2cedff20999df2af8eb42d56 -> 
  custom:CustomObjectIndexerAttribute: 9a22284fe3817be447336de3de66b15e -> 
  custom:container-demuxer-webm: 4f35f7cbe854078d1ac9338744f61a02 -> 
  custom:audio-encoder-webm-vorbis: bf7c407c2cedff20999df2af8eb42d56 -> 
  custom:container-muxer-webm: aa71ff27fc2769a1b78a27578f13a17b -> 
========================================================================
Received Prepare
Caller must complete domain reload
Begin MonoManager ReloadAssembly
- Loaded All Assemblies, in  0.579 seconds
Native extension for WindowsStandalone target not found
Mono: successfully reloaded assembly
- Finished resetting the current domain, in  1.082 seconds
Domain Reload Profiling: 1655ms
	BeginReloadAssembly (234ms)
		ExecutionOrderSort (0ms)
		DisableScriptedObjects (9ms)
		BackupInstance (0ms)
		ReleaseScriptingObjects (0ms)
		CreateAndSetChildDomain (28ms)
	RebuildCommonClasses (55ms)
	RebuildNativeTypeToScriptingClass (20ms)
	initialDomainReloadingComplete (52ms)
	LoadAllAssembliesAndSetupDomain (212ms)
		LoadAssemblies (311ms)
		RebuildTransferFunctionScriptingTraits (0ms)
		AnalyzeDomain (26ms)
			TypeCache.Refresh (5ms)
				TypeCache.ScanAssembly (0ms)
			ScanForSourceGeneratedMonoScriptInfo (0ms)
			ResolveRequiredComponents (20ms)
	FinalizeReload (1083ms)
		ReleaseScriptCaches (0ms)
		RebuildScriptCaches (0ms)
		SetupLoadedEditorAssemblies (516ms)
			LogAssemblyErrors (0ms)
			InitializePlatformSupportModulesInManaged (12ms)
			SetLoadedEditorAssemblies (6ms)
			RefreshPlugins (0ms)
			BeforeProcessingInitializeOnLoad (98ms)
			ProcessInitializeOnLoadAttributes (342ms)
			ProcessInitializeOnLoadMethodAttributes (42ms)
			AfterProcessingInitializeOnLoad (16ms)
			EditorAssembliesLoaded (0ms)
		ExecutionOrderSort2 (0ms)
		AwakeInstancesAfterBackupRestoration (19ms)
Refreshing native plugins compatible for Editor in 12.13 ms, found 3 plugins.
Preloading 0 native plugins for Editor in 0.00 ms.
Unloading 1938 Unused Serialized files (Serialized files now loaded: 0)
Unloading 18 unused Assets / (1.9 MB). Loaded Objects now: 3050.
Memory consumption went from 116.0 MB to 114.1 MB.
Total: 12.653900 ms (FindLiveObjects: 0.350200 ms CreateObjectMapping: 0.198700 ms MarkObjects: 10.447900 ms  DeleteObjects: 1.654600 ms)

Prepare: number of updated asset objects reloaded= 0
AssetImportParameters requested are different than current active one (requested -> active):
  custom:video-decoder-webm-vp8: 9c59270c3fd7afecdb556c50c9e8de78 -> 
  custom:SearchIndexIgnoredProperties: e643bd26f0fe6173181afceb89e7c659 -> 
  custom:container-demuxer-ogg: 62fdf1f143b41e24485cea50d1cbac27 -> 
  custom:AudioImporter_EditorPlatform: d09bf68614088b80899f8185d706f6e7 -> 
  custom:video-decoder-ogg-theora: a1e56fd34408186e4bbccfd4996cb3dc -> 
  custom:framework-win-MediaFoundation: 216162199b28c13a410421893ffa2e32 -> 
  custom:video-encoder-webm-vp8: eb34c28f22e8b96e1ab97ce403110664 -> 
  custom:audio-decoder-ogg-vorbis: bf7c407c2cedff20999df2af8eb42d56 -> 
  custom:CustomObjectIndexerAttribute: 9a22284fe3817be447336de3de66b15e -> 
  custom:container-demuxer-webm: 4f35f7cbe854078d1ac9338744f61a02 -> 
  custom:audio-encoder-webm-vorbis: bf7c407c2cedff20999df2af8eb42d56 -> 
  custom:container-muxer-webm: aa71ff27fc2769a1b78a27578f13a17b -> 
========================================================================
Received Import Request.
  Time since last request: 151.010433 seconds.
  path: Assets/SceneTutorial/Tutorial.unity
  artifactKey: Guid(8b6c947e09338cd42a5c242aa9d95984) Importer(815301076,1909f56bfc062723c751e8b465ee728b)
Start importing Assets/SceneTutorial/Tutorial.unity using Guid(8b6c947e09338cd42a5c242aa9d95984) Importer(815301076,1909f56bfc062723c751e8b465ee728b) [PhysX] Initialized MultithreadedTaskDispatcher with 4 workers.
 -> (artifact id: '68e177587142eb55fdb9c02cce445698') in 0.003437 seconds
Number of updated asset objects reloaded before import = 0
Number of asset objects unloaded after import = 0
========================================================================
Received Import Request.
  Time since last request: 19.293275 seconds.
  path: Assets/Intro Scene/IntroScene.unity
  artifactKey: Guid(ef7152f12a87e824c8c6d08a9f2d1a5e) Importer(815301076,1909f56bfc062723c751e8b465ee728b)
Start importing Assets/Intro Scene/IntroScene.unity using Guid(ef7152f12a87e824c8c6d08a9f2d1a5e) Importer(815301076,1909f56bfc062723c751e8b465ee728b) [PhysX] Initialized MultithreadedTaskDispatcher with 4 workers.
 -> (artifact id: 'acd0e16f0755ef13d896c6b0e9a22fd4') in 0.000738 seconds
Number of updated asset objects reloaded before import = 0
Number of asset objects unloaded after import = 0
========================================================================
Received Import Request.
  Time since last request: 17.891443 seconds.
  path: Assets/Main Menu/MainMenuScene.unity
  artifactKey: Guid(39bd5324feb062c449d2b28407c0e7b1) Importer(815301076,1909f56bfc062723c751e8b465ee728b)
Start importing Assets/Main Menu/MainMenuScene.unity using Guid(39bd5324feb062c449d2b28407c0e7b1) Importer(815301076,1909f56bfc062723c751e8b465ee728b) [PhysX] Initialized MultithreadedTaskDispatcher with 4 workers.
 -> (artifact id: '450f1cf8651195419666c0386de79752') in 0.001422 seconds
Number of updated asset objects reloaded before import = 0
Number of asset objects unloaded after import = 0
========================================================================
Received Prepare
Caller must complete domain reload
Begin MonoManager ReloadAssembly
- Loaded All Assemblies, in  0.558 seconds
Native extension for WindowsStandalone target not found
Mono: successfully reloaded assembly
- Finished resetting the current domain, in  1.484 seconds
Domain Reload Profiling: 2038ms
	BeginReloadAssembly (215ms)
		ExecutionOrderSort (0ms)
		DisableScriptedObjects (7ms)
		BackupInstance (0ms)
		ReleaseScriptingObjects (0ms)
		CreateAndSetChildDomain (29ms)
	RebuildCommonClasses (66ms)
	RebuildNativeTypeToScriptingClass (18ms)
	initialDomainReloadingComplete (43ms)
	LoadAllAssembliesAndSetupDomain (213ms)
		LoadAssemblies (321ms)
		RebuildTransferFunctionScriptingTraits (0ms)
		AnalyzeDomain (22ms)
			TypeCache.Refresh (5ms)
				TypeCache.ScanAssembly (0ms)
			ScanForSourceGeneratedMonoScriptInfo (0ms)
			ResolveRequiredComponents (16ms)
	FinalizeReload (1484ms)
		ReleaseScriptCaches (0ms)
		RebuildScriptCaches (0ms)
		SetupLoadedEditorAssemblies (866ms)
			LogAssemblyErrors (0ms)
			InitializePlatformSupportModulesInManaged (11ms)
			SetLoadedEditorAssemblies (7ms)
			RefreshPlugins (0ms)
			BeforeProcessingInitializeOnLoad (95ms)
			ProcessInitializeOnLoadAttributes (660ms)
			ProcessInitializeOnLoadMethodAttributes (70ms)
			AfterProcessingInitializeOnLoad (23ms)
			EditorAssembliesLoaded (1ms)
		ExecutionOrderSort2 (0ms)
		AwakeInstancesAfterBackupRestoration (23ms)
Refreshing native plugins compatible for Editor in 3.38 ms, found 3 plugins.
Preloading 0 native plugins for Editor in 0.00 ms.
Unloading 1937 Unused Serialized files (Serialized files now loaded: 0)
Unloading 18 unused Assets / (1.9 MB). Loaded Objects now: 3065.
Memory consumption went from 115.7 MB to 113.9 MB.
Total: 11.073200 ms (FindLiveObjects: 0.367600 ms CreateObjectMapping: 0.211500 ms MarkObjects: 9.933100 ms  DeleteObjects: 0.559300 ms)

Prepare: number of updated asset objects reloaded= 0
AssetImportParameters requested are different than current active one (requested -> active):
  custom:video-decoder-webm-vp8: 9c59270c3fd7afecdb556c50c9e8de78 -> 
  custom:SearchIndexIgnoredProperties: e643bd26f0fe6173181afceb89e7c659 -> 
  custom:container-demuxer-ogg: 62fdf1f143b41e24485cea50d1cbac27 -> 
  custom:AudioImporter_EditorPlatform: d09bf68614088b80899f8185d706f6e7 -> 
  custom:video-decoder-ogg-theora: a1e56fd34408186e4bbccfd4996cb3dc -> 
  custom:framework-win-MediaFoundation: 216162199b28c13a410421893ffa2e32 -> 
  custom:video-encoder-webm-vp8: eb34c28f22e8b96e1ab97ce403110664 -> 
  custom:audio-decoder-ogg-vorbis: bf7c407c2cedff20999df2af8eb42d56 -> 
  custom:CustomObjectIndexerAttribute: 9a22284fe3817be447336de3de66b15e -> 
  custom:container-demuxer-webm: 4f35f7cbe854078d1ac9338744f61a02 -> 
  custom:audio-encoder-webm-vorbis: bf7c407c2cedff20999df2af8eb42d56 -> 
  custom:container-muxer-webm: aa71ff27fc2769a1b78a27578f13a17b -> 
========================================================================
Received Prepare
Caller must complete domain reload
Begin MonoManager ReloadAssembly
- Loaded All Assemblies, in  0.540 seconds
Native extension for WindowsStandalone target not found
Mono: successfully reloaded assembly
- Finished resetting the current domain, in  1.054 seconds
Domain Reload Profiling: 1585ms
	BeginReloadAssembly (209ms)
		ExecutionOrderSort (0ms)
		DisableScriptedObjects (7ms)
		BackupInstance (0ms)
		ReleaseScriptingObjects (0ms)
		CreateAndSetChildDomain (31ms)
	RebuildCommonClasses (54ms)
	RebuildNativeTypeToScriptingClass (19ms)
	initialDomainReloadingComplete (45ms)
	LoadAllAssembliesAndSetupDomain (203ms)
		LoadAssemblies (303ms)
		RebuildTransferFunctionScriptingTraits (0ms)
		AnalyzeDomain (24ms)
			TypeCache.Refresh (6ms)
				TypeCache.ScanAssembly (0ms)
			ScanForSourceGeneratedMonoScriptInfo (0ms)
			ResolveRequiredComponents (18ms)
	FinalizeReload (1055ms)
		ReleaseScriptCaches (0ms)
		RebuildScriptCaches (0ms)
		SetupLoadedEditorAssemblies (500ms)
			LogAssemblyErrors (0ms)
			InitializePlatformSupportModulesInManaged (10ms)
			SetLoadedEditorAssemblies (6ms)
			RefreshPlugins (0ms)
			BeforeProcessingInitializeOnLoad (95ms)
			ProcessInitializeOnLoadAttributes (335ms)
			ProcessInitializeOnLoadMethodAttributes (41ms)
			AfterProcessingInitializeOnLoad (13ms)
			EditorAssembliesLoaded (0ms)
		ExecutionOrderSort2 (0ms)
		AwakeInstancesAfterBackupRestoration (11ms)
Refreshing native plugins compatible for Editor in 9.36 ms, found 3 plugins.
Preloading 0 native plugins for Editor in 0.00 ms.
Unloading 1938 Unused Serialized files (Serialized files now loaded: 0)
Unloading 18 unused Assets / (1.9 MB). Loaded Objects now: 3080.
Memory consumption went from 116.0 MB to 114.1 MB.
Total: 17.963900 ms (FindLiveObjects: 0.605400 ms CreateObjectMapping: 1.180600 ms MarkObjects: 14.624500 ms  DeleteObjects: 1.550600 ms)

Prepare: number of updated asset objects reloaded= 0
AssetImportParameters requested are different than current active one (requested -> active):
  custom:video-decoder-webm-vp8: 9c59270c3fd7afecdb556c50c9e8de78 -> 
  custom:SearchIndexIgnoredProperties: e643bd26f0fe6173181afceb89e7c659 -> 
  custom:container-demuxer-ogg: 62fdf1f143b41e24485cea50d1cbac27 -> 
  custom:AudioImporter_EditorPlatform: d09bf68614088b80899f8185d706f6e7 -> 
  custom:video-decoder-ogg-theora: a1e56fd34408186e4bbccfd4996cb3dc -> 
  custom:framework-win-MediaFoundation: 216162199b28c13a410421893ffa2e32 -> 
  custom:video-encoder-webm-vp8: eb34c28f22e8b96e1ab97ce403110664 -> 
  custom:audio-decoder-ogg-vorbis: bf7c407c2cedff20999df2af8eb42d56 -> 
  custom:CustomObjectIndexerAttribute: 9a22284fe3817be447336de3de66b15e -> 
  custom:container-demuxer-webm: 4f35f7cbe854078d1ac9338744f61a02 -> 
  custom:audio-encoder-webm-vorbis: bf7c407c2cedff20999df2af8eb42d56 -> 
  custom:container-muxer-webm: aa71ff27fc2769a1b78a27578f13a17b -> 
========================================================================
Received Prepare
Caller must complete domain reload
Begin MonoManager ReloadAssembly
- Loaded All Assemblies, in  0.577 seconds
Native extension for WindowsStandalone target not found
Mono: successfully reloaded assembly
- Finished resetting the current domain, in  0.994 seconds
Domain Reload Profiling: 1568ms
	BeginReloadAssembly (222ms)
		ExecutionOrderSort (0ms)
		DisableScriptedObjects (8ms)
		BackupInstance (0ms)
		ReleaseScriptingObjects (0ms)
		CreateAndSetChildDomain (31ms)
	RebuildCommonClasses (50ms)
	RebuildNativeTypeToScriptingClass (22ms)
	initialDomainReloadingComplete (47ms)
	LoadAllAssembliesAndSetupDomain (232ms)
		LoadAssemblies (328ms)
		RebuildTransferFunctionScriptingTraits (0ms)
		AnalyzeDomain (42ms)
			TypeCache.Refresh (12ms)
				TypeCache.ScanAssembly (3ms)
			ScanForSourceGeneratedMonoScriptInfo (16ms)
			ResolveRequiredComponents (13ms)
	FinalizeReload (995ms)
		ReleaseScriptCaches (0ms)
		RebuildScriptCaches (0ms)
		SetupLoadedEditorAssemblies (431ms)
			LogAssemblyErrors (0ms)
			InitializePlatformSupportModulesInManaged (11ms)
			SetLoadedEditorAssemblies (7ms)
			RefreshPlugins (0ms)
			BeforeProcessingInitializeOnLoad (121ms)
			ProcessInitializeOnLoadAttributes (254ms)
			ProcessInitializeOnLoadMethodAttributes (28ms)
			AfterProcessingInitializeOnLoad (10ms)
			EditorAssembliesLoaded (0ms)
		ExecutionOrderSort2 (0ms)
		AwakeInstancesAfterBackupRestoration (7ms)
Refreshing native plugins compatible for Editor in 3.46 ms, found 3 plugins.
Preloading 0 native plugins for Editor in 0.00 ms.
Unloading 1938 Unused Serialized files (Serialized files now loaded: 0)
Unloading 18 unused Assets / (1.9 MB). Loaded Objects now: 3095.
Memory consumption went from 116.0 MB to 114.1 MB.
Total: 6.094200 ms (FindLiveObjects: 0.344100 ms CreateObjectMapping: 0.206200 ms MarkObjects: 4.991400 ms  DeleteObjects: 0.551100 ms)

Prepare: number of updated asset objects reloaded= 0
AssetImportParameters requested are different than current active one (requested -> active):
  custom:video-decoder-webm-vp8: 9c59270c3fd7afecdb556c50c9e8de78 -> 
  custom:SearchIndexIgnoredProperties: e643bd26f0fe6173181afceb89e7c659 -> 
  custom:container-demuxer-ogg: 62fdf1f143b41e24485cea50d1cbac27 -> 
  custom:AudioImporter_EditorPlatform: d09bf68614088b80899f8185d706f6e7 -> 
  custom:video-decoder-ogg-theora: a1e56fd34408186e4bbccfd4996cb3dc -> 
  custom:framework-win-MediaFoundation: 216162199b28c13a410421893ffa2e32 -> 
  custom:video-encoder-webm-vp8: eb34c28f22e8b96e1ab97ce403110664 -> 
  custom:audio-decoder-ogg-vorbis: bf7c407c2cedff20999df2af8eb42d56 -> 
  custom:CustomObjectIndexerAttribute: 9a22284fe3817be447336de3de66b15e -> 
  custom:container-demuxer-webm: 4f35f7cbe854078d1ac9338744f61a02 -> 
  custom:audio-encoder-webm-vorbis: bf7c407c2cedff20999df2af8eb42d56 -> 
  custom:scripting/precompiled-assembly-types:Assembly-CSharp: 2d5f51c292167259ac5a7692412e3eb0 -> 8b6001cc661067df296ec350cc5951e6
  custom:container-muxer-webm: aa71ff27fc2769a1b78a27578f13a17b -> 
========================================================================
Received Import Request.
  Time since last request: 950.427521 seconds.
  path: Assets/Main Menu/MainMenuScene.unity
  artifactKey: Guid(39bd5324feb062c449d2b28407c0e7b1) Importer(815301076,1909f56bfc062723c751e8b465ee728b)
Start importing Assets/Main Menu/MainMenuScene.unity using Guid(39bd5324feb062c449d2b28407c0e7b1) Importer(815301076,1909f56bfc062723c751e8b465ee728b) [PhysX] Initialized MultithreadedTaskDispatcher with 4 workers.
 -> (artifact id: 'bb3ad607573e3d0c61ba7ab4fe3c6818') in 0.004171 seconds
Number of updated asset objects reloaded before import = 0
Number of asset objects unloaded after import = 0
========================================================================
Received Prepare
Caller must complete domain reload
Begin MonoManager ReloadAssembly
- Loaded All Assemblies, in  0.532 seconds
Native extension for WindowsStandalone target not found
Mono: successfully reloaded assembly
- Finished resetting the current domain, in  1.694 seconds
Domain Reload Profiling: 2223ms
	BeginReloadAssembly (217ms)
		ExecutionOrderSort (0ms)
		DisableScriptedObjects (9ms)
		BackupInstance (0ms)
		ReleaseScriptingObjects (0ms)
		CreateAndSetChildDomain (28ms)
	RebuildCommonClasses (56ms)
	RebuildNativeTypeToScriptingClass (17ms)
	initialDomainReloadingComplete (39ms)
	LoadAllAssembliesAndSetupDomain (199ms)
		LoadAssemblies (309ms)
		RebuildTransferFunctionScriptingTraits (0ms)
		AnalyzeDomain (24ms)
			TypeCache.Refresh (5ms)
				TypeCache.ScanAssembly (0ms)
			ScanForSourceGeneratedMonoScriptInfo (0ms)
			ResolveRequiredComponents (18ms)
	FinalizeReload (1695ms)
		ReleaseScriptCaches (0ms)
		RebuildScriptCaches (0ms)
		SetupLoadedEditorAssemblies (1049ms)
			LogAssemblyErrors (0ms)
			InitializePlatformSupportModulesInManaged (12ms)
			SetLoadedEditorAssemblies (6ms)
			RefreshPlugins (0ms)
			BeforeProcessingInitializeOnLoad (100ms)
			ProcessInitializeOnLoadAttributes (761ms)
			ProcessInitializeOnLoadMethodAttributes (125ms)
			AfterProcessingInitializeOnLoad (44ms)
			EditorAssembliesLoaded (1ms)
		ExecutionOrderSort2 (0ms)
		AwakeInstancesAfterBackupRestoration (31ms)
Refreshing native plugins compatible for Editor in 8.47 ms, found 3 plugins.
Preloading 0 native plugins for Editor in 0.00 ms.
Unloading 1937 Unused Serialized files (Serialized files now loaded: 0)
Unloading 18 unused Assets / (1.9 MB). Loaded Objects now: 3110.
Memory consumption went from 115.8 MB to 113.9 MB.
Total: 9.649700 ms (FindLiveObjects: 1.201000 ms CreateObjectMapping: 0.886600 ms MarkObjects: 6.714700 ms  DeleteObjects: 0.840900 ms)

Prepare: number of updated asset objects reloaded= 0
AssetImportParameters requested are different than current active one (requested -> active):
  custom:video-decoder-webm-vp8: 9c59270c3fd7afecdb556c50c9e8de78 -> 
  custom:SearchIndexIgnoredProperties: e643bd26f0fe6173181afceb89e7c659 -> 
  custom:container-demuxer-ogg: 62fdf1f143b41e24485cea50d1cbac27 -> 
  custom:AudioImporter_EditorPlatform: d09bf68614088b80899f8185d706f6e7 -> 
  custom:video-decoder-ogg-theora: a1e56fd34408186e4bbccfd4996cb3dc -> 
  custom:framework-win-MediaFoundation: 216162199b28c13a410421893ffa2e32 -> 
  custom:video-encoder-webm-vp8: eb34c28f22e8b96e1ab97ce403110664 -> 
  custom:audio-decoder-ogg-vorbis: bf7c407c2cedff20999df2af8eb42d56 -> 
  custom:CustomObjectIndexerAttribute: 9a22284fe3817be447336de3de66b15e -> 
  custom:container-demuxer-webm: 4f35f7cbe854078d1ac9338744f61a02 -> 
  custom:audio-encoder-webm-vorbis: bf7c407c2cedff20999df2af8eb42d56 -> 
  custom:scripting/precompiled-assembly-types:Assembly-CSharp: 2d5f51c292167259ac5a7692412e3eb0 -> 8b6001cc661067df296ec350cc5951e6
  custom:container-muxer-webm: aa71ff27fc2769a1b78a27578f13a17b -> 
========================================================================
Received Prepare
Caller must complete domain reload
Begin MonoManager ReloadAssembly
- Loaded All Assemblies, in  0.607 seconds
Native extension for WindowsStandalone target not found
Mono: successfully reloaded assembly
- Finished resetting the current domain, in  1.071 seconds
Domain Reload Profiling: 1676ms
	BeginReloadAssembly (260ms)
		ExecutionOrderSort (0ms)
		DisableScriptedObjects (12ms)
		BackupInstance (0ms)
		ReleaseScriptingObjects (0ms)
		CreateAndSetChildDomain (34ms)
	RebuildCommonClasses (59ms)
	RebuildNativeTypeToScriptingClass (19ms)
	initialDomainReloadingComplete (47ms)
	LoadAllAssembliesAndSetupDomain (219ms)
		LoadAssemblies (339ms)
		RebuildTransferFunctionScriptingTraits (0ms)
		AnalyzeDomain (39ms)
			TypeCache.Refresh (8ms)
				TypeCache.ScanAssembly (2ms)
			ScanForSourceGeneratedMonoScriptInfo (16ms)
			ResolveRequiredComponents (15ms)
	FinalizeReload (1072ms)
		ReleaseScriptCaches (0ms)
		RebuildScriptCaches (0ms)
		SetupLoadedEditorAssemblies (483ms)
			LogAssemblyErrors (0ms)
			InitializePlatformSupportModulesInManaged (14ms)
			SetLoadedEditorAssemblies (10ms)
			RefreshPlugins (0ms)
			BeforeProcessingInitializeOnLoad (88ms)
			ProcessInitializeOnLoadAttributes (322ms)
			ProcessInitializeOnLoadMethodAttributes (36ms)
			AfterProcessingInitializeOnLoad (13ms)
			EditorAssembliesLoaded (0ms)
		ExecutionOrderSort2 (0ms)
		AwakeInstancesAfterBackupRestoration (11ms)
Refreshing native plugins compatible for Editor in 3.49 ms, found 3 plugins.
Preloading 0 native plugins for Editor in 0.00 ms.
Unloading 1938 Unused Serialized files (Serialized files now loaded: 0)
Unloading 18 unused Assets / (1.9 MB). Loaded Objects now: 3125.
Memory consumption went from 116.0 MB to 114.1 MB.
Total: 7.547800 ms (FindLiveObjects: 0.631900 ms CreateObjectMapping: 0.441000 ms MarkObjects: 5.897300 ms  DeleteObjects: 0.575700 ms)

Prepare: number of updated asset objects reloaded= 0
AssetImportParameters requested are different than current active one (requested -> active):
  custom:video-decoder-webm-vp8: 9c59270c3fd7afecdb556c50c9e8de78 -> 
  custom:SearchIndexIgnoredProperties: e643bd26f0fe6173181afceb89e7c659 -> 
  custom:container-demuxer-ogg: 62fdf1f143b41e24485cea50d1cbac27 -> 
  custom:AudioImporter_EditorPlatform: d09bf68614088b80899f8185d706f6e7 -> 
  custom:video-decoder-ogg-theora: a1e56fd34408186e4bbccfd4996cb3dc -> 
  custom:framework-win-MediaFoundation: 216162199b28c13a410421893ffa2e32 -> 
  custom:video-encoder-webm-vp8: eb34c28f22e8b96e1ab97ce403110664 -> 
  custom:audio-decoder-ogg-vorbis: bf7c407c2cedff20999df2af8eb42d56 -> 
  custom:CustomObjectIndexerAttribute: 9a22284fe3817be447336de3de66b15e -> 
  custom:container-demuxer-webm: 4f35f7cbe854078d1ac9338744f61a02 -> 
  custom:audio-encoder-webm-vorbis: bf7c407c2cedff20999df2af8eb42d56 -> 
  custom:scripting/precompiled-assembly-types:Assembly-CSharp: 5dac53145e353a3716fda0e1ef41f87b -> 8b6001cc661067df296ec350cc5951e6
  custom:container-muxer-webm: aa71ff27fc2769a1b78a27578f13a17b -> 
========================================================================
Received Import Request.
  Time since last request: 692.705168 seconds.
  path: ProjectSettings/TagManager.asset
  artifactKey: Guid(00000000000000003000000000000000) Importer(815301076,1909f56bfc062723c751e8b465ee728b)
Start importing ProjectSettings/TagManager.asset using Guid(00000000000000003000000000000000) Importer(815301076,1909f56bfc062723c751e8b465ee728b) [PhysX] Initialized MultithreadedTaskDispatcher with 4 workers.
 -> (artifact id: '59a4dc08e7453e652c56a5c2d929f317') in 0.014427 seconds
Number of updated asset objects reloaded before import = 0
Number of asset objects unloaded after import = 0
========================================================================
Received Prepare
Caller must complete domain reload
Begin MonoManager ReloadAssembly
- Loaded All Assemblies, in  0.547 seconds
Native extension for WindowsStandalone target not found
Mono: successfully reloaded assembly
- Finished resetting the current domain, in  1.098 seconds
Domain Reload Profiling: 1642ms
	BeginReloadAssembly (212ms)
		ExecutionOrderSort (0ms)
		DisableScriptedObjects (8ms)
		BackupInstance (0ms)
		ReleaseScriptingObjects (0ms)
		CreateAndSetChildDomain (28ms)
	RebuildCommonClasses (57ms)
	RebuildNativeTypeToScriptingClass (21ms)
	initialDomainReloadingComplete (41ms)
	LoadAllAssembliesAndSetupDomain (212ms)
		LoadAssemblies (321ms)
		RebuildTransferFunctionScriptingTraits (0ms)
		AnalyzeDomain (22ms)
			TypeCache.Refresh (5ms)
				TypeCache.ScanAssembly (0ms)
			ScanForSourceGeneratedMonoScriptInfo (0ms)
			ResolveRequiredComponents (16ms)
	FinalizeReload (1099ms)
		ReleaseScriptCaches (0ms)
		RebuildScriptCaches (0ms)
		SetupLoadedEditorAssemblies (466ms)
			LogAssemblyErrors (0ms)
			InitializePlatformSupportModulesInManaged (13ms)
			SetLoadedEditorAssemblies (6ms)
			RefreshPlugins (0ms)
			BeforeProcessingInitializeOnLoad (89ms)
			ProcessInitializeOnLoadAttributes (313ms)
			ProcessInitializeOnLoadMethodAttributes (34ms)
			AfterProcessingInitializeOnLoad (11ms)
			EditorAssembliesLoaded (0ms)
		ExecutionOrderSort2 (0ms)
		AwakeInstancesAfterBackupRestoration (9ms)
Refreshing native plugins compatible for Editor in 10.01 ms, found 3 plugins.
Preloading 0 native plugins for Editor in 0.00 ms.
Unloading 1937 Unused Serialized files (Serialized files now loaded: 0)
Unloading 18 unused Assets / (1.9 MB). Loaded Objects now: 3140.
Memory consumption went from 115.8 MB to 113.9 MB.
Total: 14.751900 ms (FindLiveObjects: 0.522600 ms CreateObjectMapping: 1.081500 ms MarkObjects: 11.013700 ms  DeleteObjects: 2.130700 ms)

Prepare: number of updated asset objects reloaded= 0
AssetImportParameters requested are different than current active one (requested -> active):
  custom:video-decoder-webm-vp8: 9c59270c3fd7afecdb556c50c9e8de78 -> 
  custom:SearchIndexIgnoredProperties: e643bd26f0fe6173181afceb89e7c659 -> 
  custom:container-demuxer-ogg: 62fdf1f143b41e24485cea50d1cbac27 -> 
  custom:AudioImporter_EditorPlatform: d09bf68614088b80899f8185d706f6e7 -> 
  custom:video-decoder-ogg-theora: a1e56fd34408186e4bbccfd4996cb3dc -> 
  custom:framework-win-MediaFoundation: 216162199b28c13a410421893ffa2e32 -> 
  custom:video-encoder-webm-vp8: eb34c28f22e8b96e1ab97ce403110664 -> 
  custom:audio-decoder-ogg-vorbis: bf7c407c2cedff20999df2af8eb42d56 -> 
  custom:CustomObjectIndexerAttribute: 9a22284fe3817be447336de3de66b15e -> 
  custom:container-demuxer-webm: 4f35f7cbe854078d1ac9338744f61a02 -> 
  custom:audio-encoder-webm-vorbis: bf7c407c2cedff20999df2af8eb42d56 -> 
  custom:scripting/precompiled-assembly-types:Assembly-CSharp: 5dac53145e353a3716fda0e1ef41f87b -> 8b6001cc661067df296ec350cc5951e6
  custom:container-muxer-webm: aa71ff27fc2769a1b78a27578f13a17b -> 
========================================================================
Received Prepare
Caller must complete domain reload
Begin MonoManager ReloadAssembly
- Loaded All Assemblies, in  0.577 seconds
Native extension for WindowsStandalone target not found
Mono: successfully reloaded assembly
- Finished resetting the current domain, in  2.089 seconds
Domain Reload Profiling: 2665ms
	BeginReloadAssembly (233ms)
		ExecutionOrderSort (0ms)
		DisableScriptedObjects (9ms)
		BackupInstance (0ms)
		ReleaseScriptingObjects (0ms)
		CreateAndSetChildDomain (29ms)
	RebuildCommonClasses (60ms)
	RebuildNativeTypeToScriptingClass (28ms)
	initialDomainReloadingComplete (47ms)
	LoadAllAssembliesAndSetupDomain (205ms)
		LoadAssemblies (324ms)
		RebuildTransferFunctionScriptingTraits (0ms)
		AnalyzeDomain (25ms)
			TypeCache.Refresh (6ms)
				TypeCache.ScanAssembly (0ms)
			ScanForSourceGeneratedMonoScriptInfo (0ms)
			ResolveRequiredComponents (18ms)
	FinalizeReload (2093ms)
		ReleaseScriptCaches (0ms)
		RebuildScriptCaches (0ms)
		SetupLoadedEditorAssemblies (1359ms)
			LogAssemblyErrors (0ms)
			InitializePlatformSupportModulesInManaged (13ms)
			SetLoadedEditorAssemblies (6ms)
			RefreshPlugins (0ms)
			BeforeProcessingInitializeOnLoad (87ms)
			ProcessInitializeOnLoadAttributes (1072ms)
			ProcessInitializeOnLoadMethodAttributes (137ms)
			AfterProcessingInitializeOnLoad (44ms)
			EditorAssembliesLoaded (0ms)
		ExecutionOrderSort2 (0ms)
		AwakeInstancesAfterBackupRestoration (37ms)
Refreshing native plugins compatible for Editor in 3.94 ms, found 3 plugins.
Preloading 0 native plugins for Editor in 0.00 ms.
Unloading 1938 Unused Serialized files (Serialized files now loaded: 0)
Unloading 18 unused Assets / (1.9 MB). Loaded Objects now: 3155.
Memory consumption went from 116.0 MB to 114.2 MB.
Total: 6.307700 ms (FindLiveObjects: 0.380000 ms CreateObjectMapping: 0.241900 ms MarkObjects: 4.899200 ms  DeleteObjects: 0.784900 ms)

Prepare: number of updated asset objects reloaded= 0
AssetImportParameters requested are different than current active one (requested -> active):
  custom:video-decoder-webm-vp8: 9c59270c3fd7afecdb556c50c9e8de78 -> 
  custom:SearchIndexIgnoredProperties: e643bd26f0fe6173181afceb89e7c659 -> 
  custom:container-demuxer-ogg: 62fdf1f143b41e24485cea50d1cbac27 -> 
  custom:AudioImporter_EditorPlatform: d09bf68614088b80899f8185d706f6e7 -> 
  custom:video-decoder-ogg-theora: a1e56fd34408186e4bbccfd4996cb3dc -> 
  custom:framework-win-MediaFoundation: 216162199b28c13a410421893ffa2e32 -> 
  custom:video-encoder-webm-vp8: eb34c28f22e8b96e1ab97ce403110664 -> 
  custom:audio-decoder-ogg-vorbis: bf7c407c2cedff20999df2af8eb42d56 -> 
  custom:CustomObjectIndexerAttribute: 9a22284fe3817be447336de3de66b15e -> 
  custom:container-demuxer-webm: 4f35f7cbe854078d1ac9338744f61a02 -> 
  custom:audio-encoder-webm-vorbis: bf7c407c2cedff20999df2af8eb42d56 -> 
  custom:scripting/precompiled-assembly-types:Assembly-CSharp: 5dac53145e353a3716fda0e1ef41f87b -> 8b6001cc661067df296ec350cc5951e6
  custom:container-muxer-webm: aa71ff27fc2769a1b78a27578f13a17b -> 
========================================================================
Received Prepare
Caller must complete domain reload
Begin MonoManager ReloadAssembly
- Loaded All Assemblies, in  0.532 seconds
Native extension for WindowsStandalone target not found
Mono: successfully reloaded assembly
- Finished resetting the current domain, in  0.973 seconds
Domain Reload Profiling: 1502ms
	BeginReloadAssembly (202ms)
		ExecutionOrderSort (0ms)
		DisableScriptedObjects (7ms)
		BackupInstance (0ms)
		ReleaseScriptingObjects (0ms)
		CreateAndSetChildDomain (30ms)
	RebuildCommonClasses (53ms)
	RebuildNativeTypeToScriptingClass (18ms)
	initialDomainReloadingComplete (46ms)
	LoadAllAssembliesAndSetupDomain (209ms)
		LoadAssemblies (291ms)
		RebuildTransferFunctionScriptingTraits (0ms)
		AnalyzeDomain (36ms)
			TypeCache.Refresh (8ms)
				TypeCache.ScanAssembly (2ms)
			ScanForSourceGeneratedMonoScriptInfo (14ms)
			ResolveRequiredComponents (13ms)
	FinalizeReload (974ms)
		ReleaseScriptCaches (0ms)
		RebuildScriptCaches (0ms)
		SetupLoadedEditorAssemblies (418ms)
			LogAssemblyErrors (0ms)
			InitializePlatformSupportModulesInManaged (10ms)
			SetLoadedEditorAssemblies (8ms)
			RefreshPlugins (0ms)
			BeforeProcessingInitializeOnLoad (118ms)
			ProcessInitializeOnLoadAttributes (244ms)
			ProcessInitializeOnLoadMethodAttributes (28ms)
			AfterProcessingInitializeOnLoad (10ms)
			EditorAssembliesLoaded (0ms)
		ExecutionOrderSort2 (0ms)
		AwakeInstancesAfterBackupRestoration (9ms)
Refreshing native plugins compatible for Editor in 3.40 ms, found 3 plugins.
Preloading 0 native plugins for Editor in 0.00 ms.
Unloading 1938 Unused Serialized files (Serialized files now loaded: 0)
Unloading 18 unused Assets / (1.9 MB). Loaded Objects now: 3170.
Memory consumption went from 116.1 MB to 114.2 MB.
Total: 5.732600 ms (FindLiveObjects: 0.331200 ms CreateObjectMapping: 0.191300 ms MarkObjects: 4.654200 ms  DeleteObjects: 0.554600 ms)

Prepare: number of updated asset objects reloaded= 0
AssetImportParameters requested are different than current active one (requested -> active):
  custom:video-decoder-webm-vp8: 9c59270c3fd7afecdb556c50c9e8de78 -> 
  custom:SearchIndexIgnoredProperties: e643bd26f0fe6173181afceb89e7c659 -> 
  custom:container-demuxer-ogg: 62fdf1f143b41e24485cea50d1cbac27 -> 
  custom:AudioImporter_EditorPlatform: d09bf68614088b80899f8185d706f6e7 -> 
  custom:video-decoder-ogg-theora: a1e56fd34408186e4bbccfd4996cb3dc -> 
  custom:framework-win-MediaFoundation: 216162199b28c13a410421893ffa2e32 -> 
  custom:video-encoder-webm-vp8: eb34c28f22e8b96e1ab97ce403110664 -> 
  custom:audio-decoder-ogg-vorbis: bf7c407c2cedff20999df2af8eb42d56 -> 
  custom:CustomObjectIndexerAttribute: 9a22284fe3817be447336de3de66b15e -> 
  custom:container-demuxer-webm: 4f35f7cbe854078d1ac9338744f61a02 -> 
  custom:audio-encoder-webm-vorbis: bf7c407c2cedff20999df2af8eb42d56 -> 
  custom:scripting/precompiled-assembly-types:Assembly-CSharp: 1df694726e08aa7630ff164f36d42a9c -> 8b6001cc661067df296ec350cc5951e6
  custom:container-muxer-webm: aa71ff27fc2769a1b78a27578f13a17b -> 
========================================================================
Received Prepare
Caller must complete domain reload
Begin MonoManager ReloadAssembly
- Loaded All Assemblies, in  0.504 seconds
Native extension for WindowsStandalone target not found
Mono: successfully reloaded assembly
- Finished resetting the current domain, in  1.764 seconds
Domain Reload Profiling: 2264ms
	BeginReloadAssembly (204ms)
		ExecutionOrderSort (0ms)
		DisableScriptedObjects (8ms)
		BackupInstance (0ms)
		ReleaseScriptingObjects (0ms)
		CreateAndSetChildDomain (26ms)
	RebuildCommonClasses (55ms)
	RebuildNativeTypeToScriptingClass (17ms)
	initialDomainReloadingComplete (38ms)
	LoadAllAssembliesAndSetupDomain (186ms)
		LoadAssemblies (289ms)
		RebuildTransferFunctionScriptingTraits (0ms)
		AnalyzeDomain (18ms)
			TypeCache.Refresh (4ms)
				TypeCache.ScanAssembly (0ms)
			ScanForSourceGeneratedMonoScriptInfo (0ms)
			ResolveRequiredComponents (13ms)
	FinalizeReload (1765ms)
		ReleaseScriptCaches (0ms)
		RebuildScriptCaches (0ms)
		SetupLoadedEditorAssemblies (1137ms)
			LogAssemblyErrors (0ms)
			InitializePlatformSupportModulesInManaged (12ms)
			SetLoadedEditorAssemblies (5ms)
			RefreshPlugins (0ms)
			BeforeProcessingInitializeOnLoad (82ms)
			ProcessInitializeOnLoadAttributes (887ms)
			ProcessInitializeOnLoadMethodAttributes (113ms)
			AfterProcessingInitializeOnLoad (37ms)
			EditorAssembliesLoaded (1ms)
		ExecutionOrderSort2 (0ms)
		AwakeInstancesAfterBackupRestoration (31ms)
Refreshing native plugins compatible for Editor in 16.60 ms, found 3 plugins.
Preloading 0 native plugins for Editor in 0.00 ms.
Unloading 1938 Unused Serialized files (Serialized files now loaded: 0)
Unloading 18 unused Assets / (1.9 MB). Loaded Objects now: 3185.
Memory consumption went from 116.1 MB to 114.2 MB.
Total: 12.859800 ms (FindLiveObjects: 1.285400 ms CreateObjectMapping: 1.199400 ms MarkObjects: 9.741900 ms  DeleteObjects: 0.629900 ms)

Prepare: number of updated asset objects reloaded= 0
AssetImportParameters requested are different than current active one (requested -> active):
  custom:video-decoder-webm-vp8: 9c59270c3fd7afecdb556c50c9e8de78 -> 
  custom:SearchIndexIgnoredProperties: e643bd26f0fe6173181afceb89e7c659 -> 
  custom:container-demuxer-ogg: 62fdf1f143b41e24485cea50d1cbac27 -> 
  custom:AudioImporter_EditorPlatform: d09bf68614088b80899f8185d706f6e7 -> 
  custom:video-decoder-ogg-theora: a1e56fd34408186e4bbccfd4996cb3dc -> 
  custom:framework-win-MediaFoundation: 216162199b28c13a410421893ffa2e32 -> 
  custom:video-encoder-webm-vp8: eb34c28f22e8b96e1ab97ce403110664 -> 
  custom:audio-decoder-ogg-vorbis: bf7c407c2cedff20999df2af8eb42d56 -> 
  custom:CustomObjectIndexerAttribute: 9a22284fe3817be447336de3de66b15e -> 
  custom:container-demuxer-webm: 4f35f7cbe854078d1ac9338744f61a02 -> 
  custom:audio-encoder-webm-vorbis: bf7c407c2cedff20999df2af8eb42d56 -> 
  custom:scripting/precompiled-assembly-types:Assembly-CSharp: 1df694726e08aa7630ff164f36d42a9c -> 8b6001cc661067df296ec350cc5951e6
  custom:container-muxer-webm: aa71ff27fc2769a1b78a27578f13a17b -> 
========================================================================
Received Prepare
Caller must complete domain reload
Begin MonoManager ReloadAssembly
- Loaded All Assemblies, in  0.551 seconds
Native extension for WindowsStandalone target not found
Mono: successfully reloaded assembly
- Finished resetting the current domain, in  2.199 seconds
Domain Reload Profiling: 2748ms
	BeginReloadAssembly (226ms)
		ExecutionOrderSort (0ms)
		DisableScriptedObjects (9ms)
		BackupInstance (0ms)
		ReleaseScriptingObjects (0ms)
		CreateAndSetChildDomain (31ms)
	RebuildCommonClasses (57ms)
	RebuildNativeTypeToScriptingClass (23ms)
	initialDomainReloadingComplete (42ms)
	LoadAllAssembliesAndSetupDomain (199ms)
		LoadAssemblies (320ms)
		RebuildTransferFunctionScriptingTraits (0ms)
		AnalyzeDomain (20ms)
			TypeCache.Refresh (5ms)
				TypeCache.ScanAssembly (0ms)
			ScanForSourceGeneratedMonoScriptInfo (0ms)
			ResolveRequiredComponents (14ms)
	FinalizeReload (2201ms)
		ReleaseScriptCaches (0ms)
		RebuildScriptCaches (0ms)
		SetupLoadedEditorAssemblies (1517ms)
			LogAssemblyErrors (0ms)
			InitializePlatformSupportModulesInManaged (10ms)
			SetLoadedEditorAssemblies (7ms)
			RefreshPlugins (0ms)
			BeforeProcessingInitializeOnLoad (240ms)
			ProcessInitializeOnLoadAttributes (1074ms)
			ProcessInitializeOnLoadMethodAttributes (139ms)
			AfterProcessingInitializeOnLoad (48ms)
			EditorAssembliesLoaded (0ms)
		ExecutionOrderSort2 (0ms)
		AwakeInstancesAfterBackupRestoration (36ms)
Refreshing native plugins compatible for Editor in 10.44 ms, found 3 plugins.
Preloading 0 native plugins for Editor in 0.00 ms.
Unloading 1938 Unused Serialized files (Serialized files now loaded: 0)
Unloading 18 unused Assets / (1.9 MB). Loaded Objects now: 3200.
Memory consumption went from 116.1 MB to 114.2 MB.
Total: 15.201700 ms (FindLiveObjects: 4.060700 ms CreateObjectMapping: 0.575800 ms MarkObjects: 8.244400 ms  DeleteObjects: 2.315500 ms)

Prepare: number of updated asset objects reloaded= 0
AssetImportParameters requested are different than current active one (requested -> active):
  custom:video-decoder-webm-vp8: 9c59270c3fd7afecdb556c50c9e8de78 -> 
  custom:SearchIndexIgnoredProperties: e643bd26f0fe6173181afceb89e7c659 -> 
  custom:container-demuxer-ogg: 62fdf1f143b41e24485cea50d1cbac27 -> 
  custom:AudioImporter_EditorPlatform: d09bf68614088b80899f8185d706f6e7 -> 
  custom:video-decoder-ogg-theora: a1e56fd34408186e4bbccfd4996cb3dc -> 
  custom:framework-win-MediaFoundation: 216162199b28c13a410421893ffa2e32 -> 
  custom:video-encoder-webm-vp8: eb34c28f22e8b96e1ab97ce403110664 -> 
  custom:audio-decoder-ogg-vorbis: bf7c407c2cedff20999df2af8eb42d56 -> 
  custom:CustomObjectIndexerAttribute: 9a22284fe3817be447336de3de66b15e -> 
  custom:container-demuxer-webm: 4f35f7cbe854078d1ac9338744f61a02 -> 
  custom:audio-encoder-webm-vorbis: bf7c407c2cedff20999df2af8eb42d56 -> 
  custom:scripting/precompiled-assembly-types:Assembly-CSharp: 1df694726e08aa7630ff164f36d42a9c -> 8b6001cc661067df296ec350cc5951e6
  custom:container-muxer-webm: aa71ff27fc2769a1b78a27578f13a17b -> 
========================================================================
Received Prepare
Caller must complete domain reload
Begin MonoManager ReloadAssembly
- Loaded All Assemblies, in  0.536 seconds
Native extension for WindowsStandalone target not found
Mono: successfully reloaded assembly
- Finished resetting the current domain, in  2.161 seconds
Domain Reload Profiling: 2693ms
	BeginReloadAssembly (215ms)
		ExecutionOrderSort (0ms)
		DisableScriptedObjects (7ms)
		BackupInstance (0ms)
		ReleaseScriptingObjects (0ms)
		CreateAndSetChildDomain (28ms)
	RebuildCommonClasses (56ms)
	RebuildNativeTypeToScriptingClass (20ms)
	initialDomainReloadingComplete (43ms)
	LoadAllAssembliesAndSetupDomain (197ms)
		LoadAssemblies (304ms)
		RebuildTransferFunctionScriptingTraits (0ms)
		AnalyzeDomain (21ms)
			TypeCache.Refresh (5ms)
				TypeCache.ScanAssembly (0ms)
			ScanForSourceGeneratedMonoScriptInfo (0ms)
			ResolveRequiredComponents (16ms)
	FinalizeReload (2162ms)
		ReleaseScriptCaches (0ms)
		RebuildScriptCaches (0ms)
		SetupLoadedEditorAssemblies (1463ms)
			LogAssemblyErrors (0ms)
			InitializePlatformSupportModulesInManaged (11ms)
			SetLoadedEditorAssemblies (6ms)
			RefreshPlugins (0ms)
			BeforeProcessingInitializeOnLoad (94ms)
			ProcessInitializeOnLoadAttributes (1156ms)
			ProcessInitializeOnLoadMethodAttributes (139ms)
			AfterProcessingInitializeOnLoad (56ms)
			EditorAssembliesLoaded (1ms)
		ExecutionOrderSort2 (0ms)
		AwakeInstancesAfterBackupRestoration (43ms)
Refreshing native plugins compatible for Editor in 12.78 ms, found 3 plugins.
Preloading 0 native plugins for Editor in 0.00 ms.
Unloading 1938 Unused Serialized files (Serialized files now loaded: 0)
Unloading 18 unused Assets / (1.9 MB). Loaded Objects now: 3215.
Memory consumption went from 116.1 MB to 114.2 MB.
Total: 14.217600 ms (FindLiveObjects: 0.397800 ms CreateObjectMapping: 0.984600 ms MarkObjects: 10.245300 ms  DeleteObjects: 2.585800 ms)

Prepare: number of updated asset objects reloaded= 0
AssetImportParameters requested are different than current active one (requested -> active):
  custom:video-decoder-webm-vp8: 9c59270c3fd7afecdb556c50c9e8de78 -> 
  custom:SearchIndexIgnoredProperties: e643bd26f0fe6173181afceb89e7c659 -> 
  custom:container-demuxer-ogg: 62fdf1f143b41e24485cea50d1cbac27 -> 
  custom:AudioImporter_EditorPlatform: d09bf68614088b80899f8185d706f6e7 -> 
  custom:video-decoder-ogg-theora: a1e56fd34408186e4bbccfd4996cb3dc -> 
  custom:framework-win-MediaFoundation: 216162199b28c13a410421893ffa2e32 -> 
  custom:video-encoder-webm-vp8: eb34c28f22e8b96e1ab97ce403110664 -> 
  custom:audio-decoder-ogg-vorbis: bf7c407c2cedff20999df2af8eb42d56 -> 
  custom:CustomObjectIndexerAttribute: 9a22284fe3817be447336de3de66b15e -> 
  custom:container-demuxer-webm: 4f35f7cbe854078d1ac9338744f61a02 -> 
  custom:audio-encoder-webm-vorbis: bf7c407c2cedff20999df2af8eb42d56 -> 
  custom:scripting/precompiled-assembly-types:Assembly-CSharp: 1df694726e08aa7630ff164f36d42a9c -> 8b6001cc661067df296ec350cc5951e6
  custom:container-muxer-webm: aa71ff27fc2769a1b78a27578f13a17b -> 
========================================================================
Received Prepare
Caller must complete domain reload
Begin MonoManager ReloadAssembly
- Loaded All Assemblies, in  0.551 seconds
Native extension for WindowsStandalone target not found
Mono: successfully reloaded assembly
- Finished resetting the current domain, in  1.046 seconds
Domain Reload Profiling: 1594ms
	BeginReloadAssembly (206ms)
		ExecutionOrderSort (0ms)
		DisableScriptedObjects (8ms)
		BackupInstance (0ms)
		ReleaseScriptingObjects (0ms)
		CreateAndSetChildDomain (27ms)
	RebuildCommonClasses (52ms)
	RebuildNativeTypeToScriptingClass (17ms)
	initialDomainReloadingComplete (41ms)
	LoadAllAssembliesAndSetupDomain (232ms)
		LoadAssemblies (321ms)
		RebuildTransferFunctionScriptingTraits (0ms)
		AnalyzeDomain (39ms)
			TypeCache.Refresh (8ms)
				TypeCache.ScanAssembly (1ms)
			ScanForSourceGeneratedMonoScriptInfo (14ms)
			ResolveRequiredComponents (17ms)
	FinalizeReload (1046ms)
		ReleaseScriptCaches (0ms)
		RebuildScriptCaches (0ms)
		SetupLoadedEditorAssemblies (489ms)
			LogAssemblyErrors (0ms)
			InitializePlatformSupportModulesInManaged (10ms)
			SetLoadedEditorAssemblies (6ms)
			RefreshPlugins (0ms)
			BeforeProcessingInitializeOnLoad (103ms)
			ProcessInitializeOnLoadAttributes (313ms)
			ProcessInitializeOnLoadMethodAttributes (35ms)
			AfterProcessingInitializeOnLoad (22ms)
			EditorAssembliesLoaded (0ms)
		ExecutionOrderSort2 (0ms)
		AwakeInstancesAfterBackupRestoration (10ms)
Refreshing native plugins compatible for Editor in 3.17 ms, found 3 plugins.
Preloading 0 native plugins for Editor in 0.00 ms.
Unloading 1938 Unused Serialized files (Serialized files now loaded: 0)
Unloading 18 unused Assets / (1.9 MB). Loaded Objects now: 3230.
Memory consumption went from 116.1 MB to 114.2 MB.
Total: 6.824100 ms (FindLiveObjects: 0.363500 ms CreateObjectMapping: 0.174400 ms MarkObjects: 5.630100 ms  DeleteObjects: 0.655000 ms)

Prepare: number of updated asset objects reloaded= 0
AssetImportParameters requested are different than current active one (requested -> active):
  custom:video-decoder-webm-vp8: 9c59270c3fd7afecdb556c50c9e8de78 -> 
  custom:SearchIndexIgnoredProperties: e643bd26f0fe6173181afceb89e7c659 -> 
  custom:container-demuxer-ogg: 62fdf1f143b41e24485cea50d1cbac27 -> 
  custom:AudioImporter_EditorPlatform: d09bf68614088b80899f8185d706f6e7 -> 
  custom:video-decoder-ogg-theora: a1e56fd34408186e4bbccfd4996cb3dc -> 
  custom:framework-win-MediaFoundation: 216162199b28c13a410421893ffa2e32 -> 
  custom:video-encoder-webm-vp8: eb34c28f22e8b96e1ab97ce403110664 -> 
  custom:audio-decoder-ogg-vorbis: bf7c407c2cedff20999df2af8eb42d56 -> 
  custom:CustomObjectIndexerAttribute: 9a22284fe3817be447336de3de66b15e -> 
  custom:container-demuxer-webm: 4f35f7cbe854078d1ac9338744f61a02 -> 
  custom:audio-encoder-webm-vorbis: bf7c407c2cedff20999df2af8eb42d56 -> 
  custom:scripting/precompiled-assembly-types:Assembly-CSharp: 1df694726e08aa7630ff164f36d42a9c -> 8b6001cc661067df296ec350cc5951e6
  custom:container-muxer-webm: aa71ff27fc2769a1b78a27578f13a17b -> 
========================================================================
Received Prepare
Caller must complete domain reload
Begin MonoManager ReloadAssembly
- Loaded All Assemblies, in  0.506 seconds
Native extension for WindowsStandalone target not found
Mono: successfully reloaded assembly
- Finished resetting the current domain, in  0.958 seconds
Domain Reload Profiling: 1460ms
	BeginReloadAssembly (199ms)
		ExecutionOrderSort (0ms)
		DisableScriptedObjects (9ms)
		BackupInstance (0ms)
		ReleaseScriptingObjects (0ms)
		CreateAndSetChildDomain (24ms)
	RebuildCommonClasses (50ms)
	RebuildNativeTypeToScriptingClass (15ms)
	initialDomainReloadingComplete (46ms)
	LoadAllAssembliesAndSetupDomain (191ms)
		LoadAssemblies (292ms)
		RebuildTransferFunctionScriptingTraits (0ms)
		AnalyzeDomain (21ms)
			TypeCache.Refresh (6ms)
				TypeCache.ScanAssembly (0ms)
			ScanForSourceGeneratedMonoScriptInfo (0ms)
			ResolveRequiredComponents (14ms)
	FinalizeReload (959ms)
		ReleaseScriptCaches (0ms)
		RebuildScriptCaches (0ms)
		SetupLoadedEditorAssemblies (446ms)
			LogAssemblyErrors (0ms)
			InitializePlatformSupportModulesInManaged (9ms)
			SetLoadedEditorAssemblies (6ms)
			RefreshPlugins (0ms)
			BeforeProcessingInitializeOnLoad (85ms)
			ProcessInitializeOnLoadAttributes (303ms)
			ProcessInitializeOnLoadMethodAttributes (32ms)
			AfterProcessingInitializeOnLoad (10ms)
			EditorAssembliesLoaded (0ms)
		ExecutionOrderSort2 (0ms)
		AwakeInstancesAfterBackupRestoration (9ms)
Refreshing native plugins compatible for Editor in 10.03 ms, found 3 plugins.
Preloading 0 native plugins for Editor in 0.00 ms.
Unloading 1938 Unused Serialized files (Serialized files now loaded: 0)
Unloading 18 unused Assets / (1.9 MB). Loaded Objects now: 3245.
Memory consumption went from 116.1 MB to 114.2 MB.
Total: 11.227400 ms (FindLiveObjects: 0.500200 ms CreateObjectMapping: 0.254200 ms MarkObjects: 7.215400 ms  DeleteObjects: 3.253300 ms)

Prepare: number of updated asset objects reloaded= 0
AssetImportParameters requested are different than current active one (requested -> active):
  custom:video-decoder-webm-vp8: 9c59270c3fd7afecdb556c50c9e8de78 -> 
  custom:SearchIndexIgnoredProperties: e643bd26f0fe6173181afceb89e7c659 -> 
  custom:container-demuxer-ogg: 62fdf1f143b41e24485cea50d1cbac27 -> 
  custom:AudioImporter_EditorPlatform: d09bf68614088b80899f8185d706f6e7 -> 
  custom:video-decoder-ogg-theora: a1e56fd34408186e4bbccfd4996cb3dc -> 
  custom:framework-win-MediaFoundation: 216162199b28c13a410421893ffa2e32 -> 
  custom:video-encoder-webm-vp8: eb34c28f22e8b96e1ab97ce403110664 -> 
  custom:audio-decoder-ogg-vorbis: bf7c407c2cedff20999df2af8eb42d56 -> 
  custom:CustomObjectIndexerAttribute: 9a22284fe3817be447336de3de66b15e -> 
  custom:container-demuxer-webm: 4f35f7cbe854078d1ac9338744f61a02 -> 
  custom:audio-encoder-webm-vorbis: bf7c407c2cedff20999df2af8eb42d56 -> 
  custom:scripting/precompiled-assembly-types:Assembly-CSharp: 1df694726e08aa7630ff164f36d42a9c -> 8b6001cc661067df296ec350cc5951e6
  custom:container-muxer-webm: aa71ff27fc2769a1b78a27578f13a17b -> 
========================================================================
Received Prepare
Caller must complete domain reload
Begin MonoManager ReloadAssembly
- Loaded All Assemblies, in  0.538 seconds
Native extension for WindowsStandalone target not found
Mono: successfully reloaded assembly
- Finished resetting the current domain, in  0.999 seconds
Domain Reload Profiling: 1533ms
	BeginReloadAssembly (219ms)
		ExecutionOrderSort (0ms)
		DisableScriptedObjects (10ms)
		BackupInstance (0ms)
		ReleaseScriptingObjects (0ms)
		CreateAndSetChildDomain (30ms)
	RebuildCommonClasses (57ms)
	RebuildNativeTypeToScriptingClass (21ms)
	initialDomainReloadingComplete (42ms)
	LoadAllAssembliesAndSetupDomain (195ms)
		LoadAssemblies (306ms)
		RebuildTransferFunctionScriptingTraits (0ms)
		AnalyzeDomain (20ms)
			TypeCache.Refresh (5ms)
				TypeCache.ScanAssembly (0ms)
			ScanForSourceGeneratedMonoScriptInfo (0ms)
			ResolveRequiredComponents (14ms)
	FinalizeReload (999ms)
		ReleaseScriptCaches (0ms)
		RebuildScriptCaches (0ms)
		SetupLoadedEditorAssemblies (481ms)
			LogAssemblyErrors (0ms)
			InitializePlatformSupportModulesInManaged (19ms)
			SetLoadedEditorAssemblies (5ms)
			RefreshPlugins (0ms)
			BeforeProcessingInitializeOnLoad (89ms)
			ProcessInitializeOnLoadAttributes (312ms)
			ProcessInitializeOnLoadMethodAttributes (41ms)
			AfterProcessingInitializeOnLoad (15ms)
			EditorAssembliesLoaded (0ms)
		ExecutionOrderSort2 (0ms)
		AwakeInstancesAfterBackupRestoration (10ms)
Refreshing native plugins compatible for Editor in 7.26 ms, found 3 plugins.
Preloading 0 native plugins for Editor in 0.00 ms.
Unloading 1938 Unused Serialized files (Serialized files now loaded: 0)
Unloading 18 unused Assets / (1.9 MB). Loaded Objects now: 3260.
Memory consumption went from 116.1 MB to 114.2 MB.
Total: 10.060200 ms (FindLiveObjects: 1.041300 ms CreateObjectMapping: 0.312200 ms MarkObjects: 8.046200 ms  DeleteObjects: 0.657900 ms)

Prepare: number of updated asset objects reloaded= 0
AssetImportParameters requested are different than current active one (requested -> active):
  custom:video-decoder-webm-vp8: 9c59270c3fd7afecdb556c50c9e8de78 -> 
  custom:SearchIndexIgnoredProperties: e643bd26f0fe6173181afceb89e7c659 -> 
  custom:container-demuxer-ogg: 62fdf1f143b41e24485cea50d1cbac27 -> 
  custom:AudioImporter_EditorPlatform: d09bf68614088b80899f8185d706f6e7 -> 
  custom:video-decoder-ogg-theora: a1e56fd34408186e4bbccfd4996cb3dc -> 
  custom:framework-win-MediaFoundation: 216162199b28c13a410421893ffa2e32 -> 
  custom:video-encoder-webm-vp8: eb34c28f22e8b96e1ab97ce403110664 -> 
  custom:audio-decoder-ogg-vorbis: bf7c407c2cedff20999df2af8eb42d56 -> 
  custom:CustomObjectIndexerAttribute: 9a22284fe3817be447336de3de66b15e -> 
  custom:container-demuxer-webm: 4f35f7cbe854078d1ac9338744f61a02 -> 
  custom:audio-encoder-webm-vorbis: bf7c407c2cedff20999df2af8eb42d56 -> 
  custom:scripting/precompiled-assembly-types:Assembly-CSharp: 1df694726e08aa7630ff164f36d42a9c -> 8b6001cc661067df296ec350cc5951e6
  custom:container-muxer-webm: aa71ff27fc2769a1b78a27578f13a17b -> 
========================================================================
Received Prepare
Caller must complete domain reload
Begin MonoManager ReloadAssembly
- Loaded All Assemblies, in  0.556 seconds
Native extension for WindowsStandalone target not found
Mono: successfully reloaded assembly
- Finished resetting the current domain, in  1.023 seconds
Domain Reload Profiling: 1575ms
	BeginReloadAssembly (247ms)
		ExecutionOrderSort (0ms)
		DisableScriptedObjects (7ms)
		BackupInstance (0ms)
		ReleaseScriptingObjects (0ms)
		CreateAndSetChildDomain (29ms)
	RebuildCommonClasses (59ms)
	RebuildNativeTypeToScriptingClass (17ms)
	initialDomainReloadingComplete (41ms)
	LoadAllAssembliesAndSetupDomain (188ms)
		LoadAssemblies (308ms)
		RebuildTransferFunctionScriptingTraits (0ms)
		AnalyzeDomain (21ms)
			TypeCache.Refresh (5ms)
				TypeCache.ScanAssembly (0ms)
			ScanForSourceGeneratedMonoScriptInfo (0ms)
			ResolveRequiredComponents (15ms)
	FinalizeReload (1023ms)
		ReleaseScriptCaches (0ms)
		RebuildScriptCaches (0ms)
		SetupLoadedEditorAssemblies (483ms)
			LogAssemblyErrors (0ms)
			InitializePlatformSupportModulesInManaged (11ms)
			SetLoadedEditorAssemblies (7ms)
			RefreshPlugins (0ms)
			BeforeProcessingInitializeOnLoad (95ms)
			ProcessInitializeOnLoadAttributes (318ms)
			ProcessInitializeOnLoadMethodAttributes (37ms)
			AfterProcessingInitializeOnLoad (14ms)
			EditorAssembliesLoaded (0ms)
		ExecutionOrderSort2 (0ms)
		AwakeInstancesAfterBackupRestoration (9ms)
Refreshing native plugins compatible for Editor in 8.12 ms, found 3 plugins.
Preloading 0 native plugins for Editor in 0.00 ms.
Unloading 1938 Unused Serialized files (Serialized files now loaded: 0)
Unloading 18 unused Assets / (1.9 MB). Loaded Objects now: 3275.
Memory consumption went from 116.1 MB to 114.2 MB.
Total: 20.583800 ms (FindLiveObjects: 0.346700 ms CreateObjectMapping: 0.318400 ms MarkObjects: 17.824500 ms  DeleteObjects: 2.091300 ms)

Prepare: number of updated asset objects reloaded= 0
AssetImportParameters requested are different than current active one (requested -> active):
  custom:video-decoder-webm-vp8: 9c59270c3fd7afecdb556c50c9e8de78 -> 
  custom:SearchIndexIgnoredProperties: e643bd26f0fe6173181afceb89e7c659 -> 
  custom:container-demuxer-ogg: 62fdf1f143b41e24485cea50d1cbac27 -> 
  custom:AudioImporter_EditorPlatform: d09bf68614088b80899f8185d706f6e7 -> 
  custom:video-decoder-ogg-theora: a1e56fd34408186e4bbccfd4996cb3dc -> 
  custom:framework-win-MediaFoundation: 216162199b28c13a410421893ffa2e32 -> 
  custom:video-encoder-webm-vp8: eb34c28f22e8b96e1ab97ce403110664 -> 
  custom:audio-decoder-ogg-vorbis: bf7c407c2cedff20999df2af8eb42d56 -> 
  custom:CustomObjectIndexerAttribute: 9a22284fe3817be447336de3de66b15e -> 
  custom:container-demuxer-webm: 4f35f7cbe854078d1ac9338744f61a02 -> 
  custom:audio-encoder-webm-vorbis: bf7c407c2cedff20999df2af8eb42d56 -> 
  custom:scripting/precompiled-assembly-types:Assembly-CSharp: 1df694726e08aa7630ff164f36d42a9c -> 8b6001cc661067df296ec350cc5951e6
  custom:container-muxer-webm: aa71ff27fc2769a1b78a27578f13a17b -> 
========================================================================
Received Prepare
Caller must complete domain reload
Begin MonoManager ReloadAssembly
- Loaded All Assemblies, in  0.535 seconds
Native extension for WindowsStandalone target not found
Mono: successfully reloaded assembly
- Finished resetting the current domain, in  1.107 seconds
Domain Reload Profiling: 1641ms
	BeginReloadAssembly (210ms)
		ExecutionOrderSort (0ms)
		DisableScriptedObjects (7ms)
		BackupInstance (0ms)
		ReleaseScriptingObjects (0ms)
		CreateAndSetChildDomain (30ms)
	RebuildCommonClasses (53ms)
	RebuildNativeTypeToScriptingClass (23ms)
	initialDomainReloadingComplete (39ms)
	LoadAllAssembliesAndSetupDomain (206ms)
		LoadAssemblies (309ms)
		RebuildTransferFunctionScriptingTraits (0ms)
		AnalyzeDomain (21ms)
			TypeCache.Refresh (5ms)
				TypeCache.ScanAssembly (0ms)
			ScanForSourceGeneratedMonoScriptInfo (0ms)
			ResolveRequiredComponents (15ms)
	FinalizeReload (1110ms)
		ReleaseScriptCaches (0ms)
		RebuildScriptCaches (0ms)
		SetupLoadedEditorAssemblies (453ms)
			LogAssemblyErrors (0ms)
			InitializePlatformSupportModulesInManaged (10ms)
			SetLoadedEditorAssemblies (6ms)
			RefreshPlugins (0ms)
			BeforeProcessingInitializeOnLoad (88ms)
			ProcessInitializeOnLoadAttributes (290ms)
			ProcessInitializeOnLoadMethodAttributes (42ms)
			AfterProcessingInitializeOnLoad (16ms)
			EditorAssembliesLoaded (0ms)
		ExecutionOrderSort2 (0ms)
		AwakeInstancesAfterBackupRestoration (38ms)
Refreshing native plugins compatible for Editor in 7.36 ms, found 3 plugins.
Preloading 0 native plugins for Editor in 0.00 ms.
Unloading 1938 Unused Serialized files (Serialized files now loaded: 0)
Unloading 18 unused Assets / (1.9 MB). Loaded Objects now: 3290.
Memory consumption went from 116.1 MB to 114.3 MB.
Total: 11.692300 ms (FindLiveObjects: 0.509200 ms CreateObjectMapping: 1.109200 ms MarkObjects: 9.460100 ms  DeleteObjects: 0.612300 ms)

Prepare: number of updated asset objects reloaded= 0
AssetImportParameters requested are different than current active one (requested -> active):
  custom:video-decoder-webm-vp8: 9c59270c3fd7afecdb556c50c9e8de78 -> 
  custom:SearchIndexIgnoredProperties: e643bd26f0fe6173181afceb89e7c659 -> 
  custom:container-demuxer-ogg: 62fdf1f143b41e24485cea50d1cbac27 -> 
  custom:AudioImporter_EditorPlatform: d09bf68614088b80899f8185d706f6e7 -> 
  custom:video-decoder-ogg-theora: a1e56fd34408186e4bbccfd4996cb3dc -> 
  custom:framework-win-MediaFoundation: 216162199b28c13a410421893ffa2e32 -> 
  custom:video-encoder-webm-vp8: eb34c28f22e8b96e1ab97ce403110664 -> 
  custom:audio-decoder-ogg-vorbis: bf7c407c2cedff20999df2af8eb42d56 -> 
  custom:CustomObjectIndexerAttribute: 9a22284fe3817be447336de3de66b15e -> 
  custom:container-demuxer-webm: 4f35f7cbe854078d1ac9338744f61a02 -> 
  custom:audio-encoder-webm-vorbis: bf7c407c2cedff20999df2af8eb42d56 -> 
  custom:scripting/precompiled-assembly-types:Assembly-CSharp: 1df694726e08aa7630ff164f36d42a9c -> 8b6001cc661067df296ec350cc5951e6
  custom:container-muxer-webm: aa71ff27fc2769a1b78a27578f13a17b -> 
========================================================================
Received Import Request.
  Time since last request: 1472.796486 seconds.
  path: Assets/SceneTutorial/Tutorial.unity
  artifactKey: Guid(8b6c947e09338cd42a5c242aa9d95984) Importer(815301076,1909f56bfc062723c751e8b465ee728b)
Start importing Assets/SceneTutorial/Tutorial.unity using Guid(8b6c947e09338cd42a5c242aa9d95984) Importer(815301076,1909f56bfc062723c751e8b465ee728b) [PhysX] Initialized MultithreadedTaskDispatcher with 4 workers.
 -> (artifact id: 'a299757b3bb1b820bea35637e20ebe10') in 0.002981 seconds
Number of updated asset objects reloaded before import = 0
Number of asset objects unloaded after import = 0
========================================================================
Received Import Request.
  Time since last request: 8.681859 seconds.
  path: Assets/Intro Scene/IntroScene.unity
  artifactKey: Guid(ef7152f12a87e824c8c6d08a9f2d1a5e) Importer(815301076,1909f56bfc062723c751e8b465ee728b)
Start importing Assets/Intro Scene/IntroScene.unity using Guid(ef7152f12a87e824c8c6d08a9f2d1a5e) Importer(815301076,1909f56bfc062723c751e8b465ee728b) [PhysX] Initialized MultithreadedTaskDispatcher with 4 workers.
 -> (artifact id: '0e125fdfed4a3547bb54de78851b3456') in 0.001609 seconds
Number of updated asset objects reloaded before import = 0
Number of asset objects unloaded after import = 0
========================================================================
Received Import Request.
  Time since last request: 45.740247 seconds.
  path: Assets/Scene_1/The prototype.unity
  artifactKey: Guid(cbaffd801325ea249aad7847dbcab493) Importer(815301076,1909f56bfc062723c751e8b465ee728b)
Start importing Assets/Scene_1/The prototype.unity using Guid(cbaffd801325ea249aad7847dbcab493) Importer(815301076,1909f56bfc062723c751e8b465ee728b) [PhysX] Initialized MultithreadedTaskDispatcher with 4 workers.
 -> (artifact id: 'e69fcb1e0c2c745e35a7c80198234799') in 0.001019 seconds
Number of updated asset objects reloaded before import = 0
Number of asset objects unloaded after import = 0
========================================================================
Received Import Request.
  Time since last request: 29.357084 seconds.
  path: Assets/Main Menu/MainMenuScene.unity
  artifactKey: Guid(39bd5324feb062c449d2b28407c0e7b1) Importer(815301076,1909f56bfc062723c751e8b465ee728b)
Start importing Assets/Main Menu/MainMenuScene.unity using Guid(39bd5324feb062c449d2b28407c0e7b1) Importer(815301076,1909f56bfc062723c751e8b465ee728b) [PhysX] Initialized MultithreadedTaskDispatcher with 4 workers.
 -> (artifact id: 'ed6fa2a1d2d0b2a1fddac16dc2ef2df8') in 0.001476 seconds
Number of updated asset objects reloaded before import = 0
Number of asset objects unloaded after import = 0
========================================================================
Received Prepare
Caller must complete domain reload
Begin MonoManager ReloadAssembly
- Loaded All Assemblies, in  0.558 seconds
Native extension for WindowsStandalone target not found
Mono: successfully reloaded assembly
- Finished resetting the current domain, in  1.762 seconds
Domain Reload Profiling: 2316ms
	BeginReloadAssembly (226ms)
		ExecutionOrderSort (0ms)
		DisableScriptedObjects (8ms)
		BackupInstance (0ms)
		ReleaseScriptingObjects (0ms)
		CreateAndSetChildDomain (29ms)
	RebuildCommonClasses (62ms)
	RebuildNativeTypeToScriptingClass (17ms)
	initialDomainReloadingComplete (45ms)
	LoadAllAssembliesAndSetupDomain (203ms)
		LoadAssemblies (323ms)
		RebuildTransferFunctionScriptingTraits (0ms)
		AnalyzeDomain (21ms)
			TypeCache.Refresh (5ms)
				TypeCache.ScanAssembly (0ms)
			ScanForSourceGeneratedMonoScriptInfo (0ms)
			ResolveRequiredComponents (16ms)
	FinalizeReload (1762ms)
		ReleaseScriptCaches (0ms)
		RebuildScriptCaches (0ms)
		SetupLoadedEditorAssemblies (1063ms)
			LogAssemblyErrors (0ms)
			InitializePlatformSupportModulesInManaged (11ms)
			SetLoadedEditorAssemblies (7ms)
			RefreshPlugins (0ms)
			BeforeProcessingInitializeOnLoad (101ms)
			ProcessInitializeOnLoadAttributes (779ms)
			ProcessInitializeOnLoadMethodAttributes (119ms)
			AfterProcessingInitializeOnLoad (46ms)
			EditorAssembliesLoaded (1ms)
		ExecutionOrderSort2 (0ms)
		AwakeInstancesAfterBackupRestoration (33ms)
Refreshing native plugins compatible for Editor in 7.59 ms, found 3 plugins.
Preloading 0 native plugins for Editor in 0.00 ms.
Unloading 1937 Unused Serialized files (Serialized files now loaded: 0)
Unloading 18 unused Assets / (1.9 MB). Loaded Objects now: 3305.
Memory consumption went from 115.9 MB to 114.0 MB.
Total: 13.932800 ms (FindLiveObjects: 0.398100 ms CreateObjectMapping: 0.231800 ms MarkObjects: 11.280000 ms  DeleteObjects: 2.019800 ms)

Prepare: number of updated asset objects reloaded= 0
AssetImportParameters requested are different than current active one (requested -> active):
  custom:video-decoder-webm-vp8: 9c59270c3fd7afecdb556c50c9e8de78 -> 
  custom:SearchIndexIgnoredProperties: e643bd26f0fe6173181afceb89e7c659 -> 
  custom:container-demuxer-ogg: 62fdf1f143b41e24485cea50d1cbac27 -> 
  custom:AudioImporter_EditorPlatform: d09bf68614088b80899f8185d706f6e7 -> 
  custom:video-decoder-ogg-theora: a1e56fd34408186e4bbccfd4996cb3dc -> 
  custom:framework-win-MediaFoundation: 216162199b28c13a410421893ffa2e32 -> 
  custom:video-encoder-webm-vp8: eb34c28f22e8b96e1ab97ce403110664 -> 
  custom:audio-decoder-ogg-vorbis: bf7c407c2cedff20999df2af8eb42d56 -> 
  custom:CustomObjectIndexerAttribute: 9a22284fe3817be447336de3de66b15e -> 
  custom:container-demuxer-webm: 4f35f7cbe854078d1ac9338744f61a02 -> 
  custom:audio-encoder-webm-vorbis: bf7c407c2cedff20999df2af8eb42d56 -> 
  custom:scripting/precompiled-assembly-types:Assembly-CSharp: 1df694726e08aa7630ff164f36d42a9c -> 8b6001cc661067df296ec350cc5951e6
  custom:container-muxer-webm: aa71ff27fc2769a1b78a27578f13a17b -> 
========================================================================
Received Import Request.
  Time since last request: 112.570520 seconds.
  path: Assets/Scene_1/The prototype.unity
  artifactKey: Guid(cbaffd801325ea249aad7847dbcab493) Importer(815301076,1909f56bfc062723c751e8b465ee728b)
Start importing Assets/Scene_1/The prototype.unity using Guid(cbaffd801325ea249aad7847dbcab493) Importer(815301076,1909f56bfc062723c751e8b465ee728b) [PhysX] Initialized MultithreadedTaskDispatcher with 4 workers.
 -> (artifact id: '0f2bcbe2846210436242ed60f2c5ea38') in 0.002449 seconds
Number of updated asset objects reloaded before import = 0
Number of asset objects unloaded after import = 0
========================================================================
Received Import Request.
  Time since last request: 43.356380 seconds.
  path: Assets/Scene2_Outside/Outside.unity
  artifactKey: Guid(20e6646b8e60dac4585e43d21e223c4d) Importer(815301076,1909f56bfc062723c751e8b465ee728b)
Start importing Assets/Scene2_Outside/Outside.unity using Guid(20e6646b8e60dac4585e43d21e223c4d) Importer(815301076,1909f56bfc062723c751e8b465ee728b) [PhysX] Initialized MultithreadedTaskDispatcher with 4 workers.
 -> (artifact id: 'a96837642f786ea67457366c68a0b1fb') in 0.000821 seconds
Number of updated asset objects reloaded before import = 0
Number of asset objects unloaded after import = 0
========================================================================
Received Prepare
Refreshing native plugins compatible for Editor in 3.79 ms, found 3 plugins.
Preloading 0 native plugins for Editor in 0.00 ms.
Unloading 14 Unused Serialized files (Serialized files now loaded: 0)
Unloading 15 unused Assets / (1.9 MB). Loaded Objects now: 3305.
Memory consumption went from 86.0 MB to 84.1 MB.
Total: 6.853400 ms (FindLiveObjects: 0.405600 ms CreateObjectMapping: 0.229700 ms MarkObjects: 5.672000 ms  DeleteObjects: 0.545000 ms)

Prepare: number of updated asset objects reloaded= 0
AssetImportParameters requested are different than current active one (requested -> active):
  custom:video-decoder-webm-vp8: 9c59270c3fd7afecdb556c50c9e8de78 -> 
  custom:SearchIndexIgnoredProperties: e643bd26f0fe6173181afceb89e7c659 -> 
  custom:container-demuxer-ogg: 62fdf1f143b41e24485cea50d1cbac27 -> 
  custom:AudioImporter_EditorPlatform: d09bf68614088b80899f8185d706f6e7 -> 
  custom:video-decoder-ogg-theora: a1e56fd34408186e4bbccfd4996cb3dc -> 
  custom:framework-win-MediaFoundation: 216162199b28c13a410421893ffa2e32 -> 
  custom:video-encoder-webm-vp8: eb34c28f22e8b96e1ab97ce403110664 -> 
  custom:audio-decoder-ogg-vorbis: bf7c407c2cedff20999df2af8eb42d56 -> 
  custom:CustomObjectIndexerAttribute: 9a22284fe3817be447336de3de66b15e -> 
  custom:container-demuxer-webm: 4f35f7cbe854078d1ac9338744f61a02 -> 
  custom:audio-encoder-webm-vorbis: bf7c407c2cedff20999df2af8eb42d56 -> 
  custom:scripting/precompiled-assembly-types:Assembly-CSharp: 1df694726e08aa7630ff164f36d42a9c -> 8b6001cc661067df296ec350cc5951e6
  custom:container-muxer-webm: aa71ff27fc2769a1b78a27578f13a17b -> 
========================================================================
Received Prepare
Caller must complete domain reload
Begin MonoManager ReloadAssembly
- Loaded All Assemblies, in  0.580 seconds
Native extension for WindowsStandalone target not found
Mono: successfully reloaded assembly
- Finished resetting the current domain, in  1.909 seconds
Domain Reload Profiling: 2486ms
	BeginReloadAssembly (239ms)
		ExecutionOrderSort (0ms)
		DisableScriptedObjects (8ms)
		BackupInstance (0ms)
		ReleaseScriptingObjects (0ms)
		CreateAndSetChildDomain (30ms)
	RebuildCommonClasses (65ms)
	RebuildNativeTypeToScriptingClass (18ms)
	initialDomainReloadingComplete (40ms)
	LoadAllAssembliesAndSetupDomain (214ms)
		LoadAssemblies (323ms)
		RebuildTransferFunctionScriptingTraits (0ms)
		AnalyzeDomain (25ms)
			TypeCache.Refresh (5ms)
				TypeCache.ScanAssembly (0ms)
			ScanForSourceGeneratedMonoScriptInfo (0ms)
			ResolveRequiredComponents (18ms)
	FinalizeReload (1910ms)
		ReleaseScriptCaches (0ms)
		RebuildScriptCaches (0ms)
		SetupLoadedEditorAssemblies (1292ms)
			LogAssemblyErrors (0ms)
			InitializePlatformSupportModulesInManaged (10ms)
			SetLoadedEditorAssemblies (5ms)
			RefreshPlugins (0ms)
			BeforeProcessingInitializeOnLoad (89ms)
			ProcessInitializeOnLoadAttributes (1093ms)
			ProcessInitializeOnLoadMethodAttributes (69ms)
			AfterProcessingInitializeOnLoad (24ms)
			EditorAssembliesLoaded (1ms)
		ExecutionOrderSort2 (0ms)
		AwakeInstancesAfterBackupRestoration (18ms)
Refreshing native plugins compatible for Editor in 11.46 ms, found 3 plugins.
Preloading 0 native plugins for Editor in 0.00 ms.
Unloading 1938 Unused Serialized files (Serialized files now loaded: 0)
Unloading 18 unused Assets / (1.9 MB). Loaded Objects now: 3320.
Memory consumption went from 116.2 MB to 114.3 MB.
Total: 12.475400 ms (FindLiveObjects: 0.952700 ms CreateObjectMapping: 0.568200 ms MarkObjects: 8.733900 ms  DeleteObjects: 2.214900 ms)

Prepare: number of updated asset objects reloaded= 0
AssetImportParameters requested are different than current active one (requested -> active):
  custom:video-decoder-webm-vp8: 9c59270c3fd7afecdb556c50c9e8de78 -> 
  custom:SearchIndexIgnoredProperties: e643bd26f0fe6173181afceb89e7c659 -> 
  custom:container-demuxer-ogg: 62fdf1f143b41e24485cea50d1cbac27 -> 
  custom:AudioImporter_EditorPlatform: d09bf68614088b80899f8185d706f6e7 -> 
  custom:video-decoder-ogg-theora: a1e56fd34408186e4bbccfd4996cb3dc -> 
  custom:framework-win-MediaFoundation: 216162199b28c13a410421893ffa2e32 -> 
  custom:video-encoder-webm-vp8: eb34c28f22e8b96e1ab97ce403110664 -> 
  custom:audio-decoder-ogg-vorbis: bf7c407c2cedff20999df2af8eb42d56 -> 
  custom:CustomObjectIndexerAttribute: 9a22284fe3817be447336de3de66b15e -> 
  custom:container-demuxer-webm: 4f35f7cbe854078d1ac9338744f61a02 -> 
  custom:audio-encoder-webm-vorbis: bf7c407c2cedff20999df2af8eb42d56 -> 
  custom:scripting/precompiled-assembly-types:Assembly-CSharp: 1df694726e08aa7630ff164f36d42a9c -> 8b6001cc661067df296ec350cc5951e6
  custom:container-muxer-webm: aa71ff27fc2769a1b78a27578f13a17b -> 
========================================================================
Received Prepare
Refreshing native plugins compatible for Editor in 3.31 ms, found 3 plugins.
Preloading 0 native plugins for Editor in 0.00 ms.
Unloading 15 Unused Serialized files (Serialized files now loaded: 0)
Unloading 15 unused Assets / (1.9 MB). Loaded Objects now: 3320.
Memory consumption went from 86.4 MB to 84.5 MB.
Total: 6.130700 ms (FindLiveObjects: 0.410100 ms CreateObjectMapping: 0.206700 ms MarkObjects: 4.909000 ms  DeleteObjects: 0.603500 ms)

Prepare: number of updated asset objects reloaded= 0
AssetImportParameters requested are different than current active one (requested -> active):
  custom:video-decoder-webm-vp8: 9c59270c3fd7afecdb556c50c9e8de78 -> 
  custom:SearchIndexIgnoredProperties: e643bd26f0fe6173181afceb89e7c659 -> 
  custom:container-demuxer-ogg: 62fdf1f143b41e24485cea50d1cbac27 -> 
  custom:AudioImporter_EditorPlatform: d09bf68614088b80899f8185d706f6e7 -> 
  custom:video-decoder-ogg-theora: a1e56fd34408186e4bbccfd4996cb3dc -> 
  custom:framework-win-MediaFoundation: 216162199b28c13a410421893ffa2e32 -> 
  custom:video-encoder-webm-vp8: eb34c28f22e8b96e1ab97ce403110664 -> 
  custom:audio-decoder-ogg-vorbis: bf7c407c2cedff20999df2af8eb42d56 -> 
  custom:CustomObjectIndexerAttribute: 9a22284fe3817be447336de3de66b15e -> 
  custom:container-demuxer-webm: 4f35f7cbe854078d1ac9338744f61a02 -> 
  custom:audio-encoder-webm-vorbis: bf7c407c2cedff20999df2af8eb42d56 -> 
  custom:scripting/precompiled-assembly-types:Assembly-CSharp: 1df694726e08aa7630ff164f36d42a9c -> 8b6001cc661067df296ec350cc5951e6
  custom:container-muxer-webm: aa71ff27fc2769a1b78a27578f13a17b -> 
========================================================================
Received Prepare
Caller must complete domain reload
Begin MonoManager ReloadAssembly
- Loaded All Assemblies, in  0.533 seconds
Native extension for WindowsStandalone target not found
Mono: successfully reloaded assembly
- Finished resetting the current domain, in  0.980 seconds
Domain Reload Profiling: 1509ms
	BeginReloadAssembly (214ms)
		ExecutionOrderSort (0ms)
		DisableScriptedObjects (7ms)
		BackupInstance (0ms)
		ReleaseScriptingObjects (0ms)
		CreateAndSetChildDomain (31ms)
	RebuildCommonClasses (55ms)
	RebuildNativeTypeToScriptingClass (16ms)
	initialDomainReloadingComplete (39ms)
	LoadAllAssembliesAndSetupDomain (204ms)
		LoadAssemblies (309ms)
		RebuildTransferFunctionScriptingTraits (0ms)
		AnalyzeDomain (21ms)
			TypeCache.Refresh (6ms)
				TypeCache.ScanAssembly (0ms)
			ScanForSourceGeneratedMonoScriptInfo (0ms)
			ResolveRequiredComponents (15ms)
	FinalizeReload (980ms)
		ReleaseScriptCaches (0ms)
		RebuildScriptCaches (0ms)
		SetupLoadedEditorAssemblies (470ms)
			LogAssemblyErrors (0ms)
			InitializePlatformSupportModulesInManaged (12ms)
			SetLoadedEditorAssemblies (6ms)
			RefreshPlugins (0ms)
			BeforeProcessingInitializeOnLoad (84ms)
			ProcessInitializeOnLoadAttributes (317ms)
			ProcessInitializeOnLoadMethodAttributes (40ms)
			AfterProcessingInitializeOnLoad (11ms)
			EditorAssembliesLoaded (0ms)
		ExecutionOrderSort2 (0ms)
		AwakeInstancesAfterBackupRestoration (9ms)
Refreshing native plugins compatible for Editor in 12.44 ms, found 3 plugins.
Preloading 0 native plugins for Editor in 0.00 ms.
Unloading 1938 Unused Serialized files (Serialized files now loaded: 0)
Unloading 18 unused Assets / (1.9 MB). Loaded Objects now: 3335.
Memory consumption went from 116.1 MB to 114.3 MB.
Total: 13.323900 ms (FindLiveObjects: 0.904300 ms CreateObjectMapping: 0.647300 ms MarkObjects: 11.212800 ms  DeleteObjects: 0.557800 ms)

Prepare: number of updated asset objects reloaded= 0
AssetImportParameters requested are different than current active one (requested -> active):
  custom:video-decoder-webm-vp8: 9c59270c3fd7afecdb556c50c9e8de78 -> 
  custom:SearchIndexIgnoredProperties: e643bd26f0fe6173181afceb89e7c659 -> 
  custom:container-demuxer-ogg: 62fdf1f143b41e24485cea50d1cbac27 -> 
  custom:AudioImporter_EditorPlatform: d09bf68614088b80899f8185d706f6e7 -> 
  custom:video-decoder-ogg-theora: a1e56fd34408186e4bbccfd4996cb3dc -> 
  custom:framework-win-MediaFoundation: 216162199b28c13a410421893ffa2e32 -> 
  custom:video-encoder-webm-vp8: eb34c28f22e8b96e1ab97ce403110664 -> 
  custom:audio-decoder-ogg-vorbis: bf7c407c2cedff20999df2af8eb42d56 -> 
  custom:CustomObjectIndexerAttribute: 9a22284fe3817be447336de3de66b15e -> 
  custom:container-demuxer-webm: 4f35f7cbe854078d1ac9338744f61a02 -> 
  custom:audio-encoder-webm-vorbis: bf7c407c2cedff20999df2af8eb42d56 -> 
  custom:scripting/precompiled-assembly-types:Assembly-CSharp: 1df694726e08aa7630ff164f36d42a9c -> 8b6001cc661067df296ec350cc5951e6
  custom:container-muxer-webm: aa71ff27fc2769a1b78a27578f13a17b -> 
========================================================================
Received Import Request.
  Time since last request: 756.296035 seconds.
  path: Assets/AutoSaveSystem/AutoSaveSystem.cs
  artifactKey: Guid(b008d7459c339e549aa86d57ce1dbd2a) Importer(815301076,1909f56bfc062723c751e8b465ee728b)
Start importing Assets/AutoSaveSystem/AutoSaveSystem.cs using Guid(b008d7459c339e549aa86d57ce1dbd2a) Importer(815301076,1909f56bfc062723c751e8b465ee728b) [PhysX] Initialized MultithreadedTaskDispatcher with 4 workers.
 -> (artifact id: '5880206e50f9ba321c06901e2dc9dad5') in 0.002484 seconds
Number of updated asset objects reloaded before import = 0
Number of asset objects unloaded after import = 0
========================================================================
Received Import Request.
  Time since last request: 47.944423 seconds.
  path: Assets/TextMesh Pro/Resources/Fonts & Materials/MainMenuManager.cs
  artifactKey: Guid(682292f51428ac647acd5e52e1d42a8f) Importer(815301076,1909f56bfc062723c751e8b465ee728b)
Start importing Assets/TextMesh Pro/Resources/Fonts & Materials/MainMenuManager.cs using Guid(682292f51428ac647acd5e52e1d42a8f) Importer(815301076,1909f56bfc062723c751e8b465ee728b) [PhysX] Initialized MultithreadedTaskDispatcher with 4 workers.
 -> (artifact id: 'c697f96e0d1429d1caf4ec7fb6af6cd5') in 0.001107 seconds
Number of updated asset objects reloaded before import = 0
Number of asset objects unloaded after import = 0
========================================================================
Received Prepare
Caller must complete domain reload
Begin MonoManager ReloadAssembly
- Loaded All Assemblies, in  0.605 seconds
Native extension for WindowsStandalone target not found
Mono: successfully reloaded assembly
- Finished resetting the current domain, in  1.005 seconds
Domain Reload Profiling: 1607ms
	BeginReloadAssembly (210ms)
		ExecutionOrderSort (0ms)
		DisableScriptedObjects (10ms)
		BackupInstance (0ms)
		ReleaseScriptingObjects (0ms)
		CreateAndSetChildDomain (33ms)
	RebuildCommonClasses (60ms)
	RebuildNativeTypeToScriptingClass (19ms)
	initialDomainReloadingComplete (51ms)
	LoadAllAssembliesAndSetupDomain (261ms)
		LoadAssemblies (351ms)
		RebuildTransferFunctionScriptingTraits (0ms)
		AnalyzeDomain (40ms)
			TypeCache.Refresh (10ms)
				TypeCache.ScanAssembly (2ms)
			ScanForSourceGeneratedMonoScriptInfo (14ms)
			ResolveRequiredComponents (16ms)
	FinalizeReload (1006ms)
		ReleaseScriptCaches (0ms)
		RebuildScriptCaches (0ms)
		SetupLoadedEditorAssemblies (433ms)
			LogAssemblyErrors (0ms)
			InitializePlatformSupportModulesInManaged (13ms)
			SetLoadedEditorAssemblies (6ms)
			RefreshPlugins (0ms)
			BeforeProcessingInitializeOnLoad (106ms)
			ProcessInitializeOnLoadAttributes (264ms)
			ProcessInitializeOnLoadMethodAttributes (31ms)
			AfterProcessingInitializeOnLoad (12ms)
			EditorAssembliesLoaded (0ms)
		ExecutionOrderSort2 (0ms)
		AwakeInstancesAfterBackupRestoration (8ms)
Refreshing native plugins compatible for Editor in 3.54 ms, found 3 plugins.
Preloading 0 native plugins for Editor in 0.00 ms.
Unloading 1937 Unused Serialized files (Serialized files now loaded: 0)
Unloading 18 unused Assets / (1.9 MB). Loaded Objects now: 3350.
Memory consumption went from 115.9 MB to 114.0 MB.
Total: 6.958900 ms (FindLiveObjects: 0.371700 ms CreateObjectMapping: 0.326200 ms MarkObjects: 5.697000 ms  DeleteObjects: 0.562400 ms)

Prepare: number of updated asset objects reloaded= 0
AssetImportParameters requested are different than current active one (requested -> active):
  custom:video-decoder-webm-vp8: 9c59270c3fd7afecdb556c50c9e8de78 -> 
  custom:SearchIndexIgnoredProperties: e643bd26f0fe6173181afceb89e7c659 -> 
  custom:container-demuxer-ogg: 62fdf1f143b41e24485cea50d1cbac27 -> 
  custom:AudioImporter_EditorPlatform: d09bf68614088b80899f8185d706f6e7 -> 
  custom:video-decoder-ogg-theora: a1e56fd34408186e4bbccfd4996cb3dc -> 
  custom:framework-win-MediaFoundation: 216162199b28c13a410421893ffa2e32 -> 
  custom:video-encoder-webm-vp8: eb34c28f22e8b96e1ab97ce403110664 -> 
  custom:audio-decoder-ogg-vorbis: bf7c407c2cedff20999df2af8eb42d56 -> 
  custom:CustomObjectIndexerAttribute: 9a22284fe3817be447336de3de66b15e -> 
  custom:container-demuxer-webm: 4f35f7cbe854078d1ac9338744f61a02 -> 
  custom:audio-encoder-webm-vorbis: bf7c407c2cedff20999df2af8eb42d56 -> 
  custom:scripting/precompiled-assembly-types:Assembly-CSharp: c20e2b407ede348d4ca8f753178d20db -> 8b6001cc661067df296ec350cc5951e6
  custom:container-muxer-webm: aa71ff27fc2769a1b78a27578f13a17b -> 
========================================================================
Received Prepare
Caller must complete domain reload
Begin MonoManager ReloadAssembly
- Loaded All Assemblies, in  0.548 seconds
Native extension for WindowsStandalone target not found
Mono: successfully reloaded assembly
- Finished resetting the current domain, in  1.067 seconds
Domain Reload Profiling: 1612ms
	BeginReloadAssembly (215ms)
		ExecutionOrderSort (0ms)
		DisableScriptedObjects (8ms)
		BackupInstance (0ms)
		ReleaseScriptingObjects (0ms)
		CreateAndSetChildDomain (27ms)
	RebuildCommonClasses (61ms)
	RebuildNativeTypeToScriptingClass (18ms)
	initialDomainReloadingComplete (42ms)
	LoadAllAssembliesAndSetupDomain (208ms)
		LoadAssemblies (324ms)
		RebuildTransferFunctionScriptingTraits (0ms)
		AnalyzeDomain (20ms)
			TypeCache.Refresh (4ms)
				TypeCache.ScanAssembly (0ms)
			ScanForSourceGeneratedMonoScriptInfo (0ms)
			ResolveRequiredComponents (15ms)
	FinalizeReload (1068ms)
		ReleaseScriptCaches (0ms)
		RebuildScriptCaches (0ms)
		SetupLoadedEditorAssemblies (500ms)
			LogAssemblyErrors (0ms)
			InitializePlatformSupportModulesInManaged (18ms)
			SetLoadedEditorAssemblies (6ms)
			RefreshPlugins (0ms)
			BeforeProcessingInitializeOnLoad (88ms)
			ProcessInitializeOnLoadAttributes (340ms)
			ProcessInitializeOnLoadMethodAttributes (36ms)
			AfterProcessingInitializeOnLoad (11ms)
			EditorAssembliesLoaded (0ms)
		ExecutionOrderSort2 (0ms)
		AwakeInstancesAfterBackupRestoration (18ms)
Refreshing native plugins compatible for Editor in 8.00 ms, found 3 plugins.
Preloading 0 native plugins for Editor in 0.00 ms.
Unloading 1938 Unused Serialized files (Serialized files now loaded: 0)
Unloading 18 unused Assets / (1.9 MB). Loaded Objects now: 3365.
Memory consumption went from 116.2 MB to 114.3 MB.
Total: 8.798700 ms (FindLiveObjects: 0.397000 ms CreateObjectMapping: 0.324800 ms MarkObjects: 7.404700 ms  DeleteObjects: 0.670400 ms)

Prepare: number of updated asset objects reloaded= 0
AssetImportParameters requested are different than current active one (requested -> active):
  custom:video-decoder-webm-vp8: 9c59270c3fd7afecdb556c50c9e8de78 -> 
  custom:SearchIndexIgnoredProperties: e643bd26f0fe6173181afceb89e7c659 -> 
  custom:container-demuxer-ogg: 62fdf1f143b41e24485cea50d1cbac27 -> 
  custom:AudioImporter_EditorPlatform: d09bf68614088b80899f8185d706f6e7 -> 
  custom:video-decoder-ogg-theora: a1e56fd34408186e4bbccfd4996cb3dc -> 
  custom:framework-win-MediaFoundation: 216162199b28c13a410421893ffa2e32 -> 
  custom:video-encoder-webm-vp8: eb34c28f22e8b96e1ab97ce403110664 -> 
  custom:audio-decoder-ogg-vorbis: bf7c407c2cedff20999df2af8eb42d56 -> 
  custom:CustomObjectIndexerAttribute: 9a22284fe3817be447336de3de66b15e -> 
  custom:container-demuxer-webm: 4f35f7cbe854078d1ac9338744f61a02 -> 
  custom:audio-encoder-webm-vorbis: bf7c407c2cedff20999df2af8eb42d56 -> 
  custom:scripting/precompiled-assembly-types:Assembly-CSharp: c20e2b407ede348d4ca8f753178d20db -> 8b6001cc661067df296ec350cc5951e6
  custom:container-muxer-webm: aa71ff27fc2769a1b78a27578f13a17b -> 
========================================================================
Received Prepare
Refreshing native plugins compatible for Editor in 3.38 ms, found 3 plugins.
Preloading 0 native plugins for Editor in 0.00 ms.
Unloading 15 Unused Serialized files (Serialized files now loaded: 0)
Unloading 15 unused Assets / (1.9 MB). Loaded Objects now: 3365.
Memory consumption went from 86.4 MB to 84.6 MB.
Total: 6.332100 ms (FindLiveObjects: 0.394700 ms CreateObjectMapping: 0.203500 ms MarkObjects: 5.130900 ms  DeleteObjects: 0.600300 ms)

Prepare: number of updated asset objects reloaded= 0
AssetImportParameters requested are different than current active one (requested -> active):
  custom:video-decoder-webm-vp8: 9c59270c3fd7afecdb556c50c9e8de78 -> 
  custom:SearchIndexIgnoredProperties: e643bd26f0fe6173181afceb89e7c659 -> 
  custom:container-demuxer-ogg: 62fdf1f143b41e24485cea50d1cbac27 -> 
  custom:AudioImporter_EditorPlatform: d09bf68614088b80899f8185d706f6e7 -> 
  custom:video-decoder-ogg-theora: a1e56fd34408186e4bbccfd4996cb3dc -> 
  custom:framework-win-MediaFoundation: 216162199b28c13a410421893ffa2e32 -> 
  custom:video-encoder-webm-vp8: eb34c28f22e8b96e1ab97ce403110664 -> 
  custom:audio-decoder-ogg-vorbis: bf7c407c2cedff20999df2af8eb42d56 -> 
  custom:CustomObjectIndexerAttribute: 9a22284fe3817be447336de3de66b15e -> 
  custom:container-demuxer-webm: 4f35f7cbe854078d1ac9338744f61a02 -> 
  custom:audio-encoder-webm-vorbis: bf7c407c2cedff20999df2af8eb42d56 -> 
  custom:scripting/precompiled-assembly-types:Assembly-CSharp: c20e2b407ede348d4ca8f753178d20db -> 8b6001cc661067df296ec350cc5951e6
  custom:container-muxer-webm: aa71ff27fc2769a1b78a27578f13a17b -> 
========================================================================
Received Import Request.
  Time since last request: 1168.752867 seconds.
  path: Assets/NewBehaviourScript1.cs
  artifactKey: Guid(733e7f08a39762746b1d156f5655d415) Importer(815301076,1909f56bfc062723c751e8b465ee728b)
Start importing Assets/NewBehaviourScript1.cs using Guid(733e7f08a39762746b1d156f5655d415) Importer(815301076,1909f56bfc062723c751e8b465ee728b) [PhysX] Initialized MultithreadedTaskDispatcher with 4 workers.
 -> (artifact id: '94595278d2d7fc19b342bd6cac654dc7') in 0.003339 seconds
Number of updated asset objects reloaded before import = 0
Number of asset objects unloaded after import = 0
========================================================================
Received Prepare
Caller must complete domain reload
Begin MonoManager ReloadAssembly
- Loaded All Assemblies, in  0.572 seconds
Native extension for WindowsStandalone target not found
Mono: successfully reloaded assembly
- Finished resetting the current domain, in  0.976 seconds
Domain Reload Profiling: 1543ms
	BeginReloadAssembly (223ms)
		ExecutionOrderSort (0ms)
		DisableScriptedObjects (7ms)
		BackupInstance (0ms)
		ReleaseScriptingObjects (0ms)
		CreateAndSetChildDomain (27ms)
	RebuildCommonClasses (60ms)
	RebuildNativeTypeToScriptingClass (17ms)
	initialDomainReloadingComplete (40ms)
	LoadAllAssembliesAndSetupDomain (227ms)
		LoadAssemblies (327ms)
		RebuildTransferFunctionScriptingTraits (0ms)
		AnalyzeDomain (39ms)
			TypeCache.Refresh (9ms)
				TypeCache.ScanAssembly (2ms)
			ScanForSourceGeneratedMonoScriptInfo (15ms)
			ResolveRequiredComponents (13ms)
	FinalizeReload (977ms)
		ReleaseScriptCaches (0ms)
		RebuildScriptCaches (0ms)
		SetupLoadedEditorAssemblies (398ms)
			LogAssemblyErrors (0ms)
			InitializePlatformSupportModulesInManaged (12ms)
			SetLoadedEditorAssemblies (7ms)
			RefreshPlugins (0ms)
			BeforeProcessingInitializeOnLoad (87ms)
			ProcessInitializeOnLoadAttributes (255ms)
			ProcessInitializeOnLoadMethodAttributes (28ms)
			AfterProcessingInitializeOnLoad (9ms)
			EditorAssembliesLoaded (0ms)
		ExecutionOrderSort2 (0ms)
		AwakeInstancesAfterBackupRestoration (8ms)
Refreshing native plugins compatible for Editor in 3.17 ms, found 3 plugins.
Preloading 0 native plugins for Editor in 0.00 ms.
Unloading 1938 Unused Serialized files (Serialized files now loaded: 0)
Unloading 18 unused Assets / (1.9 MB). Loaded Objects now: 3381.
Memory consumption went from 116.0 MB to 114.1 MB.
Total: 6.212300 ms (FindLiveObjects: 0.459100 ms CreateObjectMapping: 0.229000 ms MarkObjects: 4.798900 ms  DeleteObjects: 0.723600 ms)

Prepare: number of updated asset objects reloaded= 0
AssetImportParameters requested are different than current active one (requested -> active):
  custom:video-decoder-webm-vp8: 9c59270c3fd7afecdb556c50c9e8de78 -> 
  custom:SearchIndexIgnoredProperties: e643bd26f0fe6173181afceb89e7c659 -> 
  custom:container-demuxer-ogg: 62fdf1f143b41e24485cea50d1cbac27 -> 
  custom:AudioImporter_EditorPlatform: d09bf68614088b80899f8185d706f6e7 -> 
  custom:video-decoder-ogg-theora: a1e56fd34408186e4bbccfd4996cb3dc -> 
  custom:framework-win-MediaFoundation: 216162199b28c13a410421893ffa2e32 -> 
  custom:scripting/monoscript/fileName/NewBehaviourScript1.cs: daabc93d08fdb9c157ee1e98be11a47e -> 
  custom:video-encoder-webm-vp8: eb34c28f22e8b96e1ab97ce403110664 -> 
  custom:audio-decoder-ogg-vorbis: bf7c407c2cedff20999df2af8eb42d56 -> 
  custom:CustomObjectIndexerAttribute: 9a22284fe3817be447336de3de66b15e -> 
  custom:container-demuxer-webm: 4f35f7cbe854078d1ac9338744f61a02 -> 
  custom:audio-encoder-webm-vorbis: bf7c407c2cedff20999df2af8eb42d56 -> 
  custom:scripting/precompiled-assembly-types:Assembly-CSharp: f96c13fd559829aa9d23f862c2cfe7f0 -> 8b6001cc661067df296ec350cc5951e6
  custom:container-muxer-webm: aa71ff27fc2769a1b78a27578f13a17b -> 
========================================================================
Received Import Request.
  Time since last request: 8.847717 seconds.
  path: Assets/NewBehaviourScript1.cs
  artifactKey: Guid(733e7f08a39762746b1d156f5655d415) Importer(815301076,1909f56bfc062723c751e8b465ee728b)
Start importing Assets/NewBehaviourScript1.cs using Guid(733e7f08a39762746b1d156f5655d415) Importer(815301076,1909f56bfc062723c751e8b465ee728b) [PhysX] Initialized MultithreadedTaskDispatcher with 4 workers.
 -> (artifact id: '81b4e59410a5bf5b9e7ef624b8693b69') in 0.003091 seconds
Number of updated asset objects reloaded before import = 0
Number of asset objects unloaded after import = 0
========================================================================
Received Import Request.
  Time since last request: 9.255865 seconds.
  path: Assets/SaveDataEditorTool.cs
  artifactKey: Guid(733e7f08a39762746b1d156f5655d415) Importer(815301076,1909f56bfc062723c751e8b465ee728b)
Start importing Assets/SaveDataEditorTool.cs using Guid(733e7f08a39762746b1d156f5655d415) Importer(815301076,1909f56bfc062723c751e8b465ee728b) [PhysX] Initialized MultithreadedTaskDispatcher with 4 workers.
 -> (artifact id: 'ec9d7ef5627d488888650dfcc25039e2') in 0.000740 seconds
Number of updated asset objects reloaded before import = 0
Number of asset objects unloaded after import = 0
========================================================================
Received Prepare
Caller must complete domain reload
Begin MonoManager ReloadAssembly
- Loaded All Assemblies, in  0.607 seconds
Native extension for WindowsStandalone target not found
Mono: successfully reloaded assembly
- Finished resetting the current domain, in  1.185 seconds
Domain Reload Profiling: 1792ms
	BeginReloadAssembly (233ms)
		ExecutionOrderSort (0ms)
		DisableScriptedObjects (7ms)
		BackupInstance (0ms)
		ReleaseScriptingObjects (0ms)
		CreateAndSetChildDomain (31ms)
	RebuildCommonClasses (62ms)
	RebuildNativeTypeToScriptingClass (18ms)
	initialDomainReloadingComplete (43ms)
	LoadAllAssembliesAndSetupDomain (245ms)
		LoadAssemblies (344ms)
		RebuildTransferFunctionScriptingTraits (0ms)
		AnalyzeDomain (45ms)
			TypeCache.Refresh (10ms)
				TypeCache.ScanAssembly (2ms)
			ScanForSourceGeneratedMonoScriptInfo (21ms)
			ResolveRequiredComponents (13ms)
	FinalizeReload (1190ms)
		ReleaseScriptCaches (0ms)
		RebuildScriptCaches (0ms)
		SetupLoadedEditorAssemblies (594ms)
			LogAssemblyErrors (0ms)
			InitializePlatformSupportModulesInManaged (12ms)
			SetLoadedEditorAssemblies (5ms)
			RefreshPlugins (0ms)
			BeforeProcessingInitializeOnLoad (96ms)
			ProcessInitializeOnLoadAttributes (415ms)
			ProcessInitializeOnLoadMethodAttributes (49ms)
			AfterProcessingInitializeOnLoad (17ms)
			EditorAssembliesLoaded (0ms)
		ExecutionOrderSort2 (0ms)
		AwakeInstancesAfterBackupRestoration (16ms)
Refreshing native plugins compatible for Editor in 4.30 ms, found 3 plugins.
Preloading 0 native plugins for Editor in 0.00 ms.
Unloading 1938 Unused Serialized files (Serialized files now loaded: 0)
Unloading 18 unused Assets / (1.9 MB). Loaded Objects now: 3396.
Memory consumption went from 116.0 MB to 114.1 MB.
Total: 5.950800 ms (FindLiveObjects: 0.418900 ms CreateObjectMapping: 0.237300 ms MarkObjects: 4.707300 ms  DeleteObjects: 0.586000 ms)

Prepare: number of updated asset objects reloaded= 0
AssetImportParameters requested are different than current active one (requested -> active):
  custom:video-decoder-webm-vp8: 9c59270c3fd7afecdb556c50c9e8de78 -> 
  custom:SearchIndexIgnoredProperties: e643bd26f0fe6173181afceb89e7c659 -> 
  custom:container-demuxer-ogg: 62fdf1f143b41e24485cea50d1cbac27 -> 
  custom:AudioImporter_EditorPlatform: d09bf68614088b80899f8185d706f6e7 -> 
  custom:video-decoder-ogg-theora: a1e56fd34408186e4bbccfd4996cb3dc -> 
  custom:framework-win-MediaFoundation: 216162199b28c13a410421893ffa2e32 -> 
  custom:scripting/monoscript/fileName/NewBehaviourScript1.cs: daabc93d08fdb9c157ee1e98be11a47e -> 
  custom:video-encoder-webm-vp8: eb34c28f22e8b96e1ab97ce403110664 -> 
  custom:audio-decoder-ogg-vorbis: bf7c407c2cedff20999df2af8eb42d56 -> 
  custom:CustomObjectIndexerAttribute: 9a22284fe3817be447336de3de66b15e -> 
  custom:container-demuxer-webm: 4f35f7cbe854078d1ac9338744f61a02 -> 
  custom:audio-encoder-webm-vorbis: bf7c407c2cedff20999df2af8eb42d56 -> 
  custom:scripting/monoscript/fileName/SaveDataEditorTool.cs: daabc93d08fdb9c157ee1e98be11a47e -> 
  custom:scripting/precompiled-assembly-types:Assembly-CSharp: 3f62b6229989b3c7281c7961af03f787 -> 8b6001cc661067df296ec350cc5951e6
  custom:container-muxer-webm: aa71ff27fc2769a1b78a27578f13a17b -> 
========================================================================
Received Import Request.
  Time since last request: 9.341307 seconds.
  path: Assets/SaveDataEditorTool.cs
  artifactKey: Guid(733e7f08a39762746b1d156f5655d415) Importer(815301076,1909f56bfc062723c751e8b465ee728b)
Start importing Assets/SaveDataEditorTool.cs using Guid(733e7f08a39762746b1d156f5655d415) Importer(815301076,1909f56bfc062723c751e8b465ee728b) [PhysX] Initialized MultithreadedTaskDispatcher with 4 workers.
 -> (artifact id: '00000000000000000000000000000000') in 0.003169 seconds
Import Error Code:(4)
Message: Build asset version error: assets/savedataeditortool.cs in SourceAssetDB has modification time of '2026-04-01T10:29:20.2429658Z' while content on disk has modification time of '2026-04-01T10:29:21.1627251Z'
  ERROR: Build asset version error: assets/savedataeditortool.cs in SourceAssetDB has modification time of '2026-04-01T10:29:20.2429658Z' while content on disk has modification time of '2026-04-01T10:29:21.1627251Z'
Number of updated asset objects reloaded before import = 0
Number of asset objects unloaded after import = 0
========================================================================
Received Import Request.
  Time since last request: 0.003795 seconds.
  path: Assets/SaveDataEditorTool.cs
  artifactKey: Guid(733e7f08a39762746b1d156f5655d415) Importer(815301076,1909f56bfc062723c751e8b465ee728b)
Start importing Assets/SaveDataEditorTool.cs using Guid(733e7f08a39762746b1d156f5655d415) Importer(815301076,1909f56bfc062723c751e8b465ee728b) [PhysX] Initialized MultithreadedTaskDispatcher with 4 workers.
 -> (artifact id: '00000000000000000000000000000000') in 0.001473 seconds
Import Error Code:(4)
Message: Build asset version error: assets/savedataeditortool.cs in SourceAssetDB has modification time of '2026-04-01T10:29:20.2429658Z' while content on disk has modification time of '2026-04-01T10:29:21.1627251Z'
  ERROR: Build asset version error: assets/savedataeditortool.cs in SourceAssetDB has modification time of '2026-04-01T10:29:20.2429658Z' while content on disk has modification time of '2026-04-01T10:29:21.1627251Z'
Number of updated asset objects reloaded before import = 0
Number of asset objects unloaded after import = 0
========================================================================
Received Import Request.
  Time since last request: 0.017764 seconds.
  path: Assets/SaveDataEditorTool.cs
  artifactKey: Guid(733e7f08a39762746b1d156f5655d415) Importer(815301076,1909f56bfc062723c751e8b465ee728b)
Start importing Assets/SaveDataEditorTool.cs using Guid(733e7f08a39762746b1d156f5655d415) Importer(815301076,1909f56bfc062723c751e8b465ee728b) [PhysX] Initialized MultithreadedTaskDispatcher with 4 workers.
 -> (artifact id: '00000000000000000000000000000000') in 0.001088 seconds
Import Error Code:(4)
Message: Build asset version error: assets/savedataeditortool.cs in SourceAssetDB has modification time of '2026-04-01T10:29:20.2429658Z' while content on disk has modification time of '2026-04-01T10:29:21.1627251Z'
  ERROR: Build asset version error: assets/savedataeditortool.cs in SourceAssetDB has modification time of '2026-04-01T10:29:20.2429658Z' while content on disk has modification time of '2026-04-01T10:29:21.1627251Z'
Number of updated asset objects reloaded before import = 0
Number of asset objects unloaded after import = 0
========================================================================
Received Import Request.
  Time since last request: 0.024306 seconds.
  path: Assets/SaveDataEditorTool.cs
  artifactKey: Guid(733e7f08a39762746b1d156f5655d415) Importer(815301076,1909f56bfc062723c751e8b465ee728b)
Start importing Assets/SaveDataEditorTool.cs using Guid(733e7f08a39762746b1d156f5655d415) Importer(815301076,1909f56bfc062723c751e8b465ee728b) [PhysX] Initialized MultithreadedTaskDispatcher with 4 workers.
 -> (artifact id: '00000000000000000000000000000000') in 0.001541 seconds
Import Error Code:(4)
Message: Build asset version error: assets/savedataeditortool.cs in SourceAssetDB has modification time of '2026-04-01T10:29:20.2429658Z' while content on disk has modification time of '2026-04-01T10:29:21.1627251Z'
  ERROR: Build asset version error: assets/savedataeditortool.cs in SourceAssetDB has modification time of '2026-04-01T10:29:20.2429658Z' while content on disk has modification time of '2026-04-01T10:29:21.1627251Z'
Number of updated asset objects reloaded before import = 0
Number of asset objects unloaded after import = 0
========================================================================
Received Import Request.
  Time since last request: 0.002738 seconds.
  path: Assets/SaveDataEditorTool.cs
  artifactKey: Guid(733e7f08a39762746b1d156f5655d415) Importer(815301076,1909f56bfc062723c751e8b465ee728b)
Start importing Assets/SaveDataEditorTool.cs using Guid(733e7f08a39762746b1d156f5655d415) Importer(815301076,1909f56bfc062723c751e8b465ee728b) [PhysX] Initialized MultithreadedTaskDispatcher with 4 workers.
 -> (artifact id: '00000000000000000000000000000000') in 0.001219 seconds
Import Error Code:(4)
Message: Build asset version error: assets/savedataeditortool.cs in SourceAssetDB has modification time of '2026-04-01T10:29:20.2429658Z' while content on disk has modification time of '2026-04-01T10:29:21.1627251Z'
  ERROR: Build asset version error: assets/savedataeditortool.cs in SourceAssetDB has modification time of '2026-04-01T10:29:20.2429658Z' while content on disk has modification time of '2026-04-01T10:29:21.1627251Z'
Number of updated asset objects reloaded before import = 0
Number of asset objects unloaded after import = 0
========================================================================
Received Import Request.
  Time since last request: 0.015788 seconds.
  path: Assets/SaveDataEditorTool.cs
  artifactKey: Guid(733e7f08a39762746b1d156f5655d415) Importer(815301076,1909f56bfc062723c751e8b465ee728b)
Start importing Assets/SaveDataEditorTool.cs using Guid(733e7f08a39762746b1d156f5655d415) Importer(815301076,1909f56bfc062723c751e8b465ee728b) [PhysX] Initialized MultithreadedTaskDispatcher with 4 workers.
 -> (artifact id: '00000000000000000000000000000000') in 0.001076 seconds
Import Error Code:(4)
Message: Build asset version error: assets/savedataeditortool.cs in SourceAssetDB has modification time of '2026-04-01T10:29:20.2429658Z' while content on disk has modification time of '2026-04-01T10:29:21.1627251Z'
  ERROR: Build asset version error: assets/savedataeditortool.cs in SourceAssetDB has modification time of '2026-04-01T10:29:20.2429658Z' while content on disk has modification time of '2026-04-01T10:29:21.1627251Z'
Number of updated asset objects reloaded before import = 0
Number of asset objects unloaded after import = 0
========================================================================
Received Import Request.
  Time since last request: 0.017170 seconds.
  path: Assets/SaveDataEditorTool.cs
  artifactKey: Guid(733e7f08a39762746b1d156f5655d415) Importer(815301076,1909f56bfc062723c751e8b465ee728b)
Start importing Assets/SaveDataEditorTool.cs using Guid(733e7f08a39762746b1d156f5655d415) Importer(815301076,1909f56bfc062723c751e8b465ee728b) [PhysX] Initialized MultithreadedTaskDispatcher with 4 workers.
 -> (artifact id: '00000000000000000000000000000000') in 0.001228 seconds
Import Error Code:(4)
Message: Build asset version error: assets/savedataeditortool.cs in SourceAssetDB has modification time of '2026-04-01T10:29:20.2429658Z' while content on disk has modification time of '2026-04-01T10:29:21.1627251Z'
  ERROR: Build asset version error: assets/savedataeditortool.cs in SourceAssetDB has modification time of '2026-04-01T10:29:20.2429658Z' while content on disk has modification time of '2026-04-01T10:29:21.1627251Z'
Number of updated asset objects reloaded before import = 0
Number of asset objects unloaded after import = 0
========================================================================
Received Import Request.
  Time since last request: 0.016399 seconds.
  path: Assets/SaveDataEditorTool.cs
  artifactKey: Guid(733e7f08a39762746b1d156f5655d415) Importer(815301076,1909f56bfc062723c751e8b465ee728b)
Start importing Assets/SaveDataEditorTool.cs using Guid(733e7f08a39762746b1d156f5655d415) Importer(815301076,1909f56bfc062723c751e8b465ee728b) [PhysX] Initialized MultithreadedTaskDispatcher with 4 workers.
 -> (artifact id: '00000000000000000000000000000000') in 0.001854 seconds
Import Error Code:(4)
Message: Build asset version error: assets/savedataeditortool.cs in SourceAssetDB has modification time of '2026-04-01T10:29:20.2429658Z' while content on disk has modification time of '2026-04-01T10:29:21.1627251Z'
  ERROR: Build asset version error: assets/savedataeditortool.cs in SourceAssetDB has modification time of '2026-04-01T10:29:20.2429658Z' while content on disk has modification time of '2026-04-01T10:29:21.1627251Z'
Number of updated asset objects reloaded before import = 0
Number of asset objects unloaded after import = 0
========================================================================
Received Import Request.
  Time since last request: 0.016451 seconds.
  path: Assets/SaveDataEditorTool.cs
  artifactKey: Guid(733e7f08a39762746b1d156f5655d415) Importer(815301076,1909f56bfc062723c751e8b465ee728b)
Start importing Assets/SaveDataEditorTool.cs using Guid(733e7f08a39762746b1d156f5655d415) Importer(815301076,1909f56bfc062723c751e8b465ee728b) [PhysX] Initialized MultithreadedTaskDispatcher with 4 workers.
 -> (artifact id: '00000000000000000000000000000000') in 0.001723 seconds
Import Error Code:(4)
Message: Build asset version error: assets/savedataeditortool.cs in SourceAssetDB has modification time of '2026-04-01T10:29:20.2429658Z' while content on disk has modification time of '2026-04-01T10:29:21.1627251Z'
  ERROR: Build asset version error: assets/savedataeditortool.cs in SourceAssetDB has modification time of '2026-04-01T10:29:20.2429658Z' while content on disk has modification time of '2026-04-01T10:29:21.1627251Z'
Number of updated asset objects reloaded before import = 0
Number of asset objects unloaded after import = 0
========================================================================
Received Import Request.
  Time since last request: 0.016389 seconds.
  path: Assets/SaveDataEditorTool.cs
  artifactKey: Guid(733e7f08a39762746b1d156f5655d415) Importer(815301076,1909f56bfc062723c751e8b465ee728b)
Start importing Assets/SaveDataEditorTool.cs using Guid(733e7f08a39762746b1d156f5655d415) Importer(815301076,1909f56bfc062723c751e8b465ee728b) [PhysX] Initialized MultithreadedTaskDispatcher with 4 workers.
 -> (artifact id: '00000000000000000000000000000000') in 0.001589 seconds
Import Error Code:(4)
Message: Build asset version error: assets/savedataeditortool.cs in SourceAssetDB has modification time of '2026-04-01T10:29:20.2429658Z' while content on disk has modification time of '2026-04-01T10:29:21.1627251Z'
  ERROR: Build asset version error: assets/savedataeditortool.cs in SourceAssetDB has modification time of '2026-04-01T10:29:20.2429658Z' while content on disk has modification time of '2026-04-01T10:29:21.1627251Z'
Number of updated asset objects reloaded before import = 0
Number of asset objects unloaded after import = 0
========================================================================
Received Import Request.
  Time since last request: 0.015097 seconds.
  path: Assets/SaveDataEditorTool.cs
  artifactKey: Guid(733e7f08a39762746b1d156f5655d415) Importer(815301076,1909f56bfc062723c751e8b465ee728b)
Start importing Assets/SaveDataEditorTool.cs using Guid(733e7f08a39762746b1d156f5655d415) Importer(815301076,1909f56bfc062723c751e8b465ee728b) [PhysX] Initialized MultithreadedTaskDispatcher with 4 workers.
 -> (artifact id: '00000000000000000000000000000000') in 0.001049 seconds
Import Error Code:(4)
Message: Build asset version error: assets/savedataeditortool.cs in SourceAssetDB has modification time of '2026-04-01T10:29:20.2429658Z' while content on disk has modification time of '2026-04-01T10:29:21.1627251Z'
  ERROR: Build asset version error: assets/savedataeditortool.cs in SourceAssetDB has modification time of '2026-04-01T10:29:20.2429658Z' while content on disk has modification time of '2026-04-01T10:29:21.1627251Z'
Number of updated asset objects reloaded before import = 0
Number of asset objects unloaded after import = 0
========================================================================
Received Import Request.
  Time since last request: 0.016512 seconds.
  path: Assets/SaveDataEditorTool.cs
  artifactKey: Guid(733e7f08a39762746b1d156f5655d415) Importer(815301076,1909f56bfc062723c751e8b465ee728b)
Start importing Assets/SaveDataEditorTool.cs using Guid(733e7f08a39762746b1d156f5655d415) Importer(815301076,1909f56bfc062723c751e8b465ee728b) [PhysX] Initialized MultithreadedTaskDispatcher with 4 workers.
 -> (artifact id: '00000000000000000000000000000000') in 0.001080 seconds
Import Error Code:(4)
Message: Build asset version error: assets/savedataeditortool.cs in SourceAssetDB has modification time of '2026-04-01T10:29:20.2429658Z' while content on disk has modification time of '2026-04-01T10:29:21.1627251Z'
  ERROR: Build asset version error: assets/savedataeditortool.cs in SourceAssetDB has modification time of '2026-04-01T10:29:20.2429658Z' while content on disk has modification time of '2026-04-01T10:29:21.1627251Z'
Number of updated asset objects reloaded before import = 0
Number of asset objects unloaded after import = 0
========================================================================
Received Import Request.
  Time since last request: 0.015745 seconds.
  path: Assets/SaveDataEditorTool.cs
  artifactKey: Guid(733e7f08a39762746b1d156f5655d415) Importer(815301076,1909f56bfc062723c751e8b465ee728b)
Start importing Assets/SaveDataEditorTool.cs using Guid(733e7f08a39762746b1d156f5655d415) Importer(815301076,1909f56bfc062723c751e8b465ee728b) [PhysX] Initialized MultithreadedTaskDispatcher with 4 workers.
 -> (artifact id: '00000000000000000000000000000000') in 0.001059 seconds
Import Error Code:(4)
Message: Build asset version error: assets/savedataeditortool.cs in SourceAssetDB has modification time of '2026-04-01T10:29:20.2429658Z' while content on disk has modification time of '2026-04-01T10:29:21.1627251Z'
  ERROR: Build asset version error: assets/savedataeditortool.cs in SourceAssetDB has modification time of '2026-04-01T10:29:20.2429658Z' while content on disk has modification time of '2026-04-01T10:29:21.1627251Z'
Number of updated asset objects reloaded before import = 0
Number of asset objects unloaded after import = 0
========================================================================
Received Import Request.
  Time since last request: 0.016900 seconds.
  path: Assets/SaveDataEditorTool.cs
  artifactKey: Guid(733e7f08a39762746b1d156f5655d415) Importer(815301076,1909f56bfc062723c751e8b465ee728b)
Start importing Assets/SaveDataEditorTool.cs using Guid(733e7f08a39762746b1d156f5655d415) Importer(815301076,1909f56bfc062723c751e8b465ee728b) [PhysX] Initialized MultithreadedTaskDispatcher with 4 workers.
 -> (artifact id: '00000000000000000000000000000000') in 0.001348 seconds
Import Error Code:(4)
Message: Build asset version error: assets/savedataeditortool.cs in SourceAssetDB has modification time of '2026-04-01T10:29:20.2429658Z' while content on disk has modification time of '2026-04-01T10:29:21.1627251Z'
  ERROR: Build asset version error: assets/savedataeditortool.cs in SourceAssetDB has modification time of '2026-04-01T10:29:20.2429658Z' while content on disk has modification time of '2026-04-01T10:29:21.1627251Z'
Number of updated asset objects reloaded before import = 0
Number of asset objects unloaded after import = 0
========================================================================
Received Import Request.
  Time since last request: 0.015563 seconds.
  path: Assets/SaveDataEditorTool.cs
  artifactKey: Guid(733e7f08a39762746b1d156f5655d415) Importer(815301076,1909f56bfc062723c751e8b465ee728b)
Start importing Assets/SaveDataEditorTool.cs using Guid(733e7f08a39762746b1d156f5655d415) Importer(815301076,1909f56bfc062723c751e8b465ee728b) [PhysX] Initialized MultithreadedTaskDispatcher with 4 workers.
 -> (artifact id: '00000000000000000000000000000000') in 0.001145 seconds
Import Error Code:(4)
Message: Build asset version error: assets/savedataeditortool.cs in SourceAssetDB has modification time of '2026-04-01T10:29:20.2429658Z' while content on disk has modification time of '2026-04-01T10:29:21.1627251Z'
  ERROR: Build asset version error: assets/savedataeditortool.cs in SourceAssetDB has modification time of '2026-04-01T10:29:20.2429658Z' while content on disk has modification time of '2026-04-01T10:29:21.1627251Z'
Number of updated asset objects reloaded before import = 0
Number of asset objects unloaded after import = 0
========================================================================
Received Import Request.
  Time since last request: 0.016060 seconds.
  path: Assets/SaveDataEditorTool.cs
  artifactKey: Guid(733e7f08a39762746b1d156f5655d415) Importer(815301076,1909f56bfc062723c751e8b465ee728b)
Start importing Assets/SaveDataEditorTool.cs using Guid(733e7f08a39762746b1d156f5655d415) Importer(815301076,1909f56bfc062723c751e8b465ee728b) [PhysX] Initialized MultithreadedTaskDispatcher with 4 workers.
 -> (artifact id: '00000000000000000000000000000000') in 0.001010 seconds
Import Error Code:(4)
Message: Build asset version error: assets/savedataeditortool.cs in SourceAssetDB has modification time of '2026-04-01T10:29:20.2429658Z' while content on disk has modification time of '2026-04-01T10:29:21.1627251Z'
  ERROR: Build asset version error: assets/savedataeditortool.cs in SourceAssetDB has modification time of '2026-04-01T10:29:20.2429658Z' while content on disk has modification time of '2026-04-01T10:29:21.1627251Z'
Number of updated asset objects reloaded before import = 0
Number of asset objects unloaded after import = 0
========================================================================
Received Import Request.
  Time since last request: 0.014971 seconds.
  path: Assets/SaveDataEditorTool.cs
  artifactKey: Guid(733e7f08a39762746b1d156f5655d415) Importer(815301076,1909f56bfc062723c751e8b465ee728b)
Start importing Assets/SaveDataEditorTool.cs using Guid(733e7f08a39762746b1d156f5655d415) Importer(815301076,1909f56bfc062723c751e8b465ee728b) [PhysX] Initialized MultithreadedTaskDispatcher with 4 workers.
 -> (artifact id: '00000000000000000000000000000000') in 0.001619 seconds
Import Error Code:(4)
Message: Build asset version error: assets/savedataeditortool.cs in SourceAssetDB has modification time of '2026-04-01T10:29:20.2429658Z' while content on disk has modification time of '2026-04-01T10:29:21.1627251Z'
  ERROR: Build asset version error: assets/savedataeditortool.cs in SourceAssetDB has modification time of '2026-04-01T10:29:20.2429658Z' while content on disk has modification time of '2026-04-01T10:29:21.1627251Z'
Number of updated asset objects reloaded before import = 0
Number of asset objects unloaded after import = 0
========================================================================
Received Import Request.
  Time since last request: 0.015656 seconds.
  path: Assets/SaveDataEditorTool.cs
  artifactKey: Guid(733e7f08a39762746b1d156f5655d415) Importer(815301076,1909f56bfc062723c751e8b465ee728b)
Start importing Assets/SaveDataEditorTool.cs using Guid(733e7f08a39762746b1d156f5655d415) Importer(815301076,1909f56bfc062723c751e8b465ee728b) [PhysX] Initialized MultithreadedTaskDispatcher with 4 workers.
 -> (artifact id: '00000000000000000000000000000000') in 0.001079 seconds
Import Error Code:(4)
Message: Build asset version error: assets/savedataeditortool.cs in SourceAssetDB has modification time of '2026-04-01T10:29:20.2429658Z' while content on disk has modification time of '2026-04-01T10:29:21.1627251Z'
  ERROR: Build asset version error: assets/savedataeditortool.cs in SourceAssetDB has modification time of '2026-04-01T10:29:20.2429658Z' while content on disk has modification time of '2026-04-01T10:29:21.1627251Z'
Number of updated asset objects reloaded before import = 0
Number of asset objects unloaded after import = 0
========================================================================
Received Import Request.
  Time since last request: 0.016514 seconds.
  path: Assets/SaveDataEditorTool.cs
  artifactKey: Guid(733e7f08a39762746b1d156f5655d415) Importer(815301076,1909f56bfc062723c751e8b465ee728b)
Start importing Assets/SaveDataEditorTool.cs using Guid(733e7f08a39762746b1d156f5655d415) Importer(815301076,1909f56bfc062723c751e8b465ee728b) [PhysX] Initialized MultithreadedTaskDispatcher with 4 workers.
 -> (artifact id: '00000000000000000000000000000000') in 0.001238 seconds
Import Error Code:(4)
Message: Build asset version error: assets/savedataeditortool.cs in SourceAssetDB has modification time of '2026-04-01T10:29:20.2429658Z' while content on disk has modification time of '2026-04-01T10:29:21.1627251Z'
  ERROR: Build asset version error: assets/savedataeditortool.cs in SourceAssetDB has modification time of '2026-04-01T10:29:20.2429658Z' while content on disk has modification time of '2026-04-01T10:29:21.1627251Z'
Number of updated asset objects reloaded before import = 0
Number of asset objects unloaded after import = 0
========================================================================
Received Import Request.
  Time since last request: 0.016395 seconds.
  path: Assets/SaveDataEditorTool.cs
  artifactKey: Guid(733e7f08a39762746b1d156f5655d415) Importer(815301076,1909f56bfc062723c751e8b465ee728b)
Start importing Assets/SaveDataEditorTool.cs using Guid(733e7f08a39762746b1d156f5655d415) Importer(815301076,1909f56bfc062723c751e8b465ee728b) [PhysX] Initialized MultithreadedTaskDispatcher with 4 workers.
 -> (artifact id: '00000000000000000000000000000000') in 0.001130 seconds
Import Error Code:(4)
Message: Build asset version error: assets/savedataeditortool.cs in SourceAssetDB has modification time of '2026-04-01T10:29:20.2429658Z' while content on disk has modification time of '2026-04-01T10:29:21.1627251Z'
  ERROR: Build asset version error: assets/savedataeditortool.cs in SourceAssetDB has modification time of '2026-04-01T10:29:20.2429658Z' while content on disk has modification time of '2026-04-01T10:29:21.1627251Z'
Number of updated asset objects reloaded before import = 0
Number of asset objects unloaded after import = 0
========================================================================
Received Import Request.
  Time since last request: 0.016468 seconds.
  path: Assets/SaveDataEditorTool.cs
  artifactKey: Guid(733e7f08a39762746b1d156f5655d415) Importer(815301076,1909f56bfc062723c751e8b465ee728b)
Start importing Assets/SaveDataEditorTool.cs using Guid(733e7f08a39762746b1d156f5655d415) Importer(815301076,1909f56bfc062723c751e8b465ee728b) [PhysX] Initialized MultithreadedTaskDispatcher with 4 workers.
 -> (artifact id: '00000000000000000000000000000000') in 0.001202 seconds
Import Error Code:(4)
Message: Build asset version error: assets/savedataeditortool.cs in SourceAssetDB has modification time of '2026-04-01T10:29:20.2429658Z' while content on disk has modification time of '2026-04-01T10:29:21.1627251Z'
  ERROR: Build asset version error: assets/savedataeditortool.cs in SourceAssetDB has modification time of '2026-04-01T10:29:20.2429658Z' while content on disk has modification time of '2026-04-01T10:29:21.1627251Z'
Number of updated asset objects reloaded before import = 0
Number of asset objects unloaded after import = 0
========================================================================
Received Import Request.
  Time since last request: 0.006460 seconds.
  path: Assets/SaveDataEditorTool.cs
  artifactKey: Guid(733e7f08a39762746b1d156f5655d415) Importer(815301076,1909f56bfc062723c751e8b465ee728b)
Start importing Assets/SaveDataEditorTool.cs using Guid(733e7f08a39762746b1d156f5655d415) Importer(815301076,1909f56bfc062723c751e8b465ee728b) [PhysX] Initialized MultithreadedTaskDispatcher with 4 workers.
 -> (artifact id: '00000000000000000000000000000000') in 0.001166 seconds
Import Error Code:(4)
Message: Build asset version error: assets/savedataeditortool.cs in SourceAssetDB has modification time of '2026-04-01T10:29:20.2429658Z' while content on disk has modification time of '2026-04-01T10:29:21.1627251Z'
  ERROR: Build asset version error: assets/savedataeditortool.cs in SourceAssetDB has modification time of '2026-04-01T10:29:20.2429658Z' while content on disk has modification time of '2026-04-01T10:29:21.1627251Z'
Number of updated asset objects reloaded before import = 0
Number of asset objects unloaded after import = 0
========================================================================
Received Import Request.
  Time since last request: 0.017015 seconds.
  path: Assets/SaveDataEditorTool.cs
  artifactKey: Guid(733e7f08a39762746b1d156f5655d415) Importer(815301076,1909f56bfc062723c751e8b465ee728b)
Start importing Assets/SaveDataEditorTool.cs using Guid(733e7f08a39762746b1d156f5655d415) Importer(815301076,1909f56bfc062723c751e8b465ee728b) [PhysX] Initialized MultithreadedTaskDispatcher with 4 workers.
 -> (artifact id: '00000000000000000000000000000000') in 0.001402 seconds
Import Error Code:(4)
Message: Build asset version error: assets/savedataeditortool.cs in SourceAssetDB has modification time of '2026-04-01T10:29:20.2429658Z' while content on disk has modification time of '2026-04-01T10:29:21.1627251Z'
  ERROR: Build asset version error: assets/savedataeditortool.cs in SourceAssetDB has modification time of '2026-04-01T10:29:20.2429658Z' while content on disk has modification time of '2026-04-01T10:29:21.1627251Z'
Number of updated asset objects reloaded before import = 0
Number of asset objects unloaded after import = 0
========================================================================
Received Import Request.
  Time since last request: 0.016503 seconds.
  path: Assets/SaveDataEditorTool.cs
  artifactKey: Guid(733e7f08a39762746b1d156f5655d415) Importer(815301076,1909f56bfc062723c751e8b465ee728b)
Start importing Assets/SaveDataEditorTool.cs using Guid(733e7f08a39762746b1d156f5655d415) Importer(815301076,1909f56bfc062723c751e8b465ee728b) [PhysX] Initialized MultithreadedTaskDispatcher with 4 workers.
 -> (artifact id: '00000000000000000000000000000000') in 0.003099 seconds
Import Error Code:(4)
Message: Build asset version error: assets/savedataeditortool.cs in SourceAssetDB has modification time of '2026-04-01T10:29:20.2429658Z' while content on disk has modification time of '2026-04-01T10:29:21.1627251Z'
  ERROR: Build asset version error: assets/savedataeditortool.cs in SourceAssetDB has modification time of '2026-04-01T10:29:20.2429658Z' while content on disk has modification time of '2026-04-01T10:29:21.1627251Z'
Number of updated asset objects reloaded before import = 0
Number of asset objects unloaded after import = 0
========================================================================
Received Import Request.
  Time since last request: 0.019477 seconds.
  path: Assets/SaveDataEditorTool.cs
  artifactKey: Guid(733e7f08a39762746b1d156f5655d415) Importer(815301076,1909f56bfc062723c751e8b465ee728b)
Start importing Assets/SaveDataEditorTool.cs using Guid(733e7f08a39762746b1d156f5655d415) Importer(815301076,1909f56bfc062723c751e8b465ee728b) [PhysX] Initialized MultithreadedTaskDispatcher with 4 workers.
 -> (artifact id: '00000000000000000000000000000000') in 0.002143 seconds
Import Error Code:(4)
Message: Build asset version error: assets/savedataeditortool.cs in SourceAssetDB has modification time of '2026-04-01T10:29:20.2429658Z' while content on disk has modification time of '2026-04-01T10:29:21.1627251Z'
  ERROR: Build asset version error: assets/savedataeditortool.cs in SourceAssetDB has modification time of '2026-04-01T10:29:20.2429658Z' while content on disk has modification time of '2026-04-01T10:29:21.1627251Z'
Number of updated asset objects reloaded before import = 0
Number of asset objects unloaded after import = 0
========================================================================
Received Import Request.
  Time since last request: 0.017033 seconds.
  path: Assets/SaveDataEditorTool.cs
  artifactKey: Guid(733e7f08a39762746b1d156f5655d415) Importer(815301076,1909f56bfc062723c751e8b465ee728b)
Start importing Assets/SaveDataEditorTool.cs using Guid(733e7f08a39762746b1d156f5655d415) Importer(815301076,1909f56bfc062723c751e8b465ee728b) [PhysX] Initialized MultithreadedTaskDispatcher with 4 workers.
 -> (artifact id: '00000000000000000000000000000000') in 0.001027 seconds
Import Error Code:(4)
Message: Build asset version error: assets/savedataeditortool.cs in SourceAssetDB has modification time of '2026-04-01T10:29:20.2429658Z' while content on disk has modification time of '2026-04-01T10:29:21.1627251Z'
  ERROR: Build asset version error: assets/savedataeditortool.cs in SourceAssetDB has modification time of '2026-04-01T10:29:20.2429658Z' while content on disk has modification time of '2026-04-01T10:29:21.1627251Z'
Number of updated asset objects reloaded before import = 0
Number of asset objects unloaded after import = 0
========================================================================
Received Import Request.
  Time since last request: 0.014502 seconds.
  path: Assets/SaveDataEditorTool.cs
  artifactKey: Guid(733e7f08a39762746b1d156f5655d415) Importer(815301076,1909f56bfc062723c751e8b465ee728b)
Start importing Assets/SaveDataEditorTool.cs using Guid(733e7f08a39762746b1d156f5655d415) Importer(815301076,1909f56bfc062723c751e8b465ee728b) [PhysX] Initialized MultithreadedTaskDispatcher with 4 workers.
 -> (artifact id: '00000000000000000000000000000000') in 0.001129 seconds
Import Error Code:(4)
Message: Build asset version error: assets/savedataeditortool.cs in SourceAssetDB has modification time of '2026-04-01T10:29:20.2429658Z' while content on disk has modification time of '2026-04-01T10:29:21.1627251Z'
  ERROR: Build asset version error: assets/savedataeditortool.cs in SourceAssetDB has modification time of '2026-04-01T10:29:20.2429658Z' while content on disk has modification time of '2026-04-01T10:29:21.1627251Z'
Number of updated asset objects reloaded before import = 0
Number of asset objects unloaded after import = 0
========================================================================
Received Import Request.
  Time since last request: 0.016411 seconds.
  path: Assets/SaveDataEditorTool.cs
  artifactKey: Guid(733e7f08a39762746b1d156f5655d415) Importer(815301076,1909f56bfc062723c751e8b465ee728b)
Start importing Assets/SaveDataEditorTool.cs using Guid(733e7f08a39762746b1d156f5655d415) Importer(815301076,1909f56bfc062723c751e8b465ee728b) [PhysX] Initialized MultithreadedTaskDispatcher with 4 workers.
 -> (artifact id: '00000000000000000000000000000000') in 0.001155 seconds
Import Error Code:(4)
Message: Build asset version error: assets/savedataeditortool.cs in SourceAssetDB has modification time of '2026-04-01T10:29:20.2429658Z' while content on disk has modification time of '2026-04-01T10:29:21.1627251Z'
  ERROR: Build asset version error: assets/savedataeditortool.cs in SourceAssetDB has modification time of '2026-04-01T10:29:20.2429658Z' while content on disk has modification time of '2026-04-01T10:29:21.1627251Z'
Number of updated asset objects reloaded before import = 0
Number of asset objects unloaded after import = 0
========================================================================
Received Import Request.
  Time since last request: 0.005690 seconds.
  path: Assets/SaveDataEditorTool.cs
  artifactKey: Guid(733e7f08a39762746b1d156f5655d415) Importer(815301076,1909f56bfc062723c751e8b465ee728b)
Start importing Assets/SaveDataEditorTool.cs using Guid(733e7f08a39762746b1d156f5655d415) Importer(815301076,1909f56bfc062723c751e8b465ee728b) [PhysX] Initialized MultithreadedTaskDispatcher with 4 workers.
 -> (artifact id: '00000000000000000000000000000000') in 0.001267 seconds
Import Error Code:(4)
Message: Build asset version error: assets/savedataeditortool.cs in SourceAssetDB has modification time of '2026-04-01T10:29:20.2429658Z' while content on disk has modification time of '2026-04-01T10:29:21.1627251Z'
  ERROR: Build asset version error: assets/savedataeditortool.cs in SourceAssetDB has modification time of '2026-04-01T10:29:20.2429658Z' while content on disk has modification time of '2026-04-01T10:29:21.1627251Z'
Number of updated asset objects reloaded before import = 0
Number of asset objects unloaded after import = 0
========================================================================
Received Import Request.
  Time since last request: 0.015237 seconds.
  path: Assets/SaveDataEditorTool.cs
  artifactKey: Guid(733e7f08a39762746b1d156f5655d415) Importer(815301076,1909f56bfc062723c751e8b465ee728b)
Start importing Assets/SaveDataEditorTool.cs using Guid(733e7f08a39762746b1d156f5655d415) Importer(815301076,1909f56bfc062723c751e8b465ee728b) [PhysX] Initialized MultithreadedTaskDispatcher with 4 workers.
 -> (artifact id: '00000000000000000000000000000000') in 0.001997 seconds
Import Error Code:(4)
Message: Build asset version error: assets/savedataeditortool.cs in SourceAssetDB has modification time of '2026-04-01T10:29:20.2429658Z' while content on disk has modification time of '2026-04-01T10:29:21.1627251Z'
  ERROR: Build asset version error: assets/savedataeditortool.cs in SourceAssetDB has modification time of '2026-04-01T10:29:20.2429658Z' while content on disk has modification time of '2026-04-01T10:29:21.1627251Z'
Number of updated asset objects reloaded before import = 0
Number of asset objects unloaded after import = 0
========================================================================
Received Import Request.
  Time since last request: 0.017407 seconds.
  path: Assets/SaveDataEditorTool.cs
  artifactKey: Guid(733e7f08a39762746b1d156f5655d415) Importer(815301076,1909f56bfc062723c751e8b465ee728b)
Start importing Assets/SaveDataEditorTool.cs using Guid(733e7f08a39762746b1d156f5655d415) Importer(815301076,1909f56bfc062723c751e8b465ee728b) [PhysX] Initialized MultithreadedTaskDispatcher with 4 workers.
 -> (artifact id: '00000000000000000000000000000000') in 0.000888 seconds
Import Error Code:(4)
Message: Build asset version error: assets/savedataeditortool.cs in SourceAssetDB has modification time of '2026-04-01T10:29:20.2429658Z' while content on disk has modification time of '2026-04-01T10:29:21.1627251Z'
  ERROR: Build asset version error: assets/savedataeditortool.cs in SourceAssetDB has modification time of '2026-04-01T10:29:20.2429658Z' while content on disk has modification time of '2026-04-01T10:29:21.1627251Z'
Number of updated asset objects reloaded before import = 0
Number of asset objects unloaded after import = 0
========================================================================
Received Import Request.
  Time since last request: 0.019019 seconds.
  path: Assets/SaveDataEditorTool.cs
  artifactKey: Guid(733e7f08a39762746b1d156f5655d415) Importer(815301076,1909f56bfc062723c751e8b465ee728b)
Start importing Assets/SaveDataEditorTool.cs using Guid(733e7f08a39762746b1d156f5655d415) Importer(815301076,1909f56bfc062723c751e8b465ee728b) [PhysX] Initialized MultithreadedTaskDispatcher with 4 workers.
 -> (artifact id: '00000000000000000000000000000000') in 0.001408 seconds
Import Error Code:(4)
Message: Build asset version error: assets/savedataeditortool.cs in SourceAssetDB has modification time of '2026-04-01T10:29:20.2429658Z' while content on disk has modification time of '2026-04-01T10:29:21.1627251Z'
  ERROR: Build asset version error: assets/savedataeditortool.cs in SourceAssetDB has modification time of '2026-04-01T10:29:20.2429658Z' while content on disk has modification time of '2026-04-01T10:29:21.1627251Z'
Number of updated asset objects reloaded before import = 0
Number of asset objects unloaded after import = 0
========================================================================
Received Import Request.
  Time since last request: 0.009576 seconds.
  path: Assets/SaveDataEditorTool.cs
  artifactKey: Guid(733e7f08a39762746b1d156f5655d415) Importer(815301076,1909f56bfc062723c751e8b465ee728b)
Start importing Assets/SaveDataEditorTool.cs using Guid(733e7f08a39762746b1d156f5655d415) Importer(815301076,1909f56bfc062723c751e8b465ee728b) [PhysX] Initialized MultithreadedTaskDispatcher with 4 workers.
 -> (artifact id: '00000000000000000000000000000000') in 0.001383 seconds
Import Error Code:(4)
Message: Build asset version error: assets/savedataeditortool.cs in SourceAssetDB has modification time of '2026-04-01T10:29:20.2429658Z' while content on disk has modification time of '2026-04-01T10:29:21.1627251Z'
  ERROR: Build asset version error: assets/savedataeditortool.cs in SourceAssetDB has modification time of '2026-04-01T10:29:20.2429658Z' while content on disk has modification time of '2026-04-01T10:29:21.1627251Z'
Number of updated asset objects reloaded before import = 0
Number of asset objects unloaded after import = 0
========================================================================
Received Import Request.
  Time since last request: 0.015595 seconds.
  path: Assets/SaveDataEditorTool.cs
  artifactKey: Guid(733e7f08a39762746b1d156f5655d415) Importer(815301076,1909f56bfc062723c751e8b465ee728b)
Start importing Assets/SaveDataEditorTool.cs using Guid(733e7f08a39762746b1d156f5655d415) Importer(815301076,1909f56bfc062723c751e8b465ee728b) [PhysX] Initialized MultithreadedTaskDispatcher with 4 workers.
 -> (artifact id: '00000000000000000000000000000000') in 0.001680 seconds
Import Error Code:(4)
Message: Build asset version error: assets/savedataeditortool.cs in SourceAssetDB has modification time of '2026-04-01T10:29:20.2429658Z' while content on disk has modification time of '2026-04-01T10:29:21.1627251Z'
  ERROR: Build asset version error: assets/savedataeditortool.cs in SourceAssetDB has modification time of '2026-04-01T10:29:20.2429658Z' while content on disk has modification time of '2026-04-01T10:29:21.1627251Z'
Number of updated asset objects reloaded before import = 0
Number of asset objects unloaded after import = 0
========================================================================
Received Import Request.
  Time since last request: 0.020129 seconds.
  path: Assets/SaveDataEditorTool.cs
  artifactKey: Guid(733e7f08a39762746b1d156f5655d415) Importer(815301076,1909f56bfc062723c751e8b465ee728b)
Start importing Assets/SaveDataEditorTool.cs using Guid(733e7f08a39762746b1d156f5655d415) Importer(815301076,1909f56bfc062723c751e8b465ee728b) [PhysX] Initialized MultithreadedTaskDispatcher with 4 workers.
 -> (artifact id: '00000000000000000000000000000000') in 0.001118 seconds
Import Error Code:(4)
Message: Build asset version error: assets/savedataeditortool.cs in SourceAssetDB has modification time of '2026-04-01T10:29:20.2429658Z' while content on disk has modification time of '2026-04-01T10:29:21.1627251Z'
  ERROR: Build asset version error: assets/savedataeditortool.cs in SourceAssetDB has modification time of '2026-04-01T10:29:20.2429658Z' while content on disk has modification time of '2026-04-01T10:29:21.1627251Z'
Number of updated asset objects reloaded before import = 0
Number of asset objects unloaded after import = 0
========================================================================
Received Import Request.
  Time since last request: 0.016768 seconds.
  path: Assets/SaveDataEditorTool.cs
  artifactKey: Guid(733e7f08a39762746b1d156f5655d415) Importer(815301076,1909f56bfc062723c751e8b465ee728b)
Start importing Assets/SaveDataEditorTool.cs using Guid(733e7f08a39762746b1d156f5655d415) Importer(815301076,1909f56bfc062723c751e8b465ee728b) [PhysX] Initialized MultithreadedTaskDispatcher with 4 workers.
 -> (artifact id: '00000000000000000000000000000000') in 0.001387 seconds
Import Error Code:(4)
Message: Build asset version error: assets/savedataeditortool.cs in SourceAssetDB has modification time of '2026-04-01T10:29:20.2429658Z' while content on disk has modification time of '2026-04-01T10:29:21.1627251Z'
  ERROR: Build asset version error: assets/savedataeditortool.cs in SourceAssetDB has modification time of '2026-04-01T10:29:20.2429658Z' while content on disk has modification time of '2026-04-01T10:29:21.1627251Z'
Number of updated asset objects reloaded before import = 0
Number of asset objects unloaded after import = 0
========================================================================
Received Import Request.
  Time since last request: 0.003139 seconds.
  path: Assets/SaveDataEditorTool.cs
  artifactKey: Guid(733e7f08a39762746b1d156f5655d415) Importer(815301076,1909f56bfc062723c751e8b465ee728b)
Start importing Assets/SaveDataEditorTool.cs using Guid(733e7f08a39762746b1d156f5655d415) Importer(815301076,1909f56bfc062723c751e8b465ee728b) [PhysX] Initialized MultithreadedTaskDispatcher with 4 workers.
 -> (artifact id: '00000000000000000000000000000000') in 0.001482 seconds
Import Error Code:(4)
Message: Build asset version error: assets/savedataeditortool.cs in SourceAssetDB has modification time of '2026-04-01T10:29:20.2429658Z' while content on disk has modification time of '2026-04-01T10:29:21.1627251Z'
  ERROR: Build asset version error: assets/savedataeditortool.cs in SourceAssetDB has modification time of '2026-04-01T10:29:20.2429658Z' while content on disk has modification time of '2026-04-01T10:29:21.1627251Z'
Number of updated asset objects reloaded before import = 0
Number of asset objects unloaded after import = 0
========================================================================
Received Import Request.
  Time since last request: 0.015570 seconds.
  path: Assets/SaveDataEditorTool.cs
  artifactKey: Guid(733e7f08a39762746b1d156f5655d415) Importer(815301076,1909f56bfc062723c751e8b465ee728b)
Start importing Assets/SaveDataEditorTool.cs using Guid(733e7f08a39762746b1d156f5655d415) Importer(815301076,1909f56bfc062723c751e8b465ee728b) [PhysX] Initialized MultithreadedTaskDispatcher with 4 workers.
 -> (artifact id: '00000000000000000000000000000000') in 0.001020 seconds
Import Error Code:(4)
Message: Build asset version error: assets/savedataeditortool.cs in SourceAssetDB has modification time of '2026-04-01T10:29:20.2429658Z' while content on disk has modification time of '2026-04-01T10:29:21.1627251Z'
  ERROR: Build asset version error: assets/savedataeditortool.cs in SourceAssetDB has modification time of '2026-04-01T10:29:20.2429658Z' while content on disk has modification time of '2026-04-01T10:29:21.1627251Z'
Number of updated asset objects reloaded before import = 0
Number of asset objects unloaded after import = 0
========================================================================
Received Import Request.
  Time since last request: 0.019226 seconds.
  path: Assets/SaveDataEditorTool.cs
  artifactKey: Guid(733e7f08a39762746b1d156f5655d415) Importer(815301076,1909f56bfc062723c751e8b465ee728b)
Start importing Assets/SaveDataEditorTool.cs using Guid(733e7f08a39762746b1d156f5655d415) Importer(815301076,1909f56bfc062723c751e8b465ee728b) [PhysX] Initialized MultithreadedTaskDispatcher with 4 workers.
 -> (artifact id: '00000000000000000000000000000000') in 0.004335 seconds
Import Error Code:(4)
Message: Build asset version error: assets/savedataeditortool.cs in SourceAssetDB has modification time of '2026-04-01T10:29:20.2429658Z' while content on disk has modification time of '2026-04-01T10:29:21.1627251Z'
  ERROR: Build asset version error: assets/savedataeditortool.cs in SourceAssetDB has modification time of '2026-04-01T10:29:20.2429658Z' while content on disk has modification time of '2026-04-01T10:29:21.1627251Z'
Number of updated asset objects reloaded before import = 0
Number of asset objects unloaded after import = 0
========================================================================
Received Import Request.
  Time since last request: 0.004758 seconds.
  path: Assets/SaveDataEditorTool.cs
  artifactKey: Guid(733e7f08a39762746b1d156f5655d415) Importer(815301076,1909f56bfc062723c751e8b465ee728b)
Start importing Assets/SaveDataEditorTool.cs using Guid(733e7f08a39762746b1d156f5655d415) Importer(815301076,1909f56bfc062723c751e8b465ee728b) [PhysX] Initialized MultithreadedTaskDispatcher with 4 workers.
 -> (artifact id: '00000000000000000000000000000000') in 0.002095 seconds
Import Error Code:(4)
Message: Build asset version error: assets/savedataeditortool.cs in SourceAssetDB has modification time of '2026-04-01T10:29:20.2429658Z' while content on disk has modification time of '2026-04-01T10:29:21.1627251Z'
  ERROR: Build asset version error: assets/savedataeditortool.cs in SourceAssetDB has modification time of '2026-04-01T10:29:20.2429658Z' while content on disk has modification time of '2026-04-01T10:29:21.1627251Z'
Number of updated asset objects reloaded before import = 0
Number of asset objects unloaded after import = 0
========================================================================
Received Import Request.
  Time since last request: 0.016546 seconds.
  path: Assets/SaveDataEditorTool.cs
  artifactKey: Guid(733e7f08a39762746b1d156f5655d415) Importer(815301076,1909f56bfc062723c751e8b465ee728b)
Start importing Assets/SaveDataEditorTool.cs using Guid(733e7f08a39762746b1d156f5655d415) Importer(815301076,1909f56bfc062723c751e8b465ee728b) [PhysX] Initialized MultithreadedTaskDispatcher with 4 workers.
 -> (artifact id: '00000000000000000000000000000000') in 0.001508 seconds
Import Error Code:(4)
Message: Build asset version error: assets/savedataeditortool.cs in SourceAssetDB has modification time of '2026-04-01T10:29:20.2429658Z' while content on disk has modification time of '2026-04-01T10:29:21.1627251Z'
  ERROR: Build asset version error: assets/savedataeditortool.cs in SourceAssetDB has modification time of '2026-04-01T10:29:20.2429658Z' while content on disk has modification time of '2026-04-01T10:29:21.1627251Z'
Number of updated asset objects reloaded before import = 0
Number of asset objects unloaded after import = 0
========================================================================
Received Import Request.
  Time since last request: 0.016649 seconds.
  path: Assets/SaveDataEditorTool.cs
  artifactKey: Guid(733e7f08a39762746b1d156f5655d415) Importer(815301076,1909f56bfc062723c751e8b465ee728b)
Start importing Assets/SaveDataEditorTool.cs using Guid(733e7f08a39762746b1d156f5655d415) Importer(815301076,1909f56bfc062723c751e8b465ee728b) [PhysX] Initialized MultithreadedTaskDispatcher with 4 workers.
 -> (artifact id: '00000000000000000000000000000000') in 0.003403 seconds
Import Error Code:(4)
Message: Build asset version error: assets/savedataeditortool.cs in SourceAssetDB has modification time of '2026-04-01T10:29:20.2429658Z' while content on disk has modification time of '2026-04-01T10:29:21.1627251Z'
  ERROR: Build asset version error: assets/savedataeditortool.cs in SourceAssetDB has modification time of '2026-04-01T10:29:20.2429658Z' while content on disk has modification time of '2026-04-01T10:29:21.1627251Z'
Number of updated asset objects reloaded before import = 0
Number of asset objects unloaded after import = 0
========================================================================
Received Import Request.
  Time since last request: 0.016826 seconds.
  path: Assets/SaveDataEditorTool.cs
  artifactKey: Guid(733e7f08a39762746b1d156f5655d415) Importer(815301076,1909f56bfc062723c751e8b465ee728b)
Start importing Assets/SaveDataEditorTool.cs using Guid(733e7f08a39762746b1d156f5655d415) Importer(815301076,1909f56bfc062723c751e8b465ee728b) [PhysX] Initialized MultithreadedTaskDispatcher with 4 workers.
 -> (artifact id: '00000000000000000000000000000000') in 0.001487 seconds
Import Error Code:(4)
Message: Build asset version error: assets/savedataeditortool.cs in SourceAssetDB has modification time of '2026-04-01T10:29:20.2429658Z' while content on disk has modification time of '2026-04-01T10:29:21.1627251Z'
  ERROR: Build asset version error: assets/savedataeditortool.cs in SourceAssetDB has modification time of '2026-04-01T10:29:20.2429658Z' while content on disk has modification time of '2026-04-01T10:29:21.1627251Z'
Number of updated asset objects reloaded before import = 0
Number of asset objects unloaded after import = 0
========================================================================
Received Import Request.
  Time since last request: 0.017695 seconds.
  path: Assets/SaveDataEditorTool.cs
  artifactKey: Guid(733e7f08a39762746b1d156f5655d415) Importer(815301076,1909f56bfc062723c751e8b465ee728b)
Start importing Assets/SaveDataEditorTool.cs using Guid(733e7f08a39762746b1d156f5655d415) Importer(815301076,1909f56bfc062723c751e8b465ee728b) [PhysX] Initialized MultithreadedTaskDispatcher with 4 workers.
 -> (artifact id: '00000000000000000000000000000000') in 0.001159 seconds
Import Error Code:(4)
Message: Build asset version error: assets/savedataeditortool.cs in SourceAssetDB has modification time of '2026-04-01T10:29:20.2429658Z' while content on disk has modification time of '2026-04-01T10:29:21.1627251Z'
  ERROR: Build asset version error: assets/savedataeditortool.cs in SourceAssetDB has modification time of '2026-04-01T10:29:20.2429658Z' while content on disk has modification time of '2026-04-01T10:29:21.1627251Z'
Number of updated asset objects reloaded before import = 0
Number of asset objects unloaded after import = 0
========================================================================
Received Import Request.
  Time since last request: 0.018339 seconds.
  path: Assets/SaveDataEditorTool.cs
  artifactKey: Guid(733e7f08a39762746b1d156f5655d415) Importer(815301076,1909f56bfc062723c751e8b465ee728b)
Start importing Assets/SaveDataEditorTool.cs using Guid(733e7f08a39762746b1d156f5655d415) Importer(815301076,1909f56bfc062723c751e8b465ee728b) [PhysX] Initialized MultithreadedTaskDispatcher with 4 workers.
 -> (artifact id: '00000000000000000000000000000000') in 0.001713 seconds
Import Error Code:(4)
Message: Build asset version error: assets/savedataeditortool.cs in SourceAssetDB has modification time of '2026-04-01T10:29:20.2429658Z' while content on disk has modification time of '2026-04-01T10:29:21.1627251Z'
  ERROR: Build asset version error: assets/savedataeditortool.cs in SourceAssetDB has modification time of '2026-04-01T10:29:20.2429658Z' while content on disk has modification time of '2026-04-01T10:29:21.1627251Z'
Number of updated asset objects reloaded before import = 0
Number of asset objects unloaded after import = 0
========================================================================
Received Import Request.
  Time since last request: 0.002299 seconds.
  path: Assets/SaveDataEditorTool.cs
  artifactKey: Guid(733e7f08a39762746b1d156f5655d415) Importer(815301076,1909f56bfc062723c751e8b465ee728b)
Start importing Assets/SaveDataEditorTool.cs using Guid(733e7f08a39762746b1d156f5655d415) Importer(815301076,1909f56bfc062723c751e8b465ee728b) [PhysX] Initialized MultithreadedTaskDispatcher with 4 workers.
 -> (artifact id: '00000000000000000000000000000000') in 0.001202 seconds
Import Error Code:(4)
Message: Build asset version error: assets/savedataeditortool.cs in SourceAssetDB has modification time of '2026-04-01T10:29:20.2429658Z' while content on disk has modification time of '2026-04-01T10:29:21.1627251Z'
  ERROR: Build asset version error: assets/savedataeditortool.cs in SourceAssetDB has modification time of '2026-04-01T10:29:20.2429658Z' while content on disk has modification time of '2026-04-01T10:29:21.1627251Z'
Number of updated asset objects reloaded before import = 0
Number of asset objects unloaded after import = 0
========================================================================
Received Import Request.
  Time since last request: 0.017130 seconds.
  path: Assets/SaveDataEditorTool.cs
  artifactKey: Guid(733e7f08a39762746b1d156f5655d415) Importer(815301076,1909f56bfc062723c751e8b465ee728b)
Start importing Assets/SaveDataEditorTool.cs using Guid(733e7f08a39762746b1d156f5655d415) Importer(815301076,1909f56bfc062723c751e8b465ee728b) [PhysX] Initialized MultithreadedTaskDispatcher with 4 workers.
 -> (artifact id: '00000000000000000000000000000000') in 0.001529 seconds
Import Error Code:(4)
Message: Build asset version error: assets/savedataeditortool.cs in SourceAssetDB has modification time of '2026-04-01T10:29:20.2429658Z' while content on disk has modification time of '2026-04-01T10:29:21.1627251Z'
  ERROR: Build asset version error: assets/savedataeditortool.cs in SourceAssetDB has modification time of '2026-04-01T10:29:20.2429658Z' while content on disk has modification time of '2026-04-01T10:29:21.1627251Z'
Number of updated asset objects reloaded before import = 0
Number of asset objects unloaded after import = 0
========================================================================
Received Import Request.
  Time since last request: 0.015236 seconds.
  path: Assets/SaveDataEditorTool.cs
  artifactKey: Guid(733e7f08a39762746b1d156f5655d415) Importer(815301076,1909f56bfc062723c751e8b465ee728b)
Start importing Assets/SaveDataEditorTool.cs using Guid(733e7f08a39762746b1d156f5655d415) Importer(815301076,1909f56bfc062723c751e8b465ee728b) [PhysX] Initialized MultithreadedTaskDispatcher with 4 workers.
 -> (artifact id: '00000000000000000000000000000000') in 0.001310 seconds
Import Error Code:(4)
Message: Build asset version error: assets/savedataeditortool.cs in SourceAssetDB has modification time of '2026-04-01T10:29:20.2429658Z' while content on disk has modification time of '2026-04-01T10:29:21.1627251Z'
  ERROR: Build asset version error: assets/savedataeditortool.cs in SourceAssetDB has modification time of '2026-04-01T10:29:20.2429658Z' while content on disk has modification time of '2026-04-01T10:29:21.1627251Z'
Number of updated asset objects reloaded before import = 0
Number of asset objects unloaded after import = 0
========================================================================
Received Import Request.
  Time since last request: 0.017634 seconds.
  path: Assets/SaveDataEditorTool.cs
  artifactKey: Guid(733e7f08a39762746b1d156f5655d415) Importer(815301076,1909f56bfc062723c751e8b465ee728b)
Start importing Assets/SaveDataEditorTool.cs using Guid(733e7f08a39762746b1d156f5655d415) Importer(815301076,1909f56bfc062723c751e8b465ee728b) [PhysX] Initialized MultithreadedTaskDispatcher with 4 workers.
 -> (artifact id: '00000000000000000000000000000000') in 0.001672 seconds
Import Error Code:(4)
Message: Build asset version error: assets/savedataeditortool.cs in SourceAssetDB has modification time of '2026-04-01T10:29:20.2429658Z' while content on disk has modification time of '2026-04-01T10:29:21.1627251Z'
  ERROR: Build asset version error: assets/savedataeditortool.cs in SourceAssetDB has modification time of '2026-04-01T10:29:20.2429658Z' while content on disk has modification time of '2026-04-01T10:29:21.1627251Z'
Number of updated asset objects reloaded before import = 0
Number of asset objects unloaded after import = 0
========================================================================
Received Import Request.
  Time since last request: 0.016264 seconds.
  path: Assets/SaveDataEditorTool.cs
  artifactKey: Guid(733e7f08a39762746b1d156f5655d415) Importer(815301076,1909f56bfc062723c751e8b465ee728b)
Start importing Assets/SaveDataEditorTool.cs using Guid(733e7f08a39762746b1d156f5655d415) Importer(815301076,1909f56bfc062723c751e8b465ee728b) [PhysX] Initialized MultithreadedTaskDispatcher with 4 workers.
 -> (artifact id: '00000000000000000000000000000000') in 0.001664 seconds
Import Error Code:(4)
Message: Build asset version error: assets/savedataeditortool.cs in SourceAssetDB has modification time of '2026-04-01T10:29:20.2429658Z' while content on disk has modification time of '2026-04-01T10:29:21.1627251Z'
  ERROR: Build asset version error: assets/savedataeditortool.cs in SourceAssetDB has modification time of '2026-04-01T10:29:20.2429658Z' while content on disk has modification time of '2026-04-01T10:29:21.1627251Z'
Number of updated asset objects reloaded before import = 0
Number of asset objects unloaded after import = 0
========================================================================
Received Import Request.
  Time since last request: 0.017450 seconds.
  path: Assets/SaveDataEditorTool.cs
  artifactKey: Guid(733e7f08a39762746b1d156f5655d415) Importer(815301076,1909f56bfc062723c751e8b465ee728b)
Start importing Assets/SaveDataEditorTool.cs using Guid(733e7f08a39762746b1d156f5655d415) Importer(815301076,1909f56bfc062723c751e8b465ee728b) [PhysX] Initialized MultithreadedTaskDispatcher with 4 workers.
 -> (artifact id: '00000000000000000000000000000000') in 0.004607 seconds
Import Error Code:(4)
Message: Build asset version error: assets/savedataeditortool.cs in SourceAssetDB has modification time of '2026-04-01T10:29:20.2429658Z' while content on disk has modification time of '2026-04-01T10:29:21.1627251Z'
  ERROR: Build asset version error: assets/savedataeditortool.cs in SourceAssetDB has modification time of '2026-04-01T10:29:20.2429658Z' while content on disk has modification time of '2026-04-01T10:29:21.1627251Z'
Number of updated asset objects reloaded before import = 0
Number of asset objects unloaded after import = 0
========================================================================
Received Import Request.
  Time since last request: 0.012461 seconds.
  path: Assets/SaveDataEditorTool.cs
  artifactKey: Guid(733e7f08a39762746b1d156f5655d415) Importer(815301076,1909f56bfc062723c751e8b465ee728b)
Start importing Assets/SaveDataEditorTool.cs using Guid(733e7f08a39762746b1d156f5655d415) Importer(815301076,1909f56bfc062723c751e8b465ee728b) [PhysX] Initialized MultithreadedTaskDispatcher with 4 workers.
 -> (artifact id: '00000000000000000000000000000000') in 0.019923 seconds
Import Error Code:(4)
Message: Build asset version error: assets/savedataeditortool.cs in SourceAssetDB has modification time of '2026-04-01T10:29:20.2429658Z' while content on disk has modification time of '2026-04-01T10:29:21.1627251Z'
  ERROR: Build asset version error: assets/savedataeditortool.cs in SourceAssetDB has modification time of '2026-04-01T10:29:20.2429658Z' while content on disk has modification time of '2026-04-01T10:29:21.1627251Z'
Number of updated asset objects reloaded before import = 0
Number of asset objects unloaded after import = 0
========================================================================
Received Import Request.
  Time since last request: 0.001207 seconds.
  path: Assets/SaveDataEditorTool.cs
  artifactKey: Guid(733e7f08a39762746b1d156f5655d415) Importer(815301076,1909f56bfc062723c751e8b465ee728b)
Start importing Assets/SaveDataEditorTool.cs using Guid(733e7f08a39762746b1d156f5655d415) Importer(815301076,1909f56bfc062723c751e8b465ee728b) [PhysX] Initialized MultithreadedTaskDispatcher with 4 workers.
 -> (artifact id: '00000000000000000000000000000000') in 0.002841 seconds
Import Error Code:(4)
Message: Build asset version error: assets/savedataeditortool.cs in SourceAssetDB has modification time of '2026-04-01T10:29:20.2429658Z' while content on disk has modification time of '2026-04-01T10:29:21.1627251Z'
  ERROR: Build asset version error: assets/savedataeditortool.cs in SourceAssetDB has modification time of '2026-04-01T10:29:20.2429658Z' while content on disk has modification time of '2026-04-01T10:29:21.1627251Z'
Number of updated asset objects reloaded before import = 0
Number of asset objects unloaded after import = 0
========================================================================
Received Import Request.
  Time since last request: 0.020400 seconds.
  path: Assets/SaveDataEditorTool.cs
  artifactKey: Guid(733e7f08a39762746b1d156f5655d415) Importer(815301076,1909f56bfc062723c751e8b465ee728b)
Start importing Assets/SaveDataEditorTool.cs using Guid(733e7f08a39762746b1d156f5655d415) Importer(815301076,1909f56bfc062723c751e8b465ee728b) [PhysX] Initialized MultithreadedTaskDispatcher with 4 workers.
 -> (artifact id: '00000000000000000000000000000000') in 0.003507 seconds
Import Error Code:(4)
Message: Build asset version error: assets/savedataeditortool.cs in SourceAssetDB has modification time of '2026-04-01T10:29:20.2429658Z' while content on disk has modification time of '2026-04-01T10:29:21.1627251Z'
  ERROR: Build asset version error: assets/savedataeditortool.cs in SourceAssetDB has modification time of '2026-04-01T10:29:20.2429658Z' while content on disk has modification time of '2026-04-01T10:29:21.1627251Z'
Number of updated asset objects reloaded before import = 0
Number of asset objects unloaded after import = 0
========================================================================
Received Import Request.
  Time since last request: 0.021608 seconds.
  path: Assets/SaveDataEditorTool.cs
  artifactKey: Guid(733e7f08a39762746b1d156f5655d415) Importer(815301076,1909f56bfc062723c751e8b465ee728b)
Start importing Assets/SaveDataEditorTool.cs using Guid(733e7f08a39762746b1d156f5655d415) Importer(815301076,1909f56bfc062723c751e8b465ee728b) [PhysX] Initialized MultithreadedTaskDispatcher with 4 workers.
 -> (artifact id: '00000000000000000000000000000000') in 0.002108 seconds
Import Error Code:(4)
Message: Build asset version error: assets/savedataeditortool.cs in SourceAssetDB has modification time of '2026-04-01T10:29:20.2429658Z' while content on disk has modification time of '2026-04-01T10:29:21.1627251Z'
  ERROR: Build asset version error: assets/savedataeditortool.cs in SourceAssetDB has modification time of '2026-04-01T10:29:20.2429658Z' while content on disk has modification time of '2026-04-01T10:29:21.1627251Z'
Number of updated asset objects reloaded before import = 0
Number of asset objects unloaded after import = 0
========================================================================
Received Import Request.
  Time since last request: 0.020928 seconds.
  path: Assets/SaveDataEditorTool.cs
  artifactKey: Guid(733e7f08a39762746b1d156f5655d415) Importer(815301076,1909f56bfc062723c751e8b465ee728b)
Start importing Assets/SaveDataEditorTool.cs using Guid(733e7f08a39762746b1d156f5655d415) Importer(815301076,1909f56bfc062723c751e8b465ee728b) [PhysX] Initialized MultithreadedTaskDispatcher with 4 workers.
 -> (artifact id: '00000000000000000000000000000000') in 0.002587 seconds
Import Error Code:(4)
Message: Build asset version error: assets/savedataeditortool.cs in SourceAssetDB has modification time of '2026-04-01T10:29:20.2429658Z' while content on disk has modification time of '2026-04-01T10:29:21.1627251Z'
  ERROR: Build asset version error: assets/savedataeditortool.cs in SourceAssetDB has modification time of '2026-04-01T10:29:20.2429658Z' while content on disk has modification time of '2026-04-01T10:29:21.1627251Z'
Number of updated asset objects reloaded before import = 0
Number of asset objects unloaded after import = 0
========================================================================
Received Import Request.
  Time since last request: 0.029537 seconds.
  path: Assets/SaveDataEditorTool.cs
  artifactKey: Guid(733e7f08a39762746b1d156f5655d415) Importer(815301076,1909f56bfc062723c751e8b465ee728b)
Start importing Assets/SaveDataEditorTool.cs using Guid(733e7f08a39762746b1d156f5655d415) Importer(815301076,1909f56bfc062723c751e8b465ee728b) [PhysX] Initialized MultithreadedTaskDispatcher with 4 workers.
 -> (artifact id: '00000000000000000000000000000000') in 0.002799 seconds
Import Error Code:(4)
Message: Build asset version error: assets/savedataeditortool.cs in SourceAssetDB has modification time of '2026-04-01T10:29:20.2429658Z' while content on disk has modification time of '2026-04-01T10:29:21.1627251Z'
  ERROR: Build asset version error: assets/savedataeditortool.cs in SourceAssetDB has modification time of '2026-04-01T10:29:20.2429658Z' while content on disk has modification time of '2026-04-01T10:29:21.1627251Z'
Number of updated asset objects reloaded before import = 0
Number of asset objects unloaded after import = 0
========================================================================
Received Import Request.
  Time since last request: 0.008917 seconds.
  path: Assets/SaveDataEditorTool.cs
  artifactKey: Guid(733e7f08a39762746b1d156f5655d415) Importer(815301076,1909f56bfc062723c751e8b465ee728b)
Start importing Assets/SaveDataEditorTool.cs using Guid(733e7f08a39762746b1d156f5655d415) Importer(815301076,1909f56bfc062723c751e8b465ee728b) [PhysX] Initialized MultithreadedTaskDispatcher with 4 workers.
 -> (artifact id: '00000000000000000000000000000000') in 0.004362 seconds
Import Error Code:(4)
Message: Build asset version error: assets/savedataeditortool.cs in SourceAssetDB has modification time of '2026-04-01T10:29:20.2429658Z' while content on disk has modification time of '2026-04-01T10:29:21.1627251Z'
  ERROR: Build asset version error: assets/savedataeditortool.cs in SourceAssetDB has modification time of '2026-04-01T10:29:20.2429658Z' while content on disk has modification time of '2026-04-01T10:29:21.1627251Z'
Number of updated asset objects reloaded before import = 0
Number of asset objects unloaded after import = 0
========================================================================
Received Import Request.
  Time since last request: 0.006798 seconds.
  path: Assets/SaveDataEditorTool.cs
  artifactKey: Guid(733e7f08a39762746b1d156f5655d415) Importer(815301076,1909f56bfc062723c751e8b465ee728b)
Start importing Assets/SaveDataEditorTool.cs using Guid(733e7f08a39762746b1d156f5655d415) Importer(815301076,1909f56bfc062723c751e8b465ee728b) [PhysX] Initialized MultithreadedTaskDispatcher with 4 workers.
 -> (artifact id: '00000000000000000000000000000000') in 0.002485 seconds
Import Error Code:(4)
Message: Build asset version error: assets/savedataeditortool.cs in SourceAssetDB has modification time of '2026-04-01T10:29:20.2429658Z' while content on disk has modification time of '2026-04-01T10:29:21.1627251Z'
  ERROR: Build asset version error: assets/savedataeditortool.cs in SourceAssetDB has modification time of '2026-04-01T10:29:20.2429658Z' while content on disk has modification time of '2026-04-01T10:29:21.1627251Z'
Number of updated asset objects reloaded before import = 0
Number of asset objects unloaded after import = 0
========================================================================
Received Import Request.
  Time since last request: 0.014546 seconds.
  path: Assets/SaveDataEditorTool.cs
  artifactKey: Guid(733e7f08a39762746b1d156f5655d415) Importer(815301076,1909f56bfc062723c751e8b465ee728b)
Start importing Assets/SaveDataEditorTool.cs using Guid(733e7f08a39762746b1d156f5655d415) Importer(815301076,1909f56bfc062723c751e8b465ee728b) [PhysX] Initialized MultithreadedTaskDispatcher with 4 workers.
 -> (artifact id: '00000000000000000000000000000000') in 0.002081 seconds
Import Error Code:(4)
Message: Build asset version error: assets/savedataeditortool.cs in SourceAssetDB has modification time of '2026-04-01T10:29:20.2429658Z' while content on disk has modification time of '2026-04-01T10:29:21.1627251Z'
  ERROR: Build asset version error: assets/savedataeditortool.cs in SourceAssetDB has modification time of '2026-04-01T10:29:20.2429658Z' while content on disk has modification time of '2026-04-01T10:29:21.1627251Z'
Number of updated asset objects reloaded before import = 0
Number of asset objects unloaded after import = 0
========================================================================
Received Import Request.
  Time since last request: 0.019731 seconds.
  path: Assets/SaveDataEditorTool.cs
  artifactKey: Guid(733e7f08a39762746b1d156f5655d415) Importer(815301076,1909f56bfc062723c751e8b465ee728b)
Start importing Assets/SaveDataEditorTool.cs using Guid(733e7f08a39762746b1d156f5655d415) Importer(815301076,1909f56bfc062723c751e8b465ee728b) [PhysX] Initialized MultithreadedTaskDispatcher with 4 workers.
 -> (artifact id: '00000000000000000000000000000000') in 0.001036 seconds
Import Error Code:(4)
Message: Build asset version error: assets/savedataeditortool.cs in SourceAssetDB has modification time of '2026-04-01T10:29:20.2429658Z' while content on disk has modification time of '2026-04-01T10:29:21.1627251Z'
  ERROR: Build asset version error: assets/savedataeditortool.cs in SourceAssetDB has modification time of '2026-04-01T10:29:20.2429658Z' while content on disk has modification time of '2026-04-01T10:29:21.1627251Z'
Number of updated asset objects reloaded before import = 0
Number of asset objects unloaded after import = 0
========================================================================
Received Import Request.
  Time since last request: 0.013067 seconds.
  path: Assets/SaveDataEditorTool.cs
  artifactKey: Guid(733e7f08a39762746b1d156f5655d415) Importer(815301076,1909f56bfc062723c751e8b465ee728b)
Start importing Assets/SaveDataEditorTool.cs using Guid(733e7f08a39762746b1d156f5655d415) Importer(815301076,1909f56bfc062723c751e8b465ee728b) [PhysX] Initialized MultithreadedTaskDispatcher with 4 workers.
 -> (artifact id: '00000000000000000000000000000000') in 0.001520 seconds
Import Error Code:(4)
Message: Build asset version error: assets/savedataeditortool.cs in SourceAssetDB has modification time of '2026-04-01T10:29:20.2429658Z' while content on disk has modification time of '2026-04-01T10:29:21.1627251Z'
  ERROR: Build asset version error: assets/savedataeditortool.cs in SourceAssetDB has modification time of '2026-04-01T10:29:20.2429658Z' while content on disk has modification time of '2026-04-01T10:29:21.1627251Z'
Number of updated asset objects reloaded before import = 0
Number of asset objects unloaded after import = 0
========================================================================
Received Import Request.
  Time since last request: 0.017240 seconds.
  path: Assets/SaveDataEditorTool.cs
  artifactKey: Guid(733e7f08a39762746b1d156f5655d415) Importer(815301076,1909f56bfc062723c751e8b465ee728b)
Start importing Assets/SaveDataEditorTool.cs using Guid(733e7f08a39762746b1d156f5655d415) Importer(815301076,1909f56bfc062723c751e8b465ee728b) [PhysX] Initialized MultithreadedTaskDispatcher with 4 workers.
 -> (artifact id: '00000000000000000000000000000000') in 0.001195 seconds
Import Error Code:(4)
Message: Build asset version error: assets/savedataeditortool.cs in SourceAssetDB has modification time of '2026-04-01T10:29:20.2429658Z' while content on disk has modification time of '2026-04-01T10:29:21.1627251Z'
  ERROR: Build asset version error: assets/savedataeditortool.cs in SourceAssetDB has modification time of '2026-04-01T10:29:20.2429658Z' while content on disk has modification time of '2026-04-01T10:29:21.1627251Z'
Number of updated asset objects reloaded before import = 0
Number of asset objects unloaded after import = 0
========================================================================
Received Import Request.
  Time since last request: 0.016234 seconds.
  path: Assets/SaveDataEditorTool.cs
  artifactKey: Guid(733e7f08a39762746b1d156f5655d415) Importer(815301076,1909f56bfc062723c751e8b465ee728b)
Start importing Assets/SaveDataEditorTool.cs using Guid(733e7f08a39762746b1d156f5655d415) Importer(815301076,1909f56bfc062723c751e8b465ee728b) [PhysX] Initialized MultithreadedTaskDispatcher with 4 workers.
 -> (artifact id: '00000000000000000000000000000000') in 0.001681 seconds
Import Error Code:(4)
Message: Build asset version error: assets/savedataeditortool.cs in SourceAssetDB has modification time of '2026-04-01T10:29:20.2429658Z' while content on disk has modification time of '2026-04-01T10:29:21.1627251Z'
  ERROR: Build asset version error: assets/savedataeditortool.cs in SourceAssetDB has modification time of '2026-04-01T10:29:20.2429658Z' while content on disk has modification time of '2026-04-01T10:29:21.1627251Z'
Number of updated asset objects reloaded before import = 0
Number of asset objects unloaded after import = 0
========================================================================
Received Import Request.
  Time since last request: 0.002378 seconds.
  path: Assets/SaveDataEditorTool.cs
  artifactKey: Guid(733e7f08a39762746b1d156f5655d415) Importer(815301076,1909f56bfc062723c751e8b465ee728b)
Start importing Assets/SaveDataEditorTool.cs using Guid(733e7f08a39762746b1d156f5655d415) Importer(815301076,1909f56bfc062723c751e8b465ee728b) [PhysX] Initialized MultithreadedTaskDispatcher with 4 workers.
 -> (artifact id: '00000000000000000000000000000000') in 0.001238 seconds
Import Error Code:(4)
Message: Build asset version error: assets/savedataeditortool.cs in SourceAssetDB has modification time of '2026-04-01T10:29:20.2429658Z' while content on disk has modification time of '2026-04-01T10:29:21.1627251Z'
  ERROR: Build asset version error: assets/savedataeditortool.cs in SourceAssetDB has modification time of '2026-04-01T10:29:20.2429658Z' while content on disk has modification time of '2026-04-01T10:29:21.1627251Z'
Number of updated asset objects reloaded before import = 0
Number of asset objects unloaded after import = 0
========================================================================
Received Import Request.
  Time since last request: 0.015719 seconds.
  path: Assets/SaveDataEditorTool.cs
  artifactKey: Guid(733e7f08a39762746b1d156f5655d415) Importer(815301076,1909f56bfc062723c751e8b465ee728b)
Start importing Assets/SaveDataEditorTool.cs using Guid(733e7f08a39762746b1d156f5655d415) Importer(815301076,1909f56bfc062723c751e8b465ee728b) [PhysX] Initialized MultithreadedTaskDispatcher with 4 workers.
 -> (artifact id: '00000000000000000000000000000000') in 0.001238 seconds
Import Error Code:(4)
Message: Build asset version error: assets/savedataeditortool.cs in SourceAssetDB has modification time of '2026-04-01T10:29:20.2429658Z' while content on disk has modification time of '2026-04-01T10:29:21.1627251Z'
  ERROR: Build asset version error: assets/savedataeditortool.cs in SourceAssetDB has modification time of '2026-04-01T10:29:20.2429658Z' while content on disk has modification time of '2026-04-01T10:29:21.1627251Z'
Number of updated asset objects reloaded before import = 0
Number of asset objects unloaded after import = 0
========================================================================
Received Import Request.
  Time since last request: 0.016122 seconds.
  path: Assets/SaveDataEditorTool.cs
  artifactKey: Guid(733e7f08a39762746b1d156f5655d415) Importer(815301076,1909f56bfc062723c751e8b465ee728b)
Start importing Assets/SaveDataEditorTool.cs using Guid(733e7f08a39762746b1d156f5655d415) Importer(815301076,1909f56bfc062723c751e8b465ee728b) [PhysX] Initialized MultithreadedTaskDispatcher with 4 workers.
 -> (artifact id: '00000000000000000000000000000000') in 0.001287 seconds
Import Error Code:(4)
Message: Build asset version error: assets/savedataeditortool.cs in SourceAssetDB has modification time of '2026-04-01T10:29:20.2429658Z' while content on disk has modification time of '2026-04-01T10:29:21.1627251Z'
  ERROR: Build asset version error: assets/savedataeditortool.cs in SourceAssetDB has modification time of '2026-04-01T10:29:20.2429658Z' while content on disk has modification time of '2026-04-01T10:29:21.1627251Z'
Number of updated asset objects reloaded before import = 0
Number of asset objects unloaded after import = 0
========================================================================
Received Import Request.
  Time since last request: 0.015045 seconds.
  path: Assets/SaveDataEditorTool.cs
  artifactKey: Guid(733e7f08a39762746b1d156f5655d415) Importer(815301076,1909f56bfc062723c751e8b465ee728b)
Start importing Assets/SaveDataEditorTool.cs using Guid(733e7f08a39762746b1d156f5655d415) Importer(815301076,1909f56bfc062723c751e8b465ee728b) [PhysX] Initialized MultithreadedTaskDispatcher with 4 workers.
 -> (artifact id: '00000000000000000000000000000000') in 0.001914 seconds
Import Error Code:(4)
Message: Build asset version error: assets/savedataeditortool.cs in SourceAssetDB has modification time of '2026-04-01T10:29:20.2429658Z' while content on disk has modification time of '2026-04-01T10:29:21.1627251Z'
  ERROR: Build asset version error: assets/savedataeditortool.cs in SourceAssetDB has modification time of '2026-04-01T10:29:20.2429658Z' while content on disk has modification time of '2026-04-01T10:29:21.1627251Z'
Number of updated asset objects reloaded before import = 0
Number of asset objects unloaded after import = 0
========================================================================
Received Import Request.
  Time since last request: 0.013414 seconds.
  path: Assets/SaveDataEditorTool.cs
  artifactKey: Guid(733e7f08a39762746b1d156f5655d415) Importer(815301076,1909f56bfc062723c751e8b465ee728b)
Start importing Assets/SaveDataEditorTool.cs using Guid(733e7f08a39762746b1d156f5655d415) Importer(815301076,1909f56bfc062723c751e8b465ee728b) [PhysX] Initialized MultithreadedTaskDispatcher with 4 workers.
 -> (artifact id: '00000000000000000000000000000000') in 0.002250 seconds
Import Error Code:(4)
Message: Build asset version error: assets/savedataeditortool.cs in SourceAssetDB has modification time of '2026-04-01T10:29:20.2429658Z' while content on disk has modification time of '2026-04-01T10:29:21.1627251Z'
  ERROR: Build asset version error: assets/savedataeditortool.cs in SourceAssetDB has modification time of '2026-04-01T10:29:20.2429658Z' while content on disk has modification time of '2026-04-01T10:29:21.1627251Z'
Number of updated asset objects reloaded before import = 0
Number of asset objects unloaded after import = 0
========================================================================
Received Import Request.
  Time since last request: 0.021601 seconds.
  path: Assets/SaveDataEditorTool.cs
  artifactKey: Guid(733e7f08a39762746b1d156f5655d415) Importer(815301076,1909f56bfc062723c751e8b465ee728b)
Start importing Assets/SaveDataEditorTool.cs using Guid(733e7f08a39762746b1d156f5655d415) Importer(815301076,1909f56bfc062723c751e8b465ee728b) [PhysX] Initialized MultithreadedTaskDispatcher with 4 workers.
 -> (artifact id: '00000000000000000000000000000000') in 0.001374 seconds
Import Error Code:(4)
Message: Build asset version error: assets/savedataeditortool.cs in SourceAssetDB has modification time of '2026-04-01T10:29:20.2429658Z' while content on disk has modification time of '2026-04-01T10:29:21.1627251Z'
  ERROR: Build asset version error: assets/savedataeditortool.cs in SourceAssetDB has modification time of '2026-04-01T10:29:20.2429658Z' while content on disk has modification time of '2026-04-01T10:29:21.1627251Z'
Number of updated asset objects reloaded before import = 0
Number of asset objects unloaded after import = 0
========================================================================
Received Import Request.
  Time since last request: 0.011688 seconds.
  path: Assets/SaveDataEditorTool.cs
  artifactKey: Guid(733e7f08a39762746b1d156f5655d415) Importer(815301076,1909f56bfc062723c751e8b465ee728b)
Start importing Assets/SaveDataEditorTool.cs using Guid(733e7f08a39762746b1d156f5655d415) Importer(815301076,1909f56bfc062723c751e8b465ee728b) [PhysX] Initialized MultithreadedTaskDispatcher with 4 workers.
 -> (artifact id: '00000000000000000000000000000000') in 0.001473 seconds
Import Error Code:(4)
Message: Build asset version error: assets/savedataeditortool.cs in SourceAssetDB has modification time of '2026-04-01T10:29:20.2429658Z' while content on disk has modification time of '2026-04-01T10:29:21.1627251Z'
  ERROR: Build asset version error: assets/savedataeditortool.cs in SourceAssetDB has modification time of '2026-04-01T10:29:20.2429658Z' while content on disk has modification time of '2026-04-01T10:29:21.1627251Z'
Number of updated asset objects reloaded before import = 0
Number of asset objects unloaded after import = 0
========================================================================
Received Import Request.
  Time since last request: 0.015466 seconds.
  path: Assets/SaveDataEditorTool.cs
  artifactKey: Guid(733e7f08a39762746b1d156f5655d415) Importer(815301076,1909f56bfc062723c751e8b465ee728b)
Start importing Assets/SaveDataEditorTool.cs using Guid(733e7f08a39762746b1d156f5655d415) Importer(815301076,1909f56bfc062723c751e8b465ee728b) [PhysX] Initialized MultithreadedTaskDispatcher with 4 workers.
 -> (artifact id: '00000000000000000000000000000000') in 0.001178 seconds
Import Error Code:(4)
Message: Build asset version error: assets/savedataeditortool.cs in SourceAssetDB has modification time of '2026-04-01T10:29:20.2429658Z' while content on disk has modification time of '2026-04-01T10:29:21.1627251Z'
  ERROR: Build asset version error: assets/savedataeditortool.cs in SourceAssetDB has modification time of '2026-04-01T10:29:20.2429658Z' while content on disk has modification time of '2026-04-01T10:29:21.1627251Z'
Number of updated asset objects reloaded before import = 0
Number of asset objects unloaded after import = 0
========================================================================
Received Import Request.
  Time since last request: 0.017143 seconds.
  path: Assets/SaveDataEditorTool.cs
  artifactKey: Guid(733e7f08a39762746b1d156f5655d415) Importer(815301076,1909f56bfc062723c751e8b465ee728b)
Start importing Assets/SaveDataEditorTool.cs using Guid(733e7f08a39762746b1d156f5655d415) Importer(815301076,1909f56bfc062723c751e8b465ee728b) [PhysX] Initialized MultithreadedTaskDispatcher with 4 workers.
 -> (artifact id: '00000000000000000000000000000000') in 0.001287 seconds
Import Error Code:(4)
Message: Build asset version error: assets/savedataeditortool.cs in SourceAssetDB has modification time of '2026-04-01T10:29:20.2429658Z' while content on disk has modification time of '2026-04-01T10:29:21.1627251Z'
  ERROR: Build asset version error: assets/savedataeditortool.cs in SourceAssetDB has modification time of '2026-04-01T10:29:20.2429658Z' while content on disk has modification time of '2026-04-01T10:29:21.1627251Z'
Number of updated asset objects reloaded before import = 0
Number of asset objects unloaded after import = 0
========================================================================
Received Import Request.
  Time since last request: 0.017154 seconds.
  path: Assets/SaveDataEditorTool.cs
  artifactKey: Guid(733e7f08a39762746b1d156f5655d415) Importer(815301076,1909f56bfc062723c751e8b465ee728b)
Start importing Assets/SaveDataEditorTool.cs using Guid(733e7f08a39762746b1d156f5655d415) Importer(815301076,1909f56bfc062723c751e8b465ee728b) [PhysX] Initialized MultithreadedTaskDispatcher with 4 workers.
 -> (artifact id: '00000000000000000000000000000000') in 0.001710 seconds
Import Error Code:(4)
Message: Build asset version error: assets/savedataeditortool.cs in SourceAssetDB has modification time of '2026-04-01T10:29:20.2429658Z' while content on disk has modification time of '2026-04-01T10:29:21.1627251Z'
  ERROR: Build asset version error: assets/savedataeditortool.cs in SourceAssetDB has modification time of '2026-04-01T10:29:20.2429658Z' while content on disk has modification time of '2026-04-01T10:29:21.1627251Z'
Number of updated asset objects reloaded before import = 0
Number of asset objects unloaded after import = 0
========================================================================
Received Import Request.
  Time since last request: 0.016817 seconds.
  path: Assets/SaveDataEditorTool.cs
  artifactKey: Guid(733e7f08a39762746b1d156f5655d415) Importer(815301076,1909f56bfc062723c751e8b465ee728b)
Start importing Assets/SaveDataEditorTool.cs using Guid(733e7f08a39762746b1d156f5655d415) Importer(815301076,1909f56bfc062723c751e8b465ee728b) [PhysX] Initialized MultithreadedTaskDispatcher with 4 workers.
 -> (artifact id: '00000000000000000000000000000000') in 0.001300 seconds
Import Error Code:(4)
Message: Build asset version error: assets/savedataeditortool.cs in SourceAssetDB has modification time of '2026-04-01T10:29:20.2429658Z' while content on disk has modification time of '2026-04-01T10:29:21.1627251Z'
  ERROR: Build asset version error: assets/savedataeditortool.cs in SourceAssetDB has modification time of '2026-04-01T10:29:20.2429658Z' while content on disk has modification time of '2026-04-01T10:29:21.1627251Z'
Number of updated asset objects reloaded before import = 0
Number of asset objects unloaded after import = 0
========================================================================
Received Import Request.
  Time since last request: 0.016552 seconds.
  path: Assets/SaveDataEditorTool.cs
  artifactKey: Guid(733e7f08a39762746b1d156f5655d415) Importer(815301076,1909f56bfc062723c751e8b465ee728b)
Start importing Assets/SaveDataEditorTool.cs using Guid(733e7f08a39762746b1d156f5655d415) Importer(815301076,1909f56bfc062723c751e8b465ee728b) [PhysX] Initialized MultithreadedTaskDispatcher with 4 workers.
 -> (artifact id: '00000000000000000000000000000000') in 0.001675 seconds
Import Error Code:(4)
Message: Build asset version error: assets/savedataeditortool.cs in SourceAssetDB has modification time of '2026-04-01T10:29:20.2429658Z' while content on disk has modification time of '2026-04-01T10:29:21.1627251Z'
  ERROR: Build asset version error: assets/savedataeditortool.cs in SourceAssetDB has modification time of '2026-04-01T10:29:20.2429658Z' while content on disk has modification time of '2026-04-01T10:29:21.1627251Z'
Number of updated asset objects reloaded before import = 0
Number of asset objects unloaded after import = 0
========================================================================
Received Import Request.
  Time since last request: 0.018532 seconds.
  path: Assets/SaveDataEditorTool.cs
  artifactKey: Guid(733e7f08a39762746b1d156f5655d415) Importer(815301076,1909f56bfc062723c751e8b465ee728b)
Start importing Assets/SaveDataEditorTool.cs using Guid(733e7f08a39762746b1d156f5655d415) Importer(815301076,1909f56bfc062723c751e8b465ee728b) [PhysX] Initialized MultithreadedTaskDispatcher with 4 workers.
 -> (artifact id: '00000000000000000000000000000000') in 0.002695 seconds
Import Error Code:(4)
Message: Build asset version error: assets/savedataeditortool.cs in SourceAssetDB has modification time of '2026-04-01T10:29:20.2429658Z' while content on disk has modification time of '2026-04-01T10:29:21.1627251Z'
  ERROR: Build asset version error: assets/savedataeditortool.cs in SourceAssetDB has modification time of '2026-04-01T10:29:20.2429658Z' while content on disk has modification time of '2026-04-01T10:29:21.1627251Z'
Number of updated asset objects reloaded before import = 0
Number of asset objects unloaded after import = 0
========================================================================
Received Import Request.
  Time since last request: 0.016616 seconds.
  path: Assets/SaveDataEditorTool.cs
  artifactKey: Guid(733e7f08a39762746b1d156f5655d415) Importer(815301076,1909f56bfc062723c751e8b465ee728b)
Start importing Assets/SaveDataEditorTool.cs using Guid(733e7f08a39762746b1d156f5655d415) Importer(815301076,1909f56bfc062723c751e8b465ee728b) [PhysX] Initialized MultithreadedTaskDispatcher with 4 workers.
 -> (artifact id: '00000000000000000000000000000000') in 0.002029 seconds
Import Error Code:(4)
Message: Build asset version error: assets/savedataeditortool.cs in SourceAssetDB has modification time of '2026-04-01T10:29:20.2429658Z' while content on disk has modification time of '2026-04-01T10:29:21.1627251Z'
  ERROR: Build asset version error: assets/savedataeditortool.cs in SourceAssetDB has modification time of '2026-04-01T10:29:20.2429658Z' while content on disk has modification time of '2026-04-01T10:29:21.1627251Z'
Number of updated asset objects reloaded before import = 0
Number of asset objects unloaded after import = 0
========================================================================
Received Import Request.
  Time since last request: 0.014547 seconds.
  path: Assets/SaveDataEditorTool.cs
  artifactKey: Guid(733e7f08a39762746b1d156f5655d415) Importer(815301076,1909f56bfc062723c751e8b465ee728b)
Start importing Assets/SaveDataEditorTool.cs using Guid(733e7f08a39762746b1d156f5655d415) Importer(815301076,1909f56bfc062723c751e8b465ee728b) [PhysX] Initialized MultithreadedTaskDispatcher with 4 workers.
 -> (artifact id: '00000000000000000000000000000000') in 0.001782 seconds
Import Error Code:(4)
Message: Build asset version error: assets/savedataeditortool.cs in SourceAssetDB has modification time of '2026-04-01T10:29:20.2429658Z' while content on disk has modification time of '2026-04-01T10:29:21.1627251Z'
  ERROR: Build asset version error: assets/savedataeditortool.cs in SourceAssetDB has modification time of '2026-04-01T10:29:20.2429658Z' while content on disk has modification time of '2026-04-01T10:29:21.1627251Z'
Number of updated asset objects reloaded before import = 0
Number of asset objects unloaded after import = 0
========================================================================
Received Import Request.
  Time since last request: 0.018102 seconds.
  path: Assets/SaveDataEditorTool.cs
  artifactKey: Guid(733e7f08a39762746b1d156f5655d415) Importer(815301076,1909f56bfc062723c751e8b465ee728b)
Start importing Assets/SaveDataEditorTool.cs using Guid(733e7f08a39762746b1d156f5655d415) Importer(815301076,1909f56bfc062723c751e8b465ee728b) [PhysX] Initialized MultithreadedTaskDispatcher with 4 workers.
 -> (artifact id: '00000000000000000000000000000000') in 0.001673 seconds
Import Error Code:(4)
Message: Build asset version error: assets/savedataeditortool.cs in SourceAssetDB has modification time of '2026-04-01T10:29:20.2429658Z' while content on disk has modification time of '2026-04-01T10:29:21.1627251Z'
  ERROR: Build asset version error: assets/savedataeditortool.cs in SourceAssetDB has modification time of '2026-04-01T10:29:20.2429658Z' while content on disk has modification time of '2026-04-01T10:29:21.1627251Z'
Number of updated asset objects reloaded before import = 0
Number of asset objects unloaded after import = 0
========================================================================
Received Import Request.
  Time since last request: 0.014540 seconds.
  path: Assets/SaveDataEditorTool.cs
  artifactKey: Guid(733e7f08a39762746b1d156f5655d415) Importer(815301076,1909f56bfc062723c751e8b465ee728b)
Start importing Assets/SaveDataEditorTool.cs using Guid(733e7f08a39762746b1d156f5655d415) Importer(815301076,1909f56bfc062723c751e8b465ee728b) [PhysX] Initialized MultithreadedTaskDispatcher with 4 workers.
 -> (artifact id: '00000000000000000000000000000000') in 0.003911 seconds
Import Error Code:(4)
Message: Build asset version error: assets/savedataeditortool.cs in SourceAssetDB has modification time of '2026-04-01T10:29:20.2429658Z' while content on disk has modification time of '2026-04-01T10:29:21.1627251Z'
  ERROR: Build asset version error: assets/savedataeditortool.cs in SourceAssetDB has modification time of '2026-04-01T10:29:20.2429658Z' while content on disk has modification time of '2026-04-01T10:29:21.1627251Z'
Number of updated asset objects reloaded before import = 0
Number of asset objects unloaded after import = 0
========================================================================
Received Import Request.
  Time since last request: 0.010950 seconds.
  path: Assets/SaveDataEditorTool.cs
  artifactKey: Guid(733e7f08a39762746b1d156f5655d415) Importer(815301076,1909f56bfc062723c751e8b465ee728b)
Start importing Assets/SaveDataEditorTool.cs using Guid(733e7f08a39762746b1d156f5655d415) Importer(815301076,1909f56bfc062723c751e8b465ee728b) [PhysX] Initialized MultithreadedTaskDispatcher with 4 workers.
 -> (artifact id: '00000000000000000000000000000000') in 0.003273 seconds
Import Error Code:(4)
Message: Build asset version error: assets/savedataeditortool.cs in SourceAssetDB has modification time of '2026-04-01T10:29:20.2429658Z' while content on disk has modification time of '2026-04-01T10:29:21.1627251Z'
  ERROR: Build asset version error: assets/savedataeditortool.cs in SourceAssetDB has modification time of '2026-04-01T10:29:20.2429658Z' while content on disk has modification time of '2026-04-01T10:29:21.1627251Z'
Number of updated asset objects reloaded before import = 0
Number of asset objects unloaded after import = 0
========================================================================
Received Import Request.
  Time since last request: 0.016647 seconds.
  path: Assets/SaveDataEditorTool.cs
  artifactKey: Guid(733e7f08a39762746b1d156f5655d415) Importer(815301076,1909f56bfc062723c751e8b465ee728b)
Start importing Assets/SaveDataEditorTool.cs using Guid(733e7f08a39762746b1d156f5655d415) Importer(815301076,1909f56bfc062723c751e8b465ee728b) [PhysX] Initialized MultithreadedTaskDispatcher with 4 workers.
 -> (artifact id: '00000000000000000000000000000000') in 0.003091 seconds
Import Error Code:(4)
Message: Build asset version error: assets/savedataeditortool.cs in SourceAssetDB has modification time of '2026-04-01T10:29:20.2429658Z' while content on disk has modification time of '2026-04-01T10:29:21.1627251Z'
  ERROR: Build asset version error: assets/savedataeditortool.cs in SourceAssetDB has modification time of '2026-04-01T10:29:20.2429658Z' while content on disk has modification time of '2026-04-01T10:29:21.1627251Z'
Number of updated asset objects reloaded before import = 0
Number of asset objects unloaded after import = 0
========================================================================
Received Import Request.
  Time since last request: 0.013524 seconds.
  path: Assets/SaveDataEditorTool.cs
  artifactKey: Guid(733e7f08a39762746b1d156f5655d415) Importer(815301076,1909f56bfc062723c751e8b465ee728b)
Start importing Assets/SaveDataEditorTool.cs using Guid(733e7f08a39762746b1d156f5655d415) Importer(815301076,1909f56bfc062723c751e8b465ee728b) [PhysX] Initialized MultithreadedTaskDispatcher with 4 workers.
 -> (artifact id: '00000000000000000000000000000000') in 0.001089 seconds
Import Error Code:(4)
Message: Build asset version error: assets/savedataeditortool.cs in SourceAssetDB has modification time of '2026-04-01T10:29:20.2429658Z' while content on disk has modification time of '2026-04-01T10:29:21.1627251Z'
  ERROR: Build asset version error: assets/savedataeditortool.cs in SourceAssetDB has modification time of '2026-04-01T10:29:20.2429658Z' while content on disk has modification time of '2026-04-01T10:29:21.1627251Z'
Number of updated asset objects reloaded before import = 0
Number of asset objects unloaded after import = 0
========================================================================
Received Import Request.
  Time since last request: 0.017426 seconds.
  path: Assets/SaveDataEditorTool.cs
  artifactKey: Guid(733e7f08a39762746b1d156f5655d415) Importer(815301076,1909f56bfc062723c751e8b465ee728b)
Start importing Assets/SaveDataEditorTool.cs using Guid(733e7f08a39762746b1d156f5655d415) Importer(815301076,1909f56bfc062723c751e8b465ee728b) [PhysX] Initialized MultithreadedTaskDispatcher with 4 workers.
 -> (artifact id: '00000000000000000000000000000000') in 0.001956 seconds
Import Error Code:(4)
Message: Build asset version error: assets/savedataeditortool.cs in SourceAssetDB has modification time of '2026-04-01T10:29:20.2429658Z' while content on disk has modification time of '2026-04-01T10:29:21.1627251Z'
  ERROR: Build asset version error: assets/savedataeditortool.cs in SourceAssetDB has modification time of '2026-04-01T10:29:20.2429658Z' while content on disk has modification time of '2026-04-01T10:29:21.1627251Z'
Number of updated asset objects reloaded before import = 0
Number of asset objects unloaded after import = 0
========================================================================
Received Import Request.
  Time since last request: 0.015140 seconds.
  path: Assets/SaveDataEditorTool.cs
  artifactKey: Guid(733e7f08a39762746b1d156f5655d415) Importer(815301076,1909f56bfc062723c751e8b465ee728b)
Start importing Assets/SaveDataEditorTool.cs using Guid(733e7f08a39762746b1d156f5655d415) Importer(815301076,1909f56bfc062723c751e8b465ee728b) [PhysX] Initialized MultithreadedTaskDispatcher with 4 workers.
 -> (artifact id: '00000000000000000000000000000000') in 0.004541 seconds
Import Error Code:(4)
Message: Build asset version error: assets/savedataeditortool.cs in SourceAssetDB has modification time of '2026-04-01T10:29:20.2429658Z' while content on disk has modification time of '2026-04-01T10:29:21.1627251Z'
  ERROR: Build asset version error: assets/savedataeditortool.cs in SourceAssetDB has modification time of '2026-04-01T10:29:20.2429658Z' while content on disk has modification time of '2026-04-01T10:29:21.1627251Z'
Number of updated asset objects reloaded before import = 0
Number of asset objects unloaded after import = 0
========================================================================
Received Import Request.
  Time since last request: 0.009419 seconds.
  path: Assets/SaveDataEditorTool.cs
  artifactKey: Guid(733e7f08a39762746b1d156f5655d415) Importer(815301076,1909f56bfc062723c751e8b465ee728b)
Start importing Assets/SaveDataEditorTool.cs using Guid(733e7f08a39762746b1d156f5655d415) Importer(815301076,1909f56bfc062723c751e8b465ee728b) [PhysX] Initialized MultithreadedTaskDispatcher with 4 workers.
 -> (artifact id: '00000000000000000000000000000000') in 0.011576 seconds
Import Error Code:(4)
Message: Build asset version error: assets/savedataeditortool.cs in SourceAssetDB has modification time of '2026-04-01T10:29:20.2429658Z' while content on disk has modification time of '2026-04-01T10:29:21.1627251Z'
  ERROR: Build asset version error: assets/savedataeditortool.cs in SourceAssetDB has modification time of '2026-04-01T10:29:20.2429658Z' while content on disk has modification time of '2026-04-01T10:29:21.1627251Z'
Number of updated asset objects reloaded before import = 0
Number of asset objects unloaded after import = 0
========================================================================
Received Import Request.
  Time since last request: 0.009468 seconds.
  path: Assets/SaveDataEditorTool.cs
  artifactKey: Guid(733e7f08a39762746b1d156f5655d415) Importer(815301076,1909f56bfc062723c751e8b465ee728b)
Start importing Assets/SaveDataEditorTool.cs using Guid(733e7f08a39762746b1d156f5655d415) Importer(815301076,1909f56bfc062723c751e8b465ee728b) [PhysX] Initialized MultithreadedTaskDispatcher with 4 workers.
 -> (artifact id: '00000000000000000000000000000000') in 0.002294 seconds
Import Error Code:(4)
Message: Build asset version error: assets/savedataeditortool.cs in SourceAssetDB has modification time of '2026-04-01T10:29:20.2429658Z' while content on disk has modification time of '2026-04-01T10:29:21.1627251Z'
  ERROR: Build asset version error: assets/savedataeditortool.cs in SourceAssetDB has modification time of '2026-04-01T10:29:20.2429658Z' while content on disk has modification time of '2026-04-01T10:29:21.1627251Z'
Number of updated asset objects reloaded before import = 0
Number of asset objects unloaded after import = 0
========================================================================
Received Import Request.
  Time since last request: 0.017451 seconds.
  path: Assets/SaveDataEditorTool.cs
  artifactKey: Guid(733e7f08a39762746b1d156f5655d415) Importer(815301076,1909f56bfc062723c751e8b465ee728b)
Start importing Assets/SaveDataEditorTool.cs using Guid(733e7f08a39762746b1d156f5655d415) Importer(815301076,1909f56bfc062723c751e8b465ee728b) [PhysX] Initialized MultithreadedTaskDispatcher with 4 workers.
 -> (artifact id: '00000000000000000000000000000000') in 0.002359 seconds
Import Error Code:(4)
Message: Build asset version error: assets/savedataeditortool.cs in SourceAssetDB has modification time of '2026-04-01T10:29:20.2429658Z' while content on disk has modification time of '2026-04-01T10:29:21.1627251Z'
  ERROR: Build asset version error: assets/savedataeditortool.cs in SourceAssetDB has modification time of '2026-04-01T10:29:20.2429658Z' while content on disk has modification time of '2026-04-01T10:29:21.1627251Z'
Number of updated asset objects reloaded before import = 0
Number of asset objects unloaded after import = 0
========================================================================
Received Import Request.
  Time since last request: 0.017787 seconds.
  path: Assets/SaveDataEditorTool.cs
  artifactKey: Guid(733e7f08a39762746b1d156f5655d415) Importer(815301076,1909f56bfc062723c751e8b465ee728b)
Start importing Assets/SaveDataEditorTool.cs using Guid(733e7f08a39762746b1d156f5655d415) Importer(815301076,1909f56bfc062723c751e8b465ee728b) [PhysX] Initialized MultithreadedTaskDispatcher with 4 workers.
 -> (artifact id: '00000000000000000000000000000000') in 0.002619 seconds
Import Error Code:(4)
Message: Build asset version error: assets/savedataeditortool.cs in SourceAssetDB has modification time of '2026-04-01T10:29:20.2429658Z' while content on disk has modification time of '2026-04-01T10:29:21.1627251Z'
  ERROR: Build asset version error: assets/savedataeditortool.cs in SourceAssetDB has modification time of '2026-04-01T10:29:20.2429658Z' while content on disk has modification time of '2026-04-01T10:29:21.1627251Z'
Number of updated asset objects reloaded before import = 0
Number of asset objects unloaded after import = 0
========================================================================
Received Import Request.
  Time since last request: 0.016481 seconds.
  path: Assets/SaveDataEditorTool.cs
  artifactKey: Guid(733e7f08a39762746b1d156f5655d415) Importer(815301076,1909f56bfc062723c751e8b465ee728b)
Start importing Assets/SaveDataEditorTool.cs using Guid(733e7f08a39762746b1d156f5655d415) Importer(815301076,1909f56bfc062723c751e8b465ee728b) [PhysX] Initialized MultithreadedTaskDispatcher with 4 workers.
 -> (artifact id: '00000000000000000000000000000000') in 0.001930 seconds
Import Error Code:(4)
Message: Build asset version error: assets/savedataeditortool.cs in SourceAssetDB has modification time of '2026-04-01T10:29:20.2429658Z' while content on disk has modification time of '2026-04-01T10:29:21.1627251Z'
  ERROR: Build asset version error: assets/savedataeditortool.cs in SourceAssetDB has modification time of '2026-04-01T10:29:20.2429658Z' while content on disk has modification time of '2026-04-01T10:29:21.1627251Z'
Number of updated asset objects reloaded before import = 0
Number of asset objects unloaded after import = 0
========================================================================
Received Import Request.
  Time since last request: 0.020723 seconds.
  path: Assets/SaveDataEditorTool.cs
  artifactKey: Guid(733e7f08a39762746b1d156f5655d415) Importer(815301076,1909f56bfc062723c751e8b465ee728b)
Start importing Assets/SaveDataEditorTool.cs using Guid(733e7f08a39762746b1d156f5655d415) Importer(815301076,1909f56bfc062723c751e8b465ee728b) [PhysX] Initialized MultithreadedTaskDispatcher with 4 workers.
 -> (artifact id: '00000000000000000000000000000000') in 0.002395 seconds
Import Error Code:(4)
Message: Build asset version error: assets/savedataeditortool.cs in SourceAssetDB has modification time of '2026-04-01T10:29:20.2429658Z' while content on disk has modification time of '2026-04-01T10:29:21.1627251Z'
  ERROR: Build asset version error: assets/savedataeditortool.cs in SourceAssetDB has modification time of '2026-04-01T10:29:20.2429658Z' while content on disk has modification time of '2026-04-01T10:29:21.1627251Z'
Number of updated asset objects reloaded before import = 0
Number of asset objects unloaded after import = 0
========================================================================
Received Import Request.
  Time since last request: 0.016688 seconds.
  path: Assets/SaveDataEditorTool.cs
  artifactKey: Guid(733e7f08a39762746b1d156f5655d415) Importer(815301076,1909f56bfc062723c751e8b465ee728b)
Start importing Assets/SaveDataEditorTool.cs using Guid(733e7f08a39762746b1d156f5655d415) Importer(815301076,1909f56bfc062723c751e8b465ee728b) [PhysX] Initialized MultithreadedTaskDispatcher with 4 workers.
 -> (artifact id: '00000000000000000000000000000000') in 0.003092 seconds
Import Error Code:(4)
Message: Build asset version error: assets/savedataeditortool.cs in SourceAssetDB has modification time of '2026-04-01T10:29:20.2429658Z' while content on disk has modification time of '2026-04-01T10:29:21.1627251Z'
  ERROR: Build asset version error: assets/savedataeditortool.cs in SourceAssetDB has modification time of '2026-04-01T10:29:20.2429658Z' while content on disk has modification time of '2026-04-01T10:29:21.1627251Z'
Number of updated asset objects reloaded before import = 0
Number of asset objects unloaded after import = 0
========================================================================
Received Import Request.
  Time since last request: 0.018292 seconds.
  path: Assets/SaveDataEditorTool.cs
  artifactKey: Guid(733e7f08a39762746b1d156f5655d415) Importer(815301076,1909f56bfc062723c751e8b465ee728b)
Start importing Assets/SaveDataEditorTool.cs using Guid(733e7f08a39762746b1d156f5655d415) Importer(815301076,1909f56bfc062723c751e8b465ee728b) [PhysX] Initialized MultithreadedTaskDispatcher with 4 workers.
 -> (artifact id: '00000000000000000000000000000000') in 0.000976 seconds
Import Error Code:(4)
Message: Build asset version error: assets/savedataeditortool.cs in SourceAssetDB has modification time of '2026-04-01T10:29:20.2429658Z' while content on disk has modification time of '2026-04-01T10:29:21.1627251Z'
  ERROR: Build asset version error: assets/savedataeditortool.cs in SourceAssetDB has modification time of '2026-04-01T10:29:20.2429658Z' while content on disk has modification time of '2026-04-01T10:29:21.1627251Z'
Number of updated asset objects reloaded before import = 0
Number of asset objects unloaded after import = 0
========================================================================
Received Import Request.
  Time since last request: 0.018131 seconds.
  path: Assets/SaveDataEditorTool.cs
  artifactKey: Guid(733e7f08a39762746b1d156f5655d415) Importer(815301076,1909f56bfc062723c751e8b465ee728b)
Start importing Assets/SaveDataEditorTool.cs using Guid(733e7f08a39762746b1d156f5655d415) Importer(815301076,1909f56bfc062723c751e8b465ee728b) [PhysX] Initialized MultithreadedTaskDispatcher with 4 workers.
 -> (artifact id: '00000000000000000000000000000000') in 0.002057 seconds
Import Error Code:(4)
Message: Build asset version error: assets/savedataeditortool.cs in SourceAssetDB has modification time of '2026-04-01T10:29:20.2429658Z' while content on disk has modification time of '2026-04-01T10:29:21.1627251Z'
  ERROR: Build asset version error: assets/savedataeditortool.cs in SourceAssetDB has modification time of '2026-04-01T10:29:20.2429658Z' while content on disk has modification time of '2026-04-01T10:29:21.1627251Z'
Number of updated asset objects reloaded before import = 0
Number of asset objects unloaded after import = 0
========================================================================
Received Import Request.
  Time since last request: 0.025448 seconds.
  path: Assets/SaveDataEditorTool.cs
  artifactKey: Guid(733e7f08a39762746b1d156f5655d415) Importer(815301076,1909f56bfc062723c751e8b465ee728b)
Start importing Assets/SaveDataEditorTool.cs using Guid(733e7f08a39762746b1d156f5655d415) Importer(815301076,1909f56bfc062723c751e8b465ee728b) [PhysX] Initialized MultithreadedTaskDispatcher with 4 workers.
 -> (artifact id: '00000000000000000000000000000000') in 0.001326 seconds
Import Error Code:(4)
Message: Build asset version error: assets/savedataeditortool.cs in SourceAssetDB has modification time of '2026-04-01T10:29:20.2429658Z' while content on disk has modification time of '2026-04-01T10:29:21.1627251Z'
  ERROR: Build asset version error: assets/savedataeditortool.cs in SourceAssetDB has modification time of '2026-04-01T10:29:20.2429658Z' while content on disk has modification time of '2026-04-01T10:29:21.1627251Z'
Number of updated asset objects reloaded before import = 0
Number of asset objects unloaded after import = 0
========================================================================
Received Import Request.
  Time since last request: 0.018183 seconds.
  path: Assets/SaveDataEditorTool.cs
  artifactKey: Guid(733e7f08a39762746b1d156f5655d415) Importer(815301076,1909f56bfc062723c751e8b465ee728b)
Start importing Assets/SaveDataEditorTool.cs using Guid(733e7f08a39762746b1d156f5655d415) Importer(815301076,1909f56bfc062723c751e8b465ee728b) [PhysX] Initialized MultithreadedTaskDispatcher with 4 workers.
 -> (artifact id: '00000000000000000000000000000000') in 0.002141 seconds
Import Error Code:(4)
Message: Build asset version error: assets/savedataeditortool.cs in SourceAssetDB has modification time of '2026-04-01T10:29:20.2429658Z' while content on disk has modification time of '2026-04-01T10:29:21.1627251Z'
  ERROR: Build asset version error: assets/savedataeditortool.cs in SourceAssetDB has modification time of '2026-04-01T10:29:20.2429658Z' while content on disk has modification time of '2026-04-01T10:29:21.1627251Z'
Number of updated asset objects reloaded before import = 0
Number of asset objects unloaded after import = 0
========================================================================
Received Import Request.
  Time since last request: 0.002229 seconds.
  path: Assets/SaveDataEditorTool.cs
  artifactKey: Guid(733e7f08a39762746b1d156f5655d415) Importer(815301076,1909f56bfc062723c751e8b465ee728b)
Start importing Assets/SaveDataEditorTool.cs using Guid(733e7f08a39762746b1d156f5655d415) Importer(815301076,1909f56bfc062723c751e8b465ee728b) [PhysX] Initialized MultithreadedTaskDispatcher with 4 workers.
 -> (artifact id: '00000000000000000000000000000000') in 0.001255 seconds
Import Error Code:(4)
Message: Build asset version error: assets/savedataeditortool.cs in SourceAssetDB has modification time of '2026-04-01T10:29:20.2429658Z' while content on disk has modification time of '2026-04-01T10:29:21.1627251Z'
  ERROR: Build asset version error: assets/savedataeditortool.cs in SourceAssetDB has modification time of '2026-04-01T10:29:20.2429658Z' while content on disk has modification time of '2026-04-01T10:29:21.1627251Z'
Number of updated asset objects reloaded before import = 0
Number of asset objects unloaded after import = 0
========================================================================
Received Import Request.
  Time since last request: 0.016225 seconds.
  path: Assets/SaveDataEditorTool.cs
  artifactKey: Guid(733e7f08a39762746b1d156f5655d415) Importer(815301076,1909f56bfc062723c751e8b465ee728b)
Start importing Assets/SaveDataEditorTool.cs using Guid(733e7f08a39762746b1d156f5655d415) Importer(815301076,1909f56bfc062723c751e8b465ee728b) [PhysX] Initialized MultithreadedTaskDispatcher with 4 workers.
 -> (artifact id: '00000000000000000000000000000000') in 0.001155 seconds
Import Error Code:(4)
Message: Build asset version error: assets/savedataeditortool.cs in SourceAssetDB has modification time of '2026-04-01T10:29:20.2429658Z' while content on disk has modification time of '2026-04-01T10:29:21.1627251Z'
  ERROR: Build asset version error: assets/savedataeditortool.cs in SourceAssetDB has modification time of '2026-04-01T10:29:20.2429658Z' while content on disk has modification time of '2026-04-01T10:29:21.1627251Z'
Number of updated asset objects reloaded before import = 0
Number of asset objects unloaded after import = 0
========================================================================
Received Import Request.
  Time since last request: 0.015912 seconds.
  path: Assets/SaveDataEditorTool.cs
  artifactKey: Guid(733e7f08a39762746b1d156f5655d415) Importer(815301076,1909f56bfc062723c751e8b465ee728b)
Start importing Assets/SaveDataEditorTool.cs using Guid(733e7f08a39762746b1d156f5655d415) Importer(815301076,1909f56bfc062723c751e8b465ee728b) [PhysX] Initialized MultithreadedTaskDispatcher with 4 workers.
 -> (artifact id: '00000000000000000000000000000000') in 0.001160 seconds
Import Error Code:(4)
Message: Build asset version error: assets/savedataeditortool.cs in SourceAssetDB has modification time of '2026-04-01T10:29:20.2429658Z' while content on disk has modification time of '2026-04-01T10:29:21.1627251Z'
  ERROR: Build asset version error: assets/savedataeditortool.cs in SourceAssetDB has modification time of '2026-04-01T10:29:20.2429658Z' while content on disk has modification time of '2026-04-01T10:29:21.1627251Z'
Number of updated asset objects reloaded before import = 0
Number of asset objects unloaded after import = 0
========================================================================
Received Import Request.
  Time since last request: 0.017573 seconds.
  path: Assets/SaveDataEditorTool.cs
  artifactKey: Guid(733e7f08a39762746b1d156f5655d415) Importer(815301076,1909f56bfc062723c751e8b465ee728b)
Start importing Assets/SaveDataEditorTool.cs using Guid(733e7f08a39762746b1d156f5655d415) Importer(815301076,1909f56bfc062723c751e8b465ee728b) [PhysX] Initialized MultithreadedTaskDispatcher with 4 workers.
 -> (artifact id: '00000000000000000000000000000000') in 0.001310 seconds
Import Error Code:(4)
Message: Build asset version error: assets/savedataeditortool.cs in SourceAssetDB has modification time of '2026-04-01T10:29:20.2429658Z' while content on disk has modification time of '2026-04-01T10:29:21.1627251Z'
  ERROR: Build asset version error: assets/savedataeditortool.cs in SourceAssetDB has modification time of '2026-04-01T10:29:20.2429658Z' while content on disk has modification time of '2026-04-01T10:29:21.1627251Z'
Number of updated asset objects reloaded before import = 0
Number of asset objects unloaded after import = 0
========================================================================
Received Import Request.
  Time since last request: 0.017466 seconds.
  path: Assets/SaveDataEditorTool.cs
  artifactKey: Guid(733e7f08a39762746b1d156f5655d415) Importer(815301076,1909f56bfc062723c751e8b465ee728b)
Start importing Assets/SaveDataEditorTool.cs using Guid(733e7f08a39762746b1d156f5655d415) Importer(815301076,1909f56bfc062723c751e8b465ee728b) [PhysX] Initialized MultithreadedTaskDispatcher with 4 workers.
 -> (artifact id: '00000000000000000000000000000000') in 0.002485 seconds
Import Error Code:(4)
Message: Build asset version error: assets/savedataeditortool.cs in SourceAssetDB has modification time of '2026-04-01T10:29:20.2429658Z' while content on disk has modification time of '2026-04-01T10:29:21.1627251Z'
  ERROR: Build asset version error: assets/savedataeditortool.cs in SourceAssetDB has modification time of '2026-04-01T10:29:20.2429658Z' while content on disk has modification time of '2026-04-01T10:29:21.1627251Z'
Number of updated asset objects reloaded before import = 0
Number of asset objects unloaded after import = 0
========================================================================
Received Import Request.
  Time since last request: 0.002543 seconds.
  path: Assets/SaveDataEditorTool.cs
  artifactKey: Guid(733e7f08a39762746b1d156f5655d415) Importer(815301076,1909f56bfc062723c751e8b465ee728b)
Start importing Assets/SaveDataEditorTool.cs using Guid(733e7f08a39762746b1d156f5655d415) Importer(815301076,1909f56bfc062723c751e8b465ee728b) [PhysX] Initialized MultithreadedTaskDispatcher with 4 workers.
 -> (artifact id: '00000000000000000000000000000000') in 0.001188 seconds
Import Error Code:(4)
Message: Build asset version error: assets/savedataeditortool.cs in SourceAssetDB has modification time of '2026-04-01T10:29:20.2429658Z' while content on disk has modification time of '2026-04-01T10:29:21.1627251Z'
  ERROR: Build asset version error: assets/savedataeditortool.cs in SourceAssetDB has modification time of '2026-04-01T10:29:20.2429658Z' while content on disk has modification time of '2026-04-01T10:29:21.1627251Z'
Number of updated asset objects reloaded before import = 0
Number of asset objects unloaded after import = 0
========================================================================
Received Import Request.
  Time since last request: 0.018873 seconds.
  path: Assets/SaveDataEditorTool.cs
  artifactKey: Guid(733e7f08a39762746b1d156f5655d415) Importer(815301076,1909f56bfc062723c751e8b465ee728b)
Start importing Assets/SaveDataEditorTool.cs using Guid(733e7f08a39762746b1d156f5655d415) Importer(815301076,1909f56bfc062723c751e8b465ee728b) [PhysX] Initialized MultithreadedTaskDispatcher with 4 workers.
 -> (artifact id: '00000000000000000000000000000000') in 0.001373 seconds
Import Error Code:(4)
Message: Build asset version error: assets/savedataeditortool.cs in SourceAssetDB has modification time of '2026-04-01T10:29:20.2429658Z' while content on disk has modification time of '2026-04-01T10:29:21.1627251Z'
  ERROR: Build asset version error: assets/savedataeditortool.cs in SourceAssetDB has modification time of '2026-04-01T10:29:20.2429658Z' while content on disk has modification time of '2026-04-01T10:29:21.1627251Z'
Number of updated asset objects reloaded before import = 0
Number of asset objects unloaded after import = 0
========================================================================
Received Import Request.
  Time since last request: 0.017174 seconds.
  path: Assets/SaveDataEditorTool.cs
  artifactKey: Guid(733e7f08a39762746b1d156f5655d415) Importer(815301076,1909f56bfc062723c751e8b465ee728b)
Start importing Assets/SaveDataEditorTool.cs using Guid(733e7f08a39762746b1d156f5655d415) Importer(815301076,1909f56bfc062723c751e8b465ee728b) [PhysX] Initialized MultithreadedTaskDispatcher with 4 workers.
 -> (artifact id: '00000000000000000000000000000000') in 0.001150 seconds
Import Error Code:(4)
Message: Build asset version error: assets/savedataeditortool.cs in SourceAssetDB has modification time of '2026-04-01T10:29:20.2429658Z' while content on disk has modification time of '2026-04-01T10:29:21.1627251Z'
  ERROR: Build asset version error: assets/savedataeditortool.cs in SourceAssetDB has modification time of '2026-04-01T10:29:20.2429658Z' while content on disk has modification time of '2026-04-01T10:29:21.1627251Z'
Number of updated asset objects reloaded before import = 0
Number of asset objects unloaded after import = 0
========================================================================
Received Import Request.
  Time since last request: 0.016477 seconds.
  path: Assets/SaveDataEditorTool.cs
  artifactKey: Guid(733e7f08a39762746b1d156f5655d415) Importer(815301076,1909f56bfc062723c751e8b465ee728b)
Start importing Assets/SaveDataEditorTool.cs using Guid(733e7f08a39762746b1d156f5655d415) Importer(815301076,1909f56bfc062723c751e8b465ee728b) [PhysX] Initialized MultithreadedTaskDispatcher with 4 workers.
 -> (artifact id: '00000000000000000000000000000000') in 0.001211 seconds
Import Error Code:(4)
Message: Build asset version error: assets/savedataeditortool.cs in SourceAssetDB has modification time of '2026-04-01T10:29:20.2429658Z' while content on disk has modification time of '2026-04-01T10:29:21.1627251Z'
  ERROR: Build asset version error: assets/savedataeditortool.cs in SourceAssetDB has modification time of '2026-04-01T10:29:20.2429658Z' while content on disk has modification time of '2026-04-01T10:29:21.1627251Z'
Number of updated asset objects reloaded before import = 0
Number of asset objects unloaded after import = 0
========================================================================
Received Import Request.
  Time since last request: 0.017299 seconds.
  path: Assets/SaveDataEditorTool.cs
  artifactKey: Guid(733e7f08a39762746b1d156f5655d415) Importer(815301076,1909f56bfc062723c751e8b465ee728b)
Start importing Assets/SaveDataEditorTool.cs using Guid(733e7f08a39762746b1d156f5655d415) Importer(815301076,1909f56bfc062723c751e8b465ee728b) [PhysX] Initialized MultithreadedTaskDispatcher with 4 workers.
 -> (artifact id: '00000000000000000000000000000000') in 0.001120 seconds
Import Error Code:(4)
Message: Build asset version error: assets/savedataeditortool.cs in SourceAssetDB has modification time of '2026-04-01T10:29:20.2429658Z' while content on disk has modification time of '2026-04-01T10:29:21.1627251Z'
  ERROR: Build asset version error: assets/savedataeditortool.cs in SourceAssetDB has modification time of '2026-04-01T10:29:20.2429658Z' while content on disk has modification time of '2026-04-01T10:29:21.1627251Z'
Number of updated asset objects reloaded before import = 0
Number of asset objects unloaded after import = 0
========================================================================
Received Import Request.
  Time since last request: 0.002991 seconds.
  path: Assets/SaveDataEditorTool.cs
  artifactKey: Guid(733e7f08a39762746b1d156f5655d415) Importer(815301076,1909f56bfc062723c751e8b465ee728b)
Start importing Assets/SaveDataEditorTool.cs using Guid(733e7f08a39762746b1d156f5655d415) Importer(815301076,1909f56bfc062723c751e8b465ee728b) [PhysX] Initialized MultithreadedTaskDispatcher with 4 workers.
 -> (artifact id: '00000000000000000000000000000000') in 0.000865 seconds
Import Error Code:(4)
Message: Build asset version error: assets/savedataeditortool.cs in SourceAssetDB has modification time of '2026-04-01T10:29:20.2429658Z' while content on disk has modification time of '2026-04-01T10:29:21.1627251Z'
  ERROR: Build asset version error: assets/savedataeditortool.cs in SourceAssetDB has modification time of '2026-04-01T10:29:20.2429658Z' while content on disk has modification time of '2026-04-01T10:29:21.1627251Z'
Number of updated asset objects reloaded before import = 0
Number of asset objects unloaded after import = 0
========================================================================
Received Import Request.
  Time since last request: 0.014723 seconds.
  path: Assets/SaveDataEditorTool.cs
  artifactKey: Guid(733e7f08a39762746b1d156f5655d415) Importer(815301076,1909f56bfc062723c751e8b465ee728b)
Start importing Assets/SaveDataEditorTool.cs using Guid(733e7f08a39762746b1d156f5655d415) Importer(815301076,1909f56bfc062723c751e8b465ee728b) [PhysX] Initialized MultithreadedTaskDispatcher with 4 workers.
 -> (artifact id: '00000000000000000000000000000000') in 0.001491 seconds
Import Error Code:(4)
Message: Build asset version error: assets/savedataeditortool.cs in SourceAssetDB has modification time of '2026-04-01T10:29:20.2429658Z' while content on disk has modification time of '2026-04-01T10:29:21.1627251Z'
  ERROR: Build asset version error: assets/savedataeditortool.cs in SourceAssetDB has modification time of '2026-04-01T10:29:20.2429658Z' while content on disk has modification time of '2026-04-01T10:29:21.1627251Z'
Number of updated asset objects reloaded before import = 0
Number of asset objects unloaded after import = 0
========================================================================
Received Import Request.
  Time since last request: 0.016303 seconds.
  path: Assets/SaveDataEditorTool.cs
  artifactKey: Guid(733e7f08a39762746b1d156f5655d415) Importer(815301076,1909f56bfc062723c751e8b465ee728b)
Start importing Assets/SaveDataEditorTool.cs using Guid(733e7f08a39762746b1d156f5655d415) Importer(815301076,1909f56bfc062723c751e8b465ee728b) [PhysX] Initialized MultithreadedTaskDispatcher with 4 workers.
 -> (artifact id: '00000000000000000000000000000000') in 0.001099 seconds
Import Error Code:(4)
Message: Build asset version error: assets/savedataeditortool.cs in SourceAssetDB has modification time of '2026-04-01T10:29:20.2429658Z' while content on disk has modification time of '2026-04-01T10:29:21.1627251Z'
  ERROR: Build asset version error: assets/savedataeditortool.cs in SourceAssetDB has modification time of '2026-04-01T10:29:20.2429658Z' while content on disk has modification time of '2026-04-01T10:29:21.1627251Z'
Number of updated asset objects reloaded before import = 0
Number of asset objects unloaded after import = 0
========================================================================
Received Import Request.
  Time since last request: 0.016602 seconds.
  path: Assets/SaveDataEditorTool.cs
  artifactKey: Guid(733e7f08a39762746b1d156f5655d415) Importer(815301076,1909f56bfc062723c751e8b465ee728b)
Start importing Assets/SaveDataEditorTool.cs using Guid(733e7f08a39762746b1d156f5655d415) Importer(815301076,1909f56bfc062723c751e8b465ee728b) [PhysX] Initialized MultithreadedTaskDispatcher with 4 workers.
 -> (artifact id: '00000000000000000000000000000000') in 0.002819 seconds
Import Error Code:(4)
Message: Build asset version error: assets/savedataeditortool.cs in SourceAssetDB has modification time of '2026-04-01T10:29:20.2429658Z' while content on disk has modification time of '2026-04-01T10:29:21.1627251Z'
  ERROR: Build asset version error: assets/savedataeditortool.cs in SourceAssetDB has modification time of '2026-04-01T10:29:20.2429658Z' while content on disk has modification time of '2026-04-01T10:29:21.1627251Z'
Number of updated asset objects reloaded before import = 0
Number of asset objects unloaded after import = 0
========================================================================
Received Import Request.
  Time since last request: 0.006270 seconds.
  path: Assets/SaveDataEditorTool.cs
  artifactKey: Guid(733e7f08a39762746b1d156f5655d415) Importer(815301076,1909f56bfc062723c751e8b465ee728b)
Start importing Assets/SaveDataEditorTool.cs using Guid(733e7f08a39762746b1d156f5655d415) Importer(815301076,1909f56bfc062723c751e8b465ee728b) [PhysX] Initialized MultithreadedTaskDispatcher with 4 workers.
 -> (artifact id: '00000000000000000000000000000000') in 0.001713 seconds
Import Error Code:(4)
Message: Build asset version error: assets/savedataeditortool.cs in SourceAssetDB has modification time of '2026-04-01T10:29:20.2429658Z' while content on disk has modification time of '2026-04-01T10:29:21.1627251Z'
  ERROR: Build asset version error: assets/savedataeditortool.cs in SourceAssetDB has modification time of '2026-04-01T10:29:20.2429658Z' while content on disk has modification time of '2026-04-01T10:29:21.1627251Z'
Number of updated asset objects reloaded before import = 0
Number of asset objects unloaded after import = 0
========================================================================
Received Import Request.
  Time since last request: 0.016617 seconds.
  path: Assets/SaveDataEditorTool.cs
  artifactKey: Guid(733e7f08a39762746b1d156f5655d415) Importer(815301076,1909f56bfc062723c751e8b465ee728b)
Start importing Assets/SaveDataEditorTool.cs using Guid(733e7f08a39762746b1d156f5655d415) Importer(815301076,1909f56bfc062723c751e8b465ee728b) [PhysX] Initialized MultithreadedTaskDispatcher with 4 workers.
 -> (artifact id: '00000000000000000000000000000000') in 0.001464 seconds
Import Error Code:(4)
Message: Build asset version error: assets/savedataeditortool.cs in SourceAssetDB has modification time of '2026-04-01T10:29:20.2429658Z' while content on disk has modification time of '2026-04-01T10:29:21.1627251Z'
  ERROR: Build asset version error: assets/savedataeditortool.cs in SourceAssetDB has modification time of '2026-04-01T10:29:20.2429658Z' while content on disk has modification time of '2026-04-01T10:29:21.1627251Z'
Number of updated asset objects reloaded before import = 0
Number of asset objects unloaded after import = 0
========================================================================
Received Import Request.
  Time since last request: 0.016085 seconds.
  path: Assets/SaveDataEditorTool.cs
  artifactKey: Guid(733e7f08a39762746b1d156f5655d415) Importer(815301076,1909f56bfc062723c751e8b465ee728b)
Start importing Assets/SaveDataEditorTool.cs using Guid(733e7f08a39762746b1d156f5655d415) Importer(815301076,1909f56bfc062723c751e8b465ee728b) [PhysX] Initialized MultithreadedTaskDispatcher with 4 workers.
 -> (artifact id: '00000000000000000000000000000000') in 0.001231 seconds
Import Error Code:(4)
Message: Build asset version error: assets/savedataeditortool.cs in SourceAssetDB has modification time of '2026-04-01T10:29:20.2429658Z' while content on disk has modification time of '2026-04-01T10:29:21.1627251Z'
  ERROR: Build asset version error: assets/savedataeditortool.cs in SourceAssetDB has modification time of '2026-04-01T10:29:20.2429658Z' while content on disk has modification time of '2026-04-01T10:29:21.1627251Z'
Number of updated asset objects reloaded before import = 0
Number of asset objects unloaded after import = 0
========================================================================
Received Import Request.
  Time since last request: 0.017534 seconds.
  path: Assets/SaveDataEditorTool.cs
  artifactKey: Guid(733e7f08a39762746b1d156f5655d415) Importer(815301076,1909f56bfc062723c751e8b465ee728b)
Start importing Assets/SaveDataEditorTool.cs using Guid(733e7f08a39762746b1d156f5655d415) Importer(815301076,1909f56bfc062723c751e8b465ee728b) [PhysX] Initialized MultithreadedTaskDispatcher with 4 workers.
 -> (artifact id: '00000000000000000000000000000000') in 0.001356 seconds
Import Error Code:(4)
Message: Build asset version error: assets/savedataeditortool.cs in SourceAssetDB has modification time of '2026-04-01T10:29:20.2429658Z' while content on disk has modification time of '2026-04-01T10:29:21.1627251Z'
  ERROR: Build asset version error: assets/savedataeditortool.cs in SourceAssetDB has modification time of '2026-04-01T10:29:20.2429658Z' while content on disk has modification time of '2026-04-01T10:29:21.1627251Z'
Number of updated asset objects reloaded before import = 0
Number of asset objects unloaded after import = 0
========================================================================
Received Import Request.
  Time since last request: 0.006890 seconds.
  path: Assets/SaveDataEditorTool.cs
  artifactKey: Guid(733e7f08a39762746b1d156f5655d415) Importer(815301076,1909f56bfc062723c751e8b465ee728b)
Start importing Assets/SaveDataEditorTool.cs using Guid(733e7f08a39762746b1d156f5655d415) Importer(815301076,1909f56bfc062723c751e8b465ee728b) [PhysX] Initialized MultithreadedTaskDispatcher with 4 workers.
 -> (artifact id: '00000000000000000000000000000000') in 0.001486 seconds
Import Error Code:(4)
Message: Build asset version error: assets/savedataeditortool.cs in SourceAssetDB has modification time of '2026-04-01T10:29:20.2429658Z' while content on disk has modification time of '2026-04-01T10:29:21.1627251Z'
  ERROR: Build asset version error: assets/savedataeditortool.cs in SourceAssetDB has modification time of '2026-04-01T10:29:20.2429658Z' while content on disk has modification time of '2026-04-01T10:29:21.1627251Z'
Number of updated asset objects reloaded before import = 0
Number of asset objects unloaded after import = 0
========================================================================
Received Import Request.
  Time since last request: 0.015863 seconds.
  path: Assets/SaveDataEditorTool.cs
  artifactKey: Guid(733e7f08a39762746b1d156f5655d415) Importer(815301076,1909f56bfc062723c751e8b465ee728b)
Start importing Assets/SaveDataEditorTool.cs using Guid(733e7f08a39762746b1d156f5655d415) Importer(815301076,1909f56bfc062723c751e8b465ee728b) [PhysX] Initialized MultithreadedTaskDispatcher with 4 workers.
 -> (artifact id: '00000000000000000000000000000000') in 0.001409 seconds
Import Error Code:(4)
Message: Build asset version error: assets/savedataeditortool.cs in SourceAssetDB has modification time of '2026-04-01T10:29:20.2429658Z' while content on disk has modification time of '2026-04-01T10:29:21.1627251Z'
  ERROR: Build asset version error: assets/savedataeditortool.cs in SourceAssetDB has modification time of '2026-04-01T10:29:20.2429658Z' while content on disk has modification time of '2026-04-01T10:29:21.1627251Z'
Number of updated asset objects reloaded before import = 0
Number of asset objects unloaded after import = 0
========================================================================
Received Import Request.
  Time since last request: 0.017488 seconds.
  path: Assets/SaveDataEditorTool.cs
  artifactKey: Guid(733e7f08a39762746b1d156f5655d415) Importer(815301076,1909f56bfc062723c751e8b465ee728b)
Start importing Assets/SaveDataEditorTool.cs using Guid(733e7f08a39762746b1d156f5655d415) Importer(815301076,1909f56bfc062723c751e8b465ee728b) [PhysX] Initialized MultithreadedTaskDispatcher with 4 workers.
 -> (artifact id: '00000000000000000000000000000000') in 0.006249 seconds
Import Error Code:(4)
Message: Build asset version error: assets/savedataeditortool.cs in SourceAssetDB has modification time of '2026-04-01T10:29:20.2429658Z' while content on disk has modification time of '2026-04-01T10:29:21.1627251Z'
  ERROR: Build asset version error: assets/savedataeditortool.cs in SourceAssetDB has modification time of '2026-04-01T10:29:20.2429658Z' while content on disk has modification time of '2026-04-01T10:29:21.1627251Z'
Number of updated asset objects reloaded before import = 0
Number of asset objects unloaded after import = 0
========================================================================
Received Import Request.
  Time since last request: 0.010828 seconds.
  path: Assets/SaveDataEditorTool.cs
  artifactKey: Guid(733e7f08a39762746b1d156f5655d415) Importer(815301076,1909f56bfc062723c751e8b465ee728b)
Start importing Assets/SaveDataEditorTool.cs using Guid(733e7f08a39762746b1d156f5655d415) Importer(815301076,1909f56bfc062723c751e8b465ee728b) [PhysX] Initialized MultithreadedTaskDispatcher with 4 workers.
 -> (artifact id: '00000000000000000000000000000000') in 0.002221 seconds
Import Error Code:(4)
Message: Build asset version error: assets/savedataeditortool.cs in SourceAssetDB has modification time of '2026-04-01T10:29:20.2429658Z' while content on disk has modification time of '2026-04-01T10:29:21.1627251Z'
  ERROR: Build asset version error: assets/savedataeditortool.cs in SourceAssetDB has modification time of '2026-04-01T10:29:20.2429658Z' while content on disk has modification time of '2026-04-01T10:29:21.1627251Z'
Number of updated asset objects reloaded before import = 0
Number of asset objects unloaded after import = 0
========================================================================
Received Import Request.
  Time since last request: 0.014892 seconds.
  path: Assets/SaveDataEditorTool.cs
  artifactKey: Guid(733e7f08a39762746b1d156f5655d415) Importer(815301076,1909f56bfc062723c751e8b465ee728b)
Start importing Assets/SaveDataEditorTool.cs using Guid(733e7f08a39762746b1d156f5655d415) Importer(815301076,1909f56bfc062723c751e8b465ee728b) [PhysX] Initialized MultithreadedTaskDispatcher with 4 workers.
 -> (artifact id: '00000000000000000000000000000000') in 0.001121 seconds
Import Error Code:(4)
Message: Build asset version error: assets/savedataeditortool.cs in SourceAssetDB has modification time of '2026-04-01T10:29:20.2429658Z' while content on disk has modification time of '2026-04-01T10:29:21.1627251Z'
  ERROR: Build asset version error: assets/savedataeditortool.cs in SourceAssetDB has modification time of '2026-04-01T10:29:20.2429658Z' while content on disk has modification time of '2026-04-01T10:29:21.1627251Z'
Number of updated asset objects reloaded before import = 0
Number of asset objects unloaded after import = 0
========================================================================
Received Import Request.
  Time since last request: 0.016941 seconds.
  path: Assets/SaveDataEditorTool.cs
  artifactKey: Guid(733e7f08a39762746b1d156f5655d415) Importer(815301076,1909f56bfc062723c751e8b465ee728b)
Start importing Assets/SaveDataEditorTool.cs using Guid(733e7f08a39762746b1d156f5655d415) Importer(815301076,1909f56bfc062723c751e8b465ee728b) [PhysX] Initialized MultithreadedTaskDispatcher with 4 workers.
 -> (artifact id: '00000000000000000000000000000000') in 0.001088 seconds
Import Error Code:(4)
Message: Build asset version error: assets/savedataeditortool.cs in SourceAssetDB has modification time of '2026-04-01T10:29:20.2429658Z' while content on disk has modification time of '2026-04-01T10:29:21.1627251Z'
  ERROR: Build asset version error: assets/savedataeditortool.cs in SourceAssetDB has modification time of '2026-04-01T10:29:20.2429658Z' while content on disk has modification time of '2026-04-01T10:29:21.1627251Z'
Number of updated asset objects reloaded before import = 0
Number of asset objects unloaded after import = 0
========================================================================
Received Import Request.
  Time since last request: 0.017521 seconds.
  path: Assets/SaveDataEditorTool.cs
  artifactKey: Guid(733e7f08a39762746b1d156f5655d415) Importer(815301076,1909f56bfc062723c751e8b465ee728b)
Start importing Assets/SaveDataEditorTool.cs using Guid(733e7f08a39762746b1d156f5655d415) Importer(815301076,1909f56bfc062723c751e8b465ee728b) [PhysX] Initialized MultithreadedTaskDispatcher with 4 workers.
 -> (artifact id: '00000000000000000000000000000000') in 0.001297 seconds
Import Error Code:(4)
Message: Build asset version error: assets/savedataeditortool.cs in SourceAssetDB has modification time of '2026-04-01T10:29:20.2429658Z' while content on disk has modification time of '2026-04-01T10:29:21.1627251Z'
  ERROR: Build asset version error: assets/savedataeditortool.cs in SourceAssetDB has modification time of '2026-04-01T10:29:20.2429658Z' while content on disk has modification time of '2026-04-01T10:29:21.1627251Z'
Number of updated asset objects reloaded before import = 0
Number of asset objects unloaded after import = 0
========================================================================
Received Import Request.
  Time since last request: 0.019713 seconds.
  path: Assets/SaveDataEditorTool.cs
  artifactKey: Guid(733e7f08a39762746b1d156f5655d415) Importer(815301076,1909f56bfc062723c751e8b465ee728b)
Start importing Assets/SaveDataEditorTool.cs using Guid(733e7f08a39762746b1d156f5655d415) Importer(815301076,1909f56bfc062723c751e8b465ee728b) [PhysX] Initialized MultithreadedTaskDispatcher with 4 workers.
 -> (artifact id: '00000000000000000000000000000000') in 0.002526 seconds
Import Error Code:(4)
Message: Build asset version error: assets/savedataeditortool.cs in SourceAssetDB has modification time of '2026-04-01T10:29:20.2429658Z' while content on disk has modification time of '2026-04-01T10:29:21.1627251Z'
  ERROR: Build asset version error: assets/savedataeditortool.cs in SourceAssetDB has modification time of '2026-04-01T10:29:20.2429658Z' while content on disk has modification time of '2026-04-01T10:29:21.1627251Z'
Number of updated asset objects reloaded before import = 0
Number of asset objects unloaded after import = 0
========================================================================
Received Import Request.
  Time since last request: 0.017797 seconds.
  path: Assets/SaveDataEditorTool.cs
  artifactKey: Guid(733e7f08a39762746b1d156f5655d415) Importer(815301076,1909f56bfc062723c751e8b465ee728b)
Start importing Assets/SaveDataEditorTool.cs using Guid(733e7f08a39762746b1d156f5655d415) Importer(815301076,1909f56bfc062723c751e8b465ee728b) [PhysX] Initialized MultithreadedTaskDispatcher with 4 workers.
 -> (artifact id: '00000000000000000000000000000000') in 0.000963 seconds
Import Error Code:(4)
Message: Build asset version error: assets/savedataeditortool.cs in SourceAssetDB has modification time of '2026-04-01T10:29:20.2429658Z' while content on disk has modification time of '2026-04-01T10:29:21.1627251Z'
  ERROR: Build asset version error: assets/savedataeditortool.cs in SourceAssetDB has modification time of '2026-04-01T10:29:20.2429658Z' while content on disk has modification time of '2026-04-01T10:29:21.1627251Z'
Number of updated asset objects reloaded before import = 0
Number of asset objects unloaded after import = 0
========================================================================
Received Import Request.
  Time since last request: 0.017570 seconds.
  path: Assets/SaveDataEditorTool.cs
  artifactKey: Guid(733e7f08a39762746b1d156f5655d415) Importer(815301076,1909f56bfc062723c751e8b465ee728b)
Start importing Assets/SaveDataEditorTool.cs using Guid(733e7f08a39762746b1d156f5655d415) Importer(815301076,1909f56bfc062723c751e8b465ee728b) [PhysX] Initialized MultithreadedTaskDispatcher with 4 workers.
 -> (artifact id: '00000000000000000000000000000000') in 0.002020 seconds
Import Error Code:(4)
Message: Build asset version error: assets/savedataeditortool.cs in SourceAssetDB has modification time of '2026-04-01T10:29:20.2429658Z' while content on disk has modification time of '2026-04-01T10:29:21.1627251Z'
  ERROR: Build asset version error: assets/savedataeditortool.cs in SourceAssetDB has modification time of '2026-04-01T10:29:20.2429658Z' while content on disk has modification time of '2026-04-01T10:29:21.1627251Z'
Number of updated asset objects reloaded before import = 0
Number of asset objects unloaded after import = 0
========================================================================
Received Import Request.
  Time since last request: 0.016980 seconds.
  path: Assets/SaveDataEditorTool.cs
  artifactKey: Guid(733e7f08a39762746b1d156f5655d415) Importer(815301076,1909f56bfc062723c751e8b465ee728b)
Start importing Assets/SaveDataEditorTool.cs using Guid(733e7f08a39762746b1d156f5655d415) Importer(815301076,1909f56bfc062723c751e8b465ee728b) [PhysX] Initialized MultithreadedTaskDispatcher with 4 workers.
 -> (artifact id: '00000000000000000000000000000000') in 0.001490 seconds
Import Error Code:(4)
Message: Build asset version error: assets/savedataeditortool.cs in SourceAssetDB has modification time of '2026-04-01T10:29:20.2429658Z' while content on disk has modification time of '2026-04-01T10:29:21.1627251Z'
  ERROR: Build asset version error: assets/savedataeditortool.cs in SourceAssetDB has modification time of '2026-04-01T10:29:20.2429658Z' while content on disk has modification time of '2026-04-01T10:29:21.1627251Z'
Number of updated asset objects reloaded before import = 0
Number of asset objects unloaded after import = 0
========================================================================
Received Import Request.
  Time since last request: 0.020955 seconds.
  path: Assets/SaveDataEditorTool.cs
  artifactKey: Guid(733e7f08a39762746b1d156f5655d415) Importer(815301076,1909f56bfc062723c751e8b465ee728b)
Start importing Assets/SaveDataEditorTool.cs using Guid(733e7f08a39762746b1d156f5655d415) Importer(815301076,1909f56bfc062723c751e8b465ee728b) [PhysX] Initialized MultithreadedTaskDispatcher with 4 workers.
 -> (artifact id: '00000000000000000000000000000000') in 0.001034 seconds
Import Error Code:(4)
Message: Build asset version error: assets/savedataeditortool.cs in SourceAssetDB has modification time of '2026-04-01T10:29:20.2429658Z' while content on disk has modification time of '2026-04-01T10:29:21.1627251Z'
  ERROR: Build asset version error: assets/savedataeditortool.cs in SourceAssetDB has modification time of '2026-04-01T10:29:20.2429658Z' while content on disk has modification time of '2026-04-01T10:29:21.1627251Z'
Number of updated asset objects reloaded before import = 0
Number of asset objects unloaded after import = 0
========================================================================
Received Import Request.
  Time since last request: 0.014492 seconds.
  path: Assets/SaveDataEditorTool.cs
  artifactKey: Guid(733e7f08a39762746b1d156f5655d415) Importer(815301076,1909f56bfc062723c751e8b465ee728b)
Start importing Assets/SaveDataEditorTool.cs using Guid(733e7f08a39762746b1d156f5655d415) Importer(815301076,1909f56bfc062723c751e8b465ee728b) [PhysX] Initialized MultithreadedTaskDispatcher with 4 workers.
 -> (artifact id: '00000000000000000000000000000000') in 0.001365 seconds
Import Error Code:(4)
Message: Build asset version error: assets/savedataeditortool.cs in SourceAssetDB has modification time of '2026-04-01T10:29:20.2429658Z' while content on disk has modification time of '2026-04-01T10:29:21.1627251Z'
  ERROR: Build asset version error: assets/savedataeditortool.cs in SourceAssetDB has modification time of '2026-04-01T10:29:20.2429658Z' while content on disk has modification time of '2026-04-01T10:29:21.1627251Z'
Number of updated asset objects reloaded before import = 0
Number of asset objects unloaded after import = 0
========================================================================
Received Import Request.
  Time since last request: 0.016559 seconds.
  path: Assets/SaveDataEditorTool.cs
  artifactKey: Guid(733e7f08a39762746b1d156f5655d415) Importer(815301076,1909f56bfc062723c751e8b465ee728b)
Start importing Assets/SaveDataEditorTool.cs using Guid(733e7f08a39762746b1d156f5655d415) Importer(815301076,1909f56bfc062723c751e8b465ee728b) [PhysX] Initialized MultithreadedTaskDispatcher with 4 workers.
 -> (artifact id: '00000000000000000000000000000000') in 0.002401 seconds
Import Error Code:(4)
Message: Build asset version error: assets/savedataeditortool.cs in SourceAssetDB has modification time of '2026-04-01T10:29:20.2429658Z' while content on disk has modification time of '2026-04-01T10:29:21.1627251Z'
  ERROR: Build asset version error: assets/savedataeditortool.cs in SourceAssetDB has modification time of '2026-04-01T10:29:20.2429658Z' while content on disk has modification time of '2026-04-01T10:29:21.1627251Z'
Number of updated asset objects reloaded before import = 0
Number of asset objects unloaded after import = 0
========================================================================
Received Import Request.
  Time since last request: 0.015896 seconds.
  path: Assets/SaveDataEditorTool.cs
  artifactKey: Guid(733e7f08a39762746b1d156f5655d415) Importer(815301076,1909f56bfc062723c751e8b465ee728b)
Start importing Assets/SaveDataEditorTool.cs using Guid(733e7f08a39762746b1d156f5655d415) Importer(815301076,1909f56bfc062723c751e8b465ee728b) [PhysX] Initialized MultithreadedTaskDispatcher with 4 workers.
 -> (artifact id: '00000000000000000000000000000000') in 0.001006 seconds
Import Error Code:(4)
Message: Build asset version error: assets/savedataeditortool.cs in SourceAssetDB has modification time of '2026-04-01T10:29:20.2429658Z' while content on disk has modification time of '2026-04-01T10:29:21.1627251Z'
  ERROR: Build asset version error: assets/savedataeditortool.cs in SourceAssetDB has modification time of '2026-04-01T10:29:20.2429658Z' while content on disk has modification time of '2026-04-01T10:29:21.1627251Z'
Number of updated asset objects reloaded before import = 0
Number of asset objects unloaded after import = 0
========================================================================
Received Import Request.
  Time since last request: 0.018294 seconds.
  path: Assets/SaveDataEditorTool.cs
  artifactKey: Guid(733e7f08a39762746b1d156f5655d415) Importer(815301076,1909f56bfc062723c751e8b465ee728b)
Start importing Assets/SaveDataEditorTool.cs using Guid(733e7f08a39762746b1d156f5655d415) Importer(815301076,1909f56bfc062723c751e8b465ee728b) [PhysX] Initialized MultithreadedTaskDispatcher with 4 workers.
 -> (artifact id: '00000000000000000000000000000000') in 0.001286 seconds
Import Error Code:(4)
Message: Build asset version error: assets/savedataeditortool.cs in SourceAssetDB has modification time of '2026-04-01T10:29:20.2429658Z' while content on disk has modification time of '2026-04-01T10:29:21.1627251Z'
  ERROR: Build asset version error: assets/savedataeditortool.cs in SourceAssetDB has modification time of '2026-04-01T10:29:20.2429658Z' while content on disk has modification time of '2026-04-01T10:29:21.1627251Z'
Number of updated asset objects reloaded before import = 0
Number of asset objects unloaded after import = 0
========================================================================
Received Import Request.
  Time since last request: 0.017446 seconds.
  path: Assets/SaveDataEditorTool.cs
  artifactKey: Guid(733e7f08a39762746b1d156f5655d415) Importer(815301076,1909f56bfc062723c751e8b465ee728b)
Start importing Assets/SaveDataEditorTool.cs using Guid(733e7f08a39762746b1d156f5655d415) Importer(815301076,1909f56bfc062723c751e8b465ee728b) [PhysX] Initialized MultithreadedTaskDispatcher with 4 workers.
 -> (artifact id: '00000000000000000000000000000000') in 0.001407 seconds
Import Error Code:(4)
Message: Build asset version error: assets/savedataeditortool.cs in SourceAssetDB has modification time of '2026-04-01T10:29:20.2429658Z' while content on disk has modification time of '2026-04-01T10:29:21.1627251Z'
  ERROR: Build asset version error: assets/savedataeditortool.cs in SourceAssetDB has modification time of '2026-04-01T10:29:20.2429658Z' while content on disk has modification time of '2026-04-01T10:29:21.1627251Z'
Number of updated asset objects reloaded before import = 0
Number of asset objects unloaded after import = 0
========================================================================
Received Import Request.
  Time since last request: 0.019617 seconds.
  path: Assets/SaveDataEditorTool.cs
  artifactKey: Guid(733e7f08a39762746b1d156f5655d415) Importer(815301076,1909f56bfc062723c751e8b465ee728b)
Start importing Assets/SaveDataEditorTool.cs using Guid(733e7f08a39762746b1d156f5655d415) Importer(815301076,1909f56bfc062723c751e8b465ee728b) [PhysX] Initialized MultithreadedTaskDispatcher with 4 workers.
 -> (artifact id: '00000000000000000000000000000000') in 0.001817 seconds
Import Error Code:(4)
Message: Build asset version error: assets/savedataeditortool.cs in SourceAssetDB has modification time of '2026-04-01T10:29:20.2429658Z' while content on disk has modification time of '2026-04-01T10:29:21.1627251Z'
  ERROR: Build asset version error: assets/savedataeditortool.cs in SourceAssetDB has modification time of '2026-04-01T10:29:20.2429658Z' while content on disk has modification time of '2026-04-01T10:29:21.1627251Z'
Number of updated asset objects reloaded before import = 0
Number of asset objects unloaded after import = 0
========================================================================
Received Import Request.
  Time since last request: 0.017673 seconds.
  path: Assets/SaveDataEditorTool.cs
  artifactKey: Guid(733e7f08a39762746b1d156f5655d415) Importer(815301076,1909f56bfc062723c751e8b465ee728b)
Start importing Assets/SaveDataEditorTool.cs using Guid(733e7f08a39762746b1d156f5655d415) Importer(815301076,1909f56bfc062723c751e8b465ee728b) [PhysX] Initialized MultithreadedTaskDispatcher with 4 workers.
 -> (artifact id: '00000000000000000000000000000000') in 0.001429 seconds
Import Error Code:(4)
Message: Build asset version error: assets/savedataeditortool.cs in SourceAssetDB has modification time of '2026-04-01T10:29:20.2429658Z' while content on disk has modification time of '2026-04-01T10:29:21.1627251Z'
  ERROR: Build asset version error: assets/savedataeditortool.cs in SourceAssetDB has modification time of '2026-04-01T10:29:20.2429658Z' while content on disk has modification time of '2026-04-01T10:29:21.1627251Z'
Number of updated asset objects reloaded before import = 0
Number of asset objects unloaded after import = 0
========================================================================
Received Import Request.
  Time since last request: 0.018845 seconds.
  path: Assets/SaveDataEditorTool.cs
  artifactKey: Guid(733e7f08a39762746b1d156f5655d415) Importer(815301076,1909f56bfc062723c751e8b465ee728b)
Start importing Assets/SaveDataEditorTool.cs using Guid(733e7f08a39762746b1d156f5655d415) Importer(815301076,1909f56bfc062723c751e8b465ee728b) [PhysX] Initialized MultithreadedTaskDispatcher with 4 workers.
 -> (artifact id: '00000000000000000000000000000000') in 0.001137 seconds
Import Error Code:(4)
Message: Build asset version error: assets/savedataeditortool.cs in SourceAssetDB has modification time of '2026-04-01T10:29:20.2429658Z' while content on disk has modification time of '2026-04-01T10:29:21.1627251Z'
  ERROR: Build asset version error: assets/savedataeditortool.cs in SourceAssetDB has modification time of '2026-04-01T10:29:20.2429658Z' while content on disk has modification time of '2026-04-01T10:29:21.1627251Z'
Number of updated asset objects reloaded before import = 0
Number of asset objects unloaded after import = 0
========================================================================
Received Import Request.
  Time since last request: 0.015235 seconds.
  path: Assets/SaveDataEditorTool.cs
  artifactKey: Guid(733e7f08a39762746b1d156f5655d415) Importer(815301076,1909f56bfc062723c751e8b465ee728b)
Start importing Assets/SaveDataEditorTool.cs using Guid(733e7f08a39762746b1d156f5655d415) Importer(815301076,1909f56bfc062723c751e8b465ee728b) [PhysX] Initialized MultithreadedTaskDispatcher with 4 workers.
 -> (artifact id: '00000000000000000000000000000000') in 0.000878 seconds
Import Error Code:(4)
Message: Build asset version error: assets/savedataeditortool.cs in SourceAssetDB has modification time of '2026-04-01T10:29:20.2429658Z' while content on disk has modification time of '2026-04-01T10:29:21.1627251Z'
  ERROR: Build asset version error: assets/savedataeditortool.cs in SourceAssetDB has modification time of '2026-04-01T10:29:20.2429658Z' while content on disk has modification time of '2026-04-01T10:29:21.1627251Z'
Number of updated asset objects reloaded before import = 0
Number of asset objects unloaded after import = 0
========================================================================
Received Import Request.
  Time since last request: 0.012590 seconds.
  path: Assets/SaveDataEditorTool.cs
  artifactKey: Guid(733e7f08a39762746b1d156f5655d415) Importer(815301076,1909f56bfc062723c751e8b465ee728b)
Start importing Assets/SaveDataEditorTool.cs using Guid(733e7f08a39762746b1d156f5655d415) Importer(815301076,1909f56bfc062723c751e8b465ee728b) [PhysX] Initialized MultithreadedTaskDispatcher with 4 workers.
 -> (artifact id: '00000000000000000000000000000000') in 0.002986 seconds
Import Error Code:(4)
Message: Build asset version error: assets/savedataeditortool.cs in SourceAssetDB has modification time of '2026-04-01T10:29:20.2429658Z' while content on disk has modification time of '2026-04-01T10:29:21.1627251Z'
  ERROR: Build asset version error: assets/savedataeditortool.cs in SourceAssetDB has modification time of '2026-04-01T10:29:20.2429658Z' while content on disk has modification time of '2026-04-01T10:29:21.1627251Z'
Number of updated asset objects reloaded before import = 0
Number of asset objects unloaded after import = 0
========================================================================
Received Import Request.
  Time since last request: 0.018815 seconds.
  path: Assets/SaveDataEditorTool.cs
  artifactKey: Guid(733e7f08a39762746b1d156f5655d415) Importer(815301076,1909f56bfc062723c751e8b465ee728b)
Start importing Assets/SaveDataEditorTool.cs using Guid(733e7f08a39762746b1d156f5655d415) Importer(815301076,1909f56bfc062723c751e8b465ee728b) [PhysX] Initialized MultithreadedTaskDispatcher with 4 workers.
 -> (artifact id: '00000000000000000000000000000000') in 0.002248 seconds
Import Error Code:(4)
Message: Build asset version error: assets/savedataeditortool.cs in SourceAssetDB has modification time of '2026-04-01T10:29:20.2429658Z' while content on disk has modification time of '2026-04-01T10:29:21.1627251Z'
  ERROR: Build asset version error: assets/savedataeditortool.cs in SourceAssetDB has modification time of '2026-04-01T10:29:20.2429658Z' while content on disk has modification time of '2026-04-01T10:29:21.1627251Z'
Number of updated asset objects reloaded before import = 0
Number of asset objects unloaded after import = 0
========================================================================
Received Import Request.
  Time since last request: 0.017910 seconds.
  path: Assets/SaveDataEditorTool.cs
  artifactKey: Guid(733e7f08a39762746b1d156f5655d415) Importer(815301076,1909f56bfc062723c751e8b465ee728b)
Start importing Assets/SaveDataEditorTool.cs using Guid(733e7f08a39762746b1d156f5655d415) Importer(815301076,1909f56bfc062723c751e8b465ee728b) [PhysX] Initialized MultithreadedTaskDispatcher with 4 workers.
 -> (artifact id: '00000000000000000000000000000000') in 0.002319 seconds
Import Error Code:(4)
Message: Build asset version error: assets/savedataeditortool.cs in SourceAssetDB has modification time of '2026-04-01T10:29:20.2429658Z' while content on disk has modification time of '2026-04-01T10:29:21.1627251Z'
  ERROR: Build asset version error: assets/savedataeditortool.cs in SourceAssetDB has modification time of '2026-04-01T10:29:20.2429658Z' while content on disk has modification time of '2026-04-01T10:29:21.1627251Z'
Number of updated asset objects reloaded before import = 0
Number of asset objects unloaded after import = 0
========================================================================
Received Import Request.
  Time since last request: 0.016400 seconds.
  path: Assets/SaveDataEditorTool.cs
  artifactKey: Guid(733e7f08a39762746b1d156f5655d415) Importer(815301076,1909f56bfc062723c751e8b465ee728b)
Start importing Assets/SaveDataEditorTool.cs using Guid(733e7f08a39762746b1d156f5655d415) Importer(815301076,1909f56bfc062723c751e8b465ee728b) [PhysX] Initialized MultithreadedTaskDispatcher with 4 workers.
 -> (artifact id: '00000000000000000000000000000000') in 0.001049 seconds
Import Error Code:(4)
Message: Build asset version error: assets/savedataeditortool.cs in SourceAssetDB has modification time of '2026-04-01T10:29:20.2429658Z' while content on disk has modification time of '2026-04-01T10:29:21.1627251Z'
  ERROR: Build asset version error: assets/savedataeditortool.cs in SourceAssetDB has modification time of '2026-04-01T10:29:20.2429658Z' while content on disk has modification time of '2026-04-01T10:29:21.1627251Z'
Number of updated asset objects reloaded before import = 0
Number of asset objects unloaded after import = 0
========================================================================
Received Import Request.
  Time since last request: 0.010963 seconds.
  path: Assets/SaveDataEditorTool.cs
  artifactKey: Guid(733e7f08a39762746b1d156f5655d415) Importer(815301076,1909f56bfc062723c751e8b465ee728b)
Start importing Assets/SaveDataEditorTool.cs using Guid(733e7f08a39762746b1d156f5655d415) Importer(815301076,1909f56bfc062723c751e8b465ee728b) [PhysX] Initialized MultithreadedTaskDispatcher with 4 workers.
 -> (artifact id: '00000000000000000000000000000000') in 0.001194 seconds
Import Error Code:(4)
Message: Build asset version error: assets/savedataeditortool.cs in SourceAssetDB has modification time of '2026-04-01T10:29:20.2429658Z' while content on disk has modification time of '2026-04-01T10:29:21.1627251Z'
  ERROR: Build asset version error: assets/savedataeditortool.cs in SourceAssetDB has modification time of '2026-04-01T10:29:20.2429658Z' while content on disk has modification time of '2026-04-01T10:29:21.1627251Z'
Number of updated asset objects reloaded before import = 0
Number of asset objects unloaded after import = 0
========================================================================
Received Import Request.
  Time since last request: 0.018669 seconds.
  path: Assets/SaveDataEditorTool.cs
  artifactKey: Guid(733e7f08a39762746b1d156f5655d415) Importer(815301076,1909f56bfc062723c751e8b465ee728b)
Start importing Assets/SaveDataEditorTool.cs using Guid(733e7f08a39762746b1d156f5655d415) Importer(815301076,1909f56bfc062723c751e8b465ee728b) [PhysX] Initialized MultithreadedTaskDispatcher with 4 workers.
 -> (artifact id: '00000000000000000000000000000000') in 0.001317 seconds
Import Error Code:(4)
Message: Build asset version error: assets/savedataeditortool.cs in SourceAssetDB has modification time of '2026-04-01T10:29:20.2429658Z' while content on disk has modification time of '2026-04-01T10:29:21.1627251Z'
  ERROR: Build asset version error: assets/savedataeditortool.cs in SourceAssetDB has modification time of '2026-04-01T10:29:20.2429658Z' while content on disk has modification time of '2026-04-01T10:29:21.1627251Z'
Number of updated asset objects reloaded before import = 0
Number of asset objects unloaded after import = 0
========================================================================
Received Import Request.
  Time since last request: 0.016653 seconds.
  path: Assets/SaveDataEditorTool.cs
  artifactKey: Guid(733e7f08a39762746b1d156f5655d415) Importer(815301076,1909f56bfc062723c751e8b465ee728b)
Start importing Assets/SaveDataEditorTool.cs using Guid(733e7f08a39762746b1d156f5655d415) Importer(815301076,1909f56bfc062723c751e8b465ee728b) [PhysX] Initialized MultithreadedTaskDispatcher with 4 workers.
 -> (artifact id: '00000000000000000000000000000000') in 0.002080 seconds
Import Error Code:(4)
Message: Build asset version error: assets/savedataeditortool.cs in SourceAssetDB has modification time of '2026-04-01T10:29:20.2429658Z' while content on disk has modification time of '2026-04-01T10:29:21.1627251Z'
  ERROR: Build asset version error: assets/savedataeditortool.cs in SourceAssetDB has modification time of '2026-04-01T10:29:20.2429658Z' while content on disk has modification time of '2026-04-01T10:29:21.1627251Z'
Number of updated asset objects reloaded before import = 0
Number of asset objects unloaded after import = 0
========================================================================
Received Import Request.
  Time since last request: 0.018018 seconds.
  path: Assets/SaveDataEditorTool.cs
  artifactKey: Guid(733e7f08a39762746b1d156f5655d415) Importer(815301076,1909f56bfc062723c751e8b465ee728b)
Start importing Assets/SaveDataEditorTool.cs using Guid(733e7f08a39762746b1d156f5655d415) Importer(815301076,1909f56bfc062723c751e8b465ee728b) [PhysX] Initialized MultithreadedTaskDispatcher with 4 workers.
 -> (artifact id: '00000000000000000000000000000000') in 0.002928 seconds
Import Error Code:(4)
Message: Build asset version error: assets/savedataeditortool.cs in SourceAssetDB has modification time of '2026-04-01T10:29:20.2429658Z' while content on disk has modification time of '2026-04-01T10:29:21.1627251Z'
  ERROR: Build asset version error: assets/savedataeditortool.cs in SourceAssetDB has modification time of '2026-04-01T10:29:20.2429658Z' while content on disk has modification time of '2026-04-01T10:29:21.1627251Z'
Number of updated asset objects reloaded before import = 0
Number of asset objects unloaded after import = 0
========================================================================
Received Import Request.
  Time since last request: 0.015613 seconds.
  path: Assets/SaveDataEditorTool.cs
  artifactKey: Guid(733e7f08a39762746b1d156f5655d415) Importer(815301076,1909f56bfc062723c751e8b465ee728b)
Start importing Assets/SaveDataEditorTool.cs using Guid(733e7f08a39762746b1d156f5655d415) Importer(815301076,1909f56bfc062723c751e8b465ee728b) [PhysX] Initialized MultithreadedTaskDispatcher with 4 workers.
 -> (artifact id: '00000000000000000000000000000000') in 0.001613 seconds
Import Error Code:(4)
Message: Build asset version error: assets/savedataeditortool.cs in SourceAssetDB has modification time of '2026-04-01T10:29:20.2429658Z' while content on disk has modification time of '2026-04-01T10:29:21.1627251Z'
  ERROR: Build asset version error: assets/savedataeditortool.cs in SourceAssetDB has modification time of '2026-04-01T10:29:20.2429658Z' while content on disk has modification time of '2026-04-01T10:29:21.1627251Z'
Number of updated asset objects reloaded before import = 0
Number of asset objects unloaded after import = 0
========================================================================
Received Import Request.
  Time since last request: 0.016190 seconds.
  path: Assets/SaveDataEditorTool.cs
  artifactKey: Guid(733e7f08a39762746b1d156f5655d415) Importer(815301076,1909f56bfc062723c751e8b465ee728b)
Start importing Assets/SaveDataEditorTool.cs using Guid(733e7f08a39762746b1d156f5655d415) Importer(815301076,1909f56bfc062723c751e8b465ee728b) [PhysX] Initialized MultithreadedTaskDispatcher with 4 workers.
 -> (artifact id: '00000000000000000000000000000000') in 0.001190 seconds
Import Error Code:(4)
Message: Build asset version error: assets/savedataeditortool.cs in SourceAssetDB has modification time of '2026-04-01T10:29:20.2429658Z' while content on disk has modification time of '2026-04-01T10:29:21.1627251Z'
  ERROR: Build asset version error: assets/savedataeditortool.cs in SourceAssetDB has modification time of '2026-04-01T10:29:20.2429658Z' while content on disk has modification time of '2026-04-01T10:29:21.1627251Z'
Number of updated asset objects reloaded before import = 0
Number of asset objects unloaded after import = 0
========================================================================
Received Import Request.
  Time since last request: 0.017560 seconds.
  path: Assets/SaveDataEditorTool.cs
  artifactKey: Guid(733e7f08a39762746b1d156f5655d415) Importer(815301076,1909f56bfc062723c751e8b465ee728b)
Start importing Assets/SaveDataEditorTool.cs using Guid(733e7f08a39762746b1d156f5655d415) Importer(815301076,1909f56bfc062723c751e8b465ee728b) [PhysX] Initialized MultithreadedTaskDispatcher with 4 workers.
 -> (artifact id: '00000000000000000000000000000000') in 0.001089 seconds
Import Error Code:(4)
Message: Build asset version error: assets/savedataeditortool.cs in SourceAssetDB has modification time of '2026-04-01T10:29:20.2429658Z' while content on disk has modification time of '2026-04-01T10:29:21.1627251Z'
  ERROR: Build asset version error: assets/savedataeditortool.cs in SourceAssetDB has modification time of '2026-04-01T10:29:20.2429658Z' while content on disk has modification time of '2026-04-01T10:29:21.1627251Z'
Number of updated asset objects reloaded before import = 0
Number of asset objects unloaded after import = 0
========================================================================
Received Import Request.
  Time since last request: 0.007183 seconds.
  path: Assets/SaveDataEditorTool.cs
  artifactKey: Guid(733e7f08a39762746b1d156f5655d415) Importer(815301076,1909f56bfc062723c751e8b465ee728b)
Start importing Assets/SaveDataEditorTool.cs using Guid(733e7f08a39762746b1d156f5655d415) Importer(815301076,1909f56bfc062723c751e8b465ee728b) [PhysX] Initialized MultithreadedTaskDispatcher with 4 workers.
 -> (artifact id: '00000000000000000000000000000000') in 0.001330 seconds
Import Error Code:(4)
Message: Build asset version error: assets/savedataeditortool.cs in SourceAssetDB has modification time of '2026-04-01T10:29:20.2429658Z' while content on disk has modification time of '2026-04-01T10:29:21.1627251Z'
  ERROR: Build asset version error: assets/savedataeditortool.cs in SourceAssetDB has modification time of '2026-04-01T10:29:20.2429658Z' while content on disk has modification time of '2026-04-01T10:29:21.1627251Z'
Number of updated asset objects reloaded before import = 0
Number of asset objects unloaded after import = 0
========================================================================
Received Import Request.
  Time since last request: 0.024266 seconds.
  path: Assets/SaveDataEditorTool.cs
  artifactKey: Guid(733e7f08a39762746b1d156f5655d415) Importer(815301076,1909f56bfc062723c751e8b465ee728b)
Start importing Assets/SaveDataEditorTool.cs using Guid(733e7f08a39762746b1d156f5655d415) Importer(815301076,1909f56bfc062723c751e8b465ee728b) [PhysX] Initialized MultithreadedTaskDispatcher with 4 workers.
 -> (artifact id: '00000000000000000000000000000000') in 0.001412 seconds
Import Error Code:(4)
Message: Build asset version error: assets/savedataeditortool.cs in SourceAssetDB has modification time of '2026-04-01T10:29:20.2429658Z' while content on disk has modification time of '2026-04-01T10:29:21.1627251Z'
  ERROR: Build asset version error: assets/savedataeditortool.cs in SourceAssetDB has modification time of '2026-04-01T10:29:20.2429658Z' while content on disk has modification time of '2026-04-01T10:29:21.1627251Z'
Number of updated asset objects reloaded before import = 0
Number of asset objects unloaded after import = 0
========================================================================
Received Import Request.
  Time since last request: 0.015445 seconds.
  path: Assets/SaveDataEditorTool.cs
  artifactKey: Guid(733e7f08a39762746b1d156f5655d415) Importer(815301076,1909f56bfc062723c751e8b465ee728b)
Start importing Assets/SaveDataEditorTool.cs using Guid(733e7f08a39762746b1d156f5655d415) Importer(815301076,1909f56bfc062723c751e8b465ee728b) [PhysX] Initialized MultithreadedTaskDispatcher with 4 workers.
 -> (artifact id: '00000000000000000000000000000000') in 0.003778 seconds
Import Error Code:(4)
Message: Build asset version error: assets/savedataeditortool.cs in SourceAssetDB has modification time of '2026-04-01T10:29:20.2429658Z' while content on disk has modification time of '2026-04-01T10:29:21.1627251Z'
  ERROR: Build asset version error: assets/savedataeditortool.cs in SourceAssetDB has modification time of '2026-04-01T10:29:20.2429658Z' while content on disk has modification time of '2026-04-01T10:29:21.1627251Z'
Number of updated asset objects reloaded before import = 0
Number of asset objects unloaded after import = 0
========================================================================
Received Import Request.
  Time since last request: 0.012013 seconds.
  path: Assets/SaveDataEditorTool.cs
  artifactKey: Guid(733e7f08a39762746b1d156f5655d415) Importer(815301076,1909f56bfc062723c751e8b465ee728b)
Start importing Assets/SaveDataEditorTool.cs using Guid(733e7f08a39762746b1d156f5655d415) Importer(815301076,1909f56bfc062723c751e8b465ee728b) [PhysX] Initialized MultithreadedTaskDispatcher with 4 workers.
 -> (artifact id: '00000000000000000000000000000000') in 0.001529 seconds
Import Error Code:(4)
Message: Build asset version error: assets/savedataeditortool.cs in SourceAssetDB has modification time of '2026-04-01T10:29:20.2429658Z' while content on disk has modification time of '2026-04-01T10:29:21.1627251Z'
  ERROR: Build asset version error: assets/savedataeditortool.cs in SourceAssetDB has modification time of '2026-04-01T10:29:20.2429658Z' while content on disk has modification time of '2026-04-01T10:29:21.1627251Z'
Number of updated asset objects reloaded before import = 0
Number of asset objects unloaded after import = 0
========================================================================
Received Import Request.
  Time since last request: 0.018469 seconds.
  path: Assets/SaveDataEditorTool.cs
  artifactKey: Guid(733e7f08a39762746b1d156f5655d415) Importer(815301076,1909f56bfc062723c751e8b465ee728b)
Start importing Assets/SaveDataEditorTool.cs using Guid(733e7f08a39762746b1d156f5655d415) Importer(815301076,1909f56bfc062723c751e8b465ee728b) [PhysX] Initialized MultithreadedTaskDispatcher with 4 workers.
 -> (artifact id: '00000000000000000000000000000000') in 0.001154 seconds
Import Error Code:(4)
Message: Build asset version error: assets/savedataeditortool.cs in SourceAssetDB has modification time of '2026-04-01T10:29:20.2429658Z' while content on disk has modification time of '2026-04-01T10:29:21.1627251Z'
  ERROR: Build asset version error: assets/savedataeditortool.cs in SourceAssetDB has modification time of '2026-04-01T10:29:20.2429658Z' while content on disk has modification time of '2026-04-01T10:29:21.1627251Z'
Number of updated asset objects reloaded before import = 0
Number of asset objects unloaded after import = 0
========================================================================
Received Import Request.
  Time since last request: 0.017174 seconds.
  path: Assets/SaveDataEditorTool.cs
  artifactKey: Guid(733e7f08a39762746b1d156f5655d415) Importer(815301076,1909f56bfc062723c751e8b465ee728b)
Start importing Assets/SaveDataEditorTool.cs using Guid(733e7f08a39762746b1d156f5655d415) Importer(815301076,1909f56bfc062723c751e8b465ee728b) [PhysX] Initialized MultithreadedTaskDispatcher with 4 workers.
 -> (artifact id: '00000000000000000000000000000000') in 0.002319 seconds
Import Error Code:(4)
Message: Build asset version error: assets/savedataeditortool.cs in SourceAssetDB has modification time of '2026-04-01T10:29:20.2429658Z' while content on disk has modification time of '2026-04-01T10:29:21.1627251Z'
  ERROR: Build asset version error: assets/savedataeditortool.cs in SourceAssetDB has modification time of '2026-04-01T10:29:20.2429658Z' while content on disk has modification time of '2026-04-01T10:29:21.1627251Z'
Number of updated asset objects reloaded before import = 0
Number of asset objects unloaded after import = 0
========================================================================
Received Import Request.
  Time since last request: 0.014272 seconds.
  path: Assets/SaveDataEditorTool.cs
  artifactKey: Guid(733e7f08a39762746b1d156f5655d415) Importer(815301076,1909f56bfc062723c751e8b465ee728b)
Start importing Assets/SaveDataEditorTool.cs using Guid(733e7f08a39762746b1d156f5655d415) Importer(815301076,1909f56bfc062723c751e8b465ee728b) [PhysX] Initialized MultithreadedTaskDispatcher with 4 workers.
 -> (artifact id: '00000000000000000000000000000000') in 0.001196 seconds
Import Error Code:(4)
Message: Build asset version error: assets/savedataeditortool.cs in SourceAssetDB has modification time of '2026-04-01T10:29:20.2429658Z' while content on disk has modification time of '2026-04-01T10:29:21.1627251Z'
  ERROR: Build asset version error: assets/savedataeditortool.cs in SourceAssetDB has modification time of '2026-04-01T10:29:20.2429658Z' while content on disk has modification time of '2026-04-01T10:29:21.1627251Z'
Number of updated asset objects reloaded before import = 0
Number of asset objects unloaded after import = 0
========================================================================
Received Import Request.
  Time since last request: 0.017201 seconds.
  path: Assets/SaveDataEditorTool.cs
  artifactKey: Guid(733e7f08a39762746b1d156f5655d415) Importer(815301076,1909f56bfc062723c751e8b465ee728b)
Start importing Assets/SaveDataEditorTool.cs using Guid(733e7f08a39762746b1d156f5655d415) Importer(815301076,1909f56bfc062723c751e8b465ee728b) [PhysX] Initialized MultithreadedTaskDispatcher with 4 workers.
 -> (artifact id: '00000000000000000000000000000000') in 0.001462 seconds
Import Error Code:(4)
Message: Build asset version error: assets/savedataeditortool.cs in SourceAssetDB has modification time of '2026-04-01T10:29:20.2429658Z' while content on disk has modification time of '2026-04-01T10:29:21.1627251Z'
  ERROR: Build asset version error: assets/savedataeditortool.cs in SourceAssetDB has modification time of '2026-04-01T10:29:20.2429658Z' while content on disk has modification time of '2026-04-01T10:29:21.1627251Z'
Number of updated asset objects reloaded before import = 0
Number of asset objects unloaded after import = 0
========================================================================
Received Import Request.
  Time since last request: 0.020160 seconds.
  path: Assets/SaveDataEditorTool.cs
  artifactKey: Guid(733e7f08a39762746b1d156f5655d415) Importer(815301076,1909f56bfc062723c751e8b465ee728b)
Start importing Assets/SaveDataEditorTool.cs using Guid(733e7f08a39762746b1d156f5655d415) Importer(815301076,1909f56bfc062723c751e8b465ee728b) [PhysX] Initialized MultithreadedTaskDispatcher with 4 workers.
 -> (artifact id: '00000000000000000000000000000000') in 0.001367 seconds
Import Error Code:(4)
Message: Build asset version error: assets/savedataeditortool.cs in SourceAssetDB has modification time of '2026-04-01T10:29:20.2429658Z' while content on disk has modification time of '2026-04-01T10:29:21.1627251Z'
  ERROR: Build asset version error: assets/savedataeditortool.cs in SourceAssetDB has modification time of '2026-04-01T10:29:20.2429658Z' while content on disk has modification time of '2026-04-01T10:29:21.1627251Z'
Number of updated asset objects reloaded before import = 0
Number of asset objects unloaded after import = 0
========================================================================
Received Import Request.
  Time since last request: 0.002709 seconds.
  path: Assets/SaveDataEditorTool.cs
  artifactKey: Guid(733e7f08a39762746b1d156f5655d415) Importer(815301076,1909f56bfc062723c751e8b465ee728b)
Start importing Assets/SaveDataEditorTool.cs using Guid(733e7f08a39762746b1d156f5655d415) Importer(815301076,1909f56bfc062723c751e8b465ee728b) [PhysX] Initialized MultithreadedTaskDispatcher with 4 workers.
 -> (artifact id: '00000000000000000000000000000000') in 0.001268 seconds
Import Error Code:(4)
Message: Build asset version error: assets/savedataeditortool.cs in SourceAssetDB has modification time of '2026-04-01T10:29:20.2429658Z' while content on disk has modification time of '2026-04-01T10:29:21.1627251Z'
  ERROR: Build asset version error: assets/savedataeditortool.cs in SourceAssetDB has modification time of '2026-04-01T10:29:20.2429658Z' while content on disk has modification time of '2026-04-01T10:29:21.1627251Z'
Number of updated asset objects reloaded before import = 0
Number of asset objects unloaded after import = 0
========================================================================
Received Import Request.
  Time since last request: 0.017421 seconds.
  path: Assets/SaveDataEditorTool.cs
  artifactKey: Guid(733e7f08a39762746b1d156f5655d415) Importer(815301076,1909f56bfc062723c751e8b465ee728b)
Start importing Assets/SaveDataEditorTool.cs using Guid(733e7f08a39762746b1d156f5655d415) Importer(815301076,1909f56bfc062723c751e8b465ee728b) [PhysX] Initialized MultithreadedTaskDispatcher with 4 workers.
 -> (artifact id: '00000000000000000000000000000000') in 0.001568 seconds
Import Error Code:(4)
Message: Build asset version error: assets/savedataeditortool.cs in SourceAssetDB has modification time of '2026-04-01T10:29:20.2429658Z' while content on disk has modification time of '2026-04-01T10:29:21.1627251Z'
  ERROR: Build asset version error: assets/savedataeditortool.cs in SourceAssetDB has modification time of '2026-04-01T10:29:20.2429658Z' while content on disk has modification time of '2026-04-01T10:29:21.1627251Z'
Number of updated asset objects reloaded before import = 0
Number of asset objects unloaded after import = 0
========================================================================
Received Import Request.
  Time since last request: 0.017861 seconds.
  path: Assets/SaveDataEditorTool.cs
  artifactKey: Guid(733e7f08a39762746b1d156f5655d415) Importer(815301076,1909f56bfc062723c751e8b465ee728b)
Start importing Assets/SaveDataEditorTool.cs using Guid(733e7f08a39762746b1d156f5655d415) Importer(815301076,1909f56bfc062723c751e8b465ee728b) [PhysX] Initialized MultithreadedTaskDispatcher with 4 workers.
 -> (artifact id: '00000000000000000000000000000000') in 0.001002 seconds
Import Error Code:(4)
Message: Build asset version error: assets/savedataeditortool.cs in SourceAssetDB has modification time of '2026-04-01T10:29:20.2429658Z' while content on disk has modification time of '2026-04-01T10:29:21.1627251Z'
  ERROR: Build asset version error: assets/savedataeditortool.cs in SourceAssetDB has modification time of '2026-04-01T10:29:20.2429658Z' while content on disk has modification time of '2026-04-01T10:29:21.1627251Z'
Number of updated asset objects reloaded before import = 0
Number of asset objects unloaded after import = 0
========================================================================
Received Import Request.
  Time since last request: 0.018802 seconds.
  path: Assets/SaveDataEditorTool.cs
  artifactKey: Guid(733e7f08a39762746b1d156f5655d415) Importer(815301076,1909f56bfc062723c751e8b465ee728b)
Start importing Assets/SaveDataEditorTool.cs using Guid(733e7f08a39762746b1d156f5655d415) Importer(815301076,1909f56bfc062723c751e8b465ee728b) [PhysX] Initialized MultithreadedTaskDispatcher with 4 workers.
 -> (artifact id: '00000000000000000000000000000000') in 0.001141 seconds
Import Error Code:(4)
Message: Build asset version error: assets/savedataeditortool.cs in SourceAssetDB has modification time of '2026-04-01T10:29:20.2429658Z' while content on disk has modification time of '2026-04-01T10:29:21.1627251Z'
  ERROR: Build asset version error: assets/savedataeditortool.cs in SourceAssetDB has modification time of '2026-04-01T10:29:20.2429658Z' while content on disk has modification time of '2026-04-01T10:29:21.1627251Z'
Number of updated asset objects reloaded before import = 0
Number of asset objects unloaded after import = 0
========================================================================
Received Import Request.
  Time since last request: 0.020334 seconds.
  path: Assets/SaveDataEditorTool.cs
  artifactKey: Guid(733e7f08a39762746b1d156f5655d415) Importer(815301076,1909f56bfc062723c751e8b465ee728b)
Start importing Assets/SaveDataEditorTool.cs using Guid(733e7f08a39762746b1d156f5655d415) Importer(815301076,1909f56bfc062723c751e8b465ee728b) [PhysX] Initialized MultithreadedTaskDispatcher with 4 workers.
 -> (artifact id: '00000000000000000000000000000000') in 0.003020 seconds
Import Error Code:(4)
Message: Build asset version error: assets/savedataeditortool.cs in SourceAssetDB has modification time of '2026-04-01T10:29:20.2429658Z' while content on disk has modification time of '2026-04-01T10:29:21.1627251Z'
  ERROR: Build asset version error: assets/savedataeditortool.cs in SourceAssetDB has modification time of '2026-04-01T10:29:20.2429658Z' while content on disk has modification time of '2026-04-01T10:29:21.1627251Z'
Number of updated asset objects reloaded before import = 0
Number of asset objects unloaded after import = 0
========================================================================
Received Import Request.
  Time since last request: 0.002381 seconds.
  path: Assets/SaveDataEditorTool.cs
  artifactKey: Guid(733e7f08a39762746b1d156f5655d415) Importer(815301076,1909f56bfc062723c751e8b465ee728b)
Start importing Assets/SaveDataEditorTool.cs using Guid(733e7f08a39762746b1d156f5655d415) Importer(815301076,1909f56bfc062723c751e8b465ee728b) [PhysX] Initialized MultithreadedTaskDispatcher with 4 workers.
 -> (artifact id: '00000000000000000000000000000000') in 0.001520 seconds
Import Error Code:(4)
Message: Build asset version error: assets/savedataeditortool.cs in SourceAssetDB has modification time of '2026-04-01T10:29:20.2429658Z' while content on disk has modification time of '2026-04-01T10:29:21.1627251Z'
  ERROR: Build asset version error: assets/savedataeditortool.cs in SourceAssetDB has modification time of '2026-04-01T10:29:20.2429658Z' while content on disk has modification time of '2026-04-01T10:29:21.1627251Z'
Number of updated asset objects reloaded before import = 0
Number of asset objects unloaded after import = 0
========================================================================
Received Import Request.
  Time since last request: 0.019193 seconds.
  path: Assets/SaveDataEditorTool.cs
  artifactKey: Guid(733e7f08a39762746b1d156f5655d415) Importer(815301076,1909f56bfc062723c751e8b465ee728b)
Start importing Assets/SaveDataEditorTool.cs using Guid(733e7f08a39762746b1d156f5655d415) Importer(815301076,1909f56bfc062723c751e8b465ee728b) [PhysX] Initialized MultithreadedTaskDispatcher with 4 workers.
 -> (artifact id: '00000000000000000000000000000000') in 0.000943 seconds
Import Error Code:(4)
Message: Build asset version error: assets/savedataeditortool.cs in SourceAssetDB has modification time of '2026-04-01T10:29:20.2429658Z' while content on disk has modification time of '2026-04-01T10:29:21.1627251Z'
  ERROR: Build asset version error: assets/savedataeditortool.cs in SourceAssetDB has modification time of '2026-04-01T10:29:20.2429658Z' while content on disk has modification time of '2026-04-01T10:29:21.1627251Z'
Number of updated asset objects reloaded before import = 0
Number of asset objects unloaded after import = 0
========================================================================
Received Import Request.
  Time since last request: 0.025722 seconds.
  path: Assets/SaveDataEditorTool.cs
  artifactKey: Guid(733e7f08a39762746b1d156f5655d415) Importer(815301076,1909f56bfc062723c751e8b465ee728b)
Start importing Assets/SaveDataEditorTool.cs using Guid(733e7f08a39762746b1d156f5655d415) Importer(815301076,1909f56bfc062723c751e8b465ee728b) [PhysX] Initialized MultithreadedTaskDispatcher with 4 workers.
 -> (artifact id: '00000000000000000000000000000000') in 0.002131 seconds
Import Error Code:(4)
Message: Build asset version error: assets/savedataeditortool.cs in SourceAssetDB has modification time of '2026-04-01T10:29:20.2429658Z' while content on disk has modification time of '2026-04-01T10:29:21.1627251Z'
  ERROR: Build asset version error: assets/savedataeditortool.cs in SourceAssetDB has modification time of '2026-04-01T10:29:20.2429658Z' while content on disk has modification time of '2026-04-01T10:29:21.1627251Z'
Number of updated asset objects reloaded before import = 0
Number of asset objects unloaded after import = 0
========================================================================
Received Import Request.
  Time since last request: 0.003034 seconds.
  path: Assets/SaveDataEditorTool.cs
  artifactKey: Guid(733e7f08a39762746b1d156f5655d415) Importer(815301076,1909f56bfc062723c751e8b465ee728b)
Start importing Assets/SaveDataEditorTool.cs using Guid(733e7f08a39762746b1d156f5655d415) Importer(815301076,1909f56bfc062723c751e8b465ee728b) [PhysX] Initialized MultithreadedTaskDispatcher with 4 workers.
 -> (artifact id: '00000000000000000000000000000000') in 0.001212 seconds
Import Error Code:(4)
Message: Build asset version error: assets/savedataeditortool.cs in SourceAssetDB has modification time of '2026-04-01T10:29:20.2429658Z' while content on disk has modification time of '2026-04-01T10:29:21.1627251Z'
  ERROR: Build asset version error: assets/savedataeditortool.cs in SourceAssetDB has modification time of '2026-04-01T10:29:20.2429658Z' while content on disk has modification time of '2026-04-01T10:29:21.1627251Z'
Number of updated asset objects reloaded before import = 0
Number of asset objects unloaded after import = 0
========================================================================
Received Import Request.
  Time since last request: 0.017007 seconds.
  path: Assets/SaveDataEditorTool.cs
  artifactKey: Guid(733e7f08a39762746b1d156f5655d415) Importer(815301076,1909f56bfc062723c751e8b465ee728b)
Start importing Assets/SaveDataEditorTool.cs using Guid(733e7f08a39762746b1d156f5655d415) Importer(815301076,1909f56bfc062723c751e8b465ee728b) [PhysX] Initialized MultithreadedTaskDispatcher with 4 workers.
 -> (artifact id: '00000000000000000000000000000000') in 0.001209 seconds
Import Error Code:(4)
Message: Build asset version error: assets/savedataeditortool.cs in SourceAssetDB has modification time of '2026-04-01T10:29:20.2429658Z' while content on disk has modification time of '2026-04-01T10:29:21.1627251Z'
  ERROR: Build asset version error: assets/savedataeditortool.cs in SourceAssetDB has modification time of '2026-04-01T10:29:20.2429658Z' while content on disk has modification time of '2026-04-01T10:29:21.1627251Z'
Number of updated asset objects reloaded before import = 0
Number of asset objects unloaded after import = 0
========================================================================
Received Import Request.
  Time since last request: 0.017507 seconds.
  path: Assets/SaveDataEditorTool.cs
  artifactKey: Guid(733e7f08a39762746b1d156f5655d415) Importer(815301076,1909f56bfc062723c751e8b465ee728b)
Start importing Assets/SaveDataEditorTool.cs using Guid(733e7f08a39762746b1d156f5655d415) Importer(815301076,1909f56bfc062723c751e8b465ee728b) [PhysX] Initialized MultithreadedTaskDispatcher with 4 workers.
 -> (artifact id: '00000000000000000000000000000000') in 0.003244 seconds
Import Error Code:(4)
Message: Build asset version error: assets/savedataeditortool.cs in SourceAssetDB has modification time of '2026-04-01T10:29:20.2429658Z' while content on disk has modification time of '2026-04-01T10:29:21.1627251Z'
  ERROR: Build asset version error: assets/savedataeditortool.cs in SourceAssetDB has modification time of '2026-04-01T10:29:20.2429658Z' while content on disk has modification time of '2026-04-01T10:29:21.1627251Z'
Number of updated asset objects reloaded before import = 0
Number of asset objects unloaded after import = 0
========================================================================
Received Import Request.
  Time since last request: 0.002354 seconds.
  path: Assets/SaveDataEditorTool.cs
  artifactKey: Guid(733e7f08a39762746b1d156f5655d415) Importer(815301076,1909f56bfc062723c751e8b465ee728b)
Start importing Assets/SaveDataEditorTool.cs using Guid(733e7f08a39762746b1d156f5655d415) Importer(815301076,1909f56bfc062723c751e8b465ee728b) [PhysX] Initialized MultithreadedTaskDispatcher with 4 workers.
 -> (artifact id: '00000000000000000000000000000000') in 0.001464 seconds
Import Error Code:(4)
Message: Build asset version error: assets/savedataeditortool.cs in SourceAssetDB has modification time of '2026-04-01T10:29:20.2429658Z' while content on disk has modification time of '2026-04-01T10:29:21.1627251Z'
  ERROR: Build asset version error: assets/savedataeditortool.cs in SourceAssetDB has modification time of '2026-04-01T10:29:20.2429658Z' while content on disk has modification time of '2026-04-01T10:29:21.1627251Z'
Number of updated asset objects reloaded before import = 0
Number of asset objects unloaded after import = 0
========================================================================
Received Import Request.
  Time since last request: 0.017844 seconds.
  path: Assets/SaveDataEditorTool.cs
  artifactKey: Guid(733e7f08a39762746b1d156f5655d415) Importer(815301076,1909f56bfc062723c751e8b465ee728b)
Start importing Assets/SaveDataEditorTool.cs using Guid(733e7f08a39762746b1d156f5655d415) Importer(815301076,1909f56bfc062723c751e8b465ee728b) [PhysX] Initialized MultithreadedTaskDispatcher with 4 workers.
 -> (artifact id: '00000000000000000000000000000000') in 0.001203 seconds
Import Error Code:(4)
Message: Build asset version error: assets/savedataeditortool.cs in SourceAssetDB has modification time of '2026-04-01T10:29:20.2429658Z' while content on disk has modification time of '2026-04-01T10:29:21.1627251Z'
  ERROR: Build asset version error: assets/savedataeditortool.cs in SourceAssetDB has modification time of '2026-04-01T10:29:20.2429658Z' while content on disk has modification time of '2026-04-01T10:29:21.1627251Z'
Number of updated asset objects reloaded before import = 0
Number of asset objects unloaded after import = 0
========================================================================
Received Import Request.
  Time since last request: 0.019922 seconds.
  path: Assets/SaveDataEditorTool.cs
  artifactKey: Guid(733e7f08a39762746b1d156f5655d415) Importer(815301076,1909f56bfc062723c751e8b465ee728b)
Start importing Assets/SaveDataEditorTool.cs using Guid(733e7f08a39762746b1d156f5655d415) Importer(815301076,1909f56bfc062723c751e8b465ee728b) [PhysX] Initialized MultithreadedTaskDispatcher with 4 workers.
 -> (artifact id: '00000000000000000000000000000000') in 0.005103 seconds
Import Error Code:(4)
Message: Build asset version error: assets/savedataeditortool.cs in SourceAssetDB has modification time of '2026-04-01T10:29:20.2429658Z' while content on disk has modification time of '2026-04-01T10:29:21.1627251Z'
  ERROR: Build asset version error: assets/savedataeditortool.cs in SourceAssetDB has modification time of '2026-04-01T10:29:20.2429658Z' while content on disk has modification time of '2026-04-01T10:29:21.1627251Z'
Number of updated asset objects reloaded before import = 0
Number of asset objects unloaded after import = 0
========================================================================
Received Import Request.
  Time since last request: 0.019638 seconds.
  path: Assets/SaveDataEditorTool.cs
  artifactKey: Guid(733e7f08a39762746b1d156f5655d415) Importer(815301076,1909f56bfc062723c751e8b465ee728b)
Start importing Assets/SaveDataEditorTool.cs using Guid(733e7f08a39762746b1d156f5655d415) Importer(815301076,1909f56bfc062723c751e8b465ee728b) [PhysX] Initialized MultithreadedTaskDispatcher with 4 workers.
 -> (artifact id: '00000000000000000000000000000000') in 0.001555 seconds
Import Error Code:(4)
Message: Build asset version error: assets/savedataeditortool.cs in SourceAssetDB has modification time of '2026-04-01T10:29:20.2429658Z' while content on disk has modification time of '2026-04-01T10:29:21.1627251Z'
  ERROR: Build asset version error: assets/savedataeditortool.cs in SourceAssetDB has modification time of '2026-04-01T10:29:20.2429658Z' while content on disk has modification time of '2026-04-01T10:29:21.1627251Z'
Number of updated asset objects reloaded before import = 0
Number of asset objects unloaded after import = 0
========================================================================
Received Import Request.
  Time since last request: 0.004353 seconds.
  path: Assets/SaveDataEditorTool.cs
  artifactKey: Guid(733e7f08a39762746b1d156f5655d415) Importer(815301076,1909f56bfc062723c751e8b465ee728b)
Start importing Assets/SaveDataEditorTool.cs using Guid(733e7f08a39762746b1d156f5655d415) Importer(815301076,1909f56bfc062723c751e8b465ee728b) [PhysX] Initialized MultithreadedTaskDispatcher with 4 workers.
 -> (artifact id: '00000000000000000000000000000000') in 0.001354 seconds
Import Error Code:(4)
Message: Build asset version error: assets/savedataeditortool.cs in SourceAssetDB has modification time of '2026-04-01T10:29:20.2429658Z' while content on disk has modification time of '2026-04-01T10:29:21.1627251Z'
  ERROR: Build asset version error: assets/savedataeditortool.cs in SourceAssetDB has modification time of '2026-04-01T10:29:20.2429658Z' while content on disk has modification time of '2026-04-01T10:29:21.1627251Z'
Number of updated asset objects reloaded before import = 0
Number of asset objects unloaded after import = 0
========================================================================
Received Import Request.
  Time since last request: 0.018892 seconds.
  path: Assets/SaveDataEditorTool.cs
  artifactKey: Guid(733e7f08a39762746b1d156f5655d415) Importer(815301076,1909f56bfc062723c751e8b465ee728b)
Start importing Assets/SaveDataEditorTool.cs using Guid(733e7f08a39762746b1d156f5655d415) Importer(815301076,1909f56bfc062723c751e8b465ee728b) [PhysX] Initialized MultithreadedTaskDispatcher with 4 workers.
 -> (artifact id: '00000000000000000000000000000000') in 0.009269 seconds
Import Error Code:(4)
Message: Build asset version error: assets/savedataeditortool.cs in SourceAssetDB has modification time of '2026-04-01T10:29:20.2429658Z' while content on disk has modification time of '2026-04-01T10:29:21.1627251Z'
  ERROR: Build asset version error: assets/savedataeditortool.cs in SourceAssetDB has modification time of '2026-04-01T10:29:20.2429658Z' while content on disk has modification time of '2026-04-01T10:29:21.1627251Z'
Number of updated asset objects reloaded before import = 0
Number of asset objects unloaded after import = 0
========================================================================
Received Import Request.
  Time since last request: 0.015648 seconds.
  path: Assets/SaveDataEditorTool.cs
  artifactKey: Guid(733e7f08a39762746b1d156f5655d415) Importer(815301076,1909f56bfc062723c751e8b465ee728b)
Start importing Assets/SaveDataEditorTool.cs using Guid(733e7f08a39762746b1d156f5655d415) Importer(815301076,1909f56bfc062723c751e8b465ee728b) [PhysX] Initialized MultithreadedTaskDispatcher with 4 workers.
 -> (artifact id: '00000000000000000000000000000000') in 0.002708 seconds
Import Error Code:(4)
Message: Build asset version error: assets/savedataeditortool.cs in SourceAssetDB has modification time of '2026-04-01T10:29:20.2429658Z' while content on disk has modification time of '2026-04-01T10:29:21.1627251Z'
  ERROR: Build asset version error: assets/savedataeditortool.cs in SourceAssetDB has modification time of '2026-04-01T10:29:20.2429658Z' while content on disk has modification time of '2026-04-01T10:29:21.1627251Z'
Number of updated asset objects reloaded before import = 0
Number of asset objects unloaded after import = 0
========================================================================
Received Import Request.
  Time since last request: 0.017513 seconds.
  path: Assets/SaveDataEditorTool.cs
  artifactKey: Guid(733e7f08a39762746b1d156f5655d415) Importer(815301076,1909f56bfc062723c751e8b465ee728b)
Start importing Assets/SaveDataEditorTool.cs using Guid(733e7f08a39762746b1d156f5655d415) Importer(815301076,1909f56bfc062723c751e8b465ee728b) [PhysX] Initialized MultithreadedTaskDispatcher with 4 workers.
 -> (artifact id: '00000000000000000000000000000000') in 0.001726 seconds
Import Error Code:(4)
Message: Build asset version error: assets/savedataeditortool.cs in SourceAssetDB has modification time of '2026-04-01T10:29:20.2429658Z' while content on disk has modification time of '2026-04-01T10:29:21.1627251Z'
  ERROR: Build asset version error: assets/savedataeditortool.cs in SourceAssetDB has modification time of '2026-04-01T10:29:20.2429658Z' while content on disk has modification time of '2026-04-01T10:29:21.1627251Z'
Number of updated asset objects reloaded before import = 0
Number of asset objects unloaded after import = 0
========================================================================
Received Import Request.
  Time since last request: 0.017545 seconds.
  path: Assets/SaveDataEditorTool.cs
  artifactKey: Guid(733e7f08a39762746b1d156f5655d415) Importer(815301076,1909f56bfc062723c751e8b465ee728b)
Start importing Assets/SaveDataEditorTool.cs using Guid(733e7f08a39762746b1d156f5655d415) Importer(815301076,1909f56bfc062723c751e8b465ee728b) [PhysX] Initialized MultithreadedTaskDispatcher with 4 workers.
 -> (artifact id: '00000000000000000000000000000000') in 0.001089 seconds
Import Error Code:(4)
Message: Build asset version error: assets/savedataeditortool.cs in SourceAssetDB has modification time of '2026-04-01T10:29:20.2429658Z' while content on disk has modification time of '2026-04-01T10:29:21.1627251Z'
  ERROR: Build asset version error: assets/savedataeditortool.cs in SourceAssetDB has modification time of '2026-04-01T10:29:20.2429658Z' while content on disk has modification time of '2026-04-01T10:29:21.1627251Z'
Number of updated asset objects reloaded before import = 0
Number of asset objects unloaded after import = 0
========================================================================
Received Import Request.
  Time since last request: 0.018241 seconds.
  path: Assets/SaveDataEditorTool.cs
  artifactKey: Guid(733e7f08a39762746b1d156f5655d415) Importer(815301076,1909f56bfc062723c751e8b465ee728b)
Start importing Assets/SaveDataEditorTool.cs using Guid(733e7f08a39762746b1d156f5655d415) Importer(815301076,1909f56bfc062723c751e8b465ee728b) [PhysX] Initialized MultithreadedTaskDispatcher with 4 workers.
 -> (artifact id: '00000000000000000000000000000000') in 0.001323 seconds
Import Error Code:(4)
Message: Build asset version error: assets/savedataeditortool.cs in SourceAssetDB has modification time of '2026-04-01T10:29:20.2429658Z' while content on disk has modification time of '2026-04-01T10:29:21.1627251Z'
  ERROR: Build asset version error: assets/savedataeditortool.cs in SourceAssetDB has modification time of '2026-04-01T10:29:20.2429658Z' while content on disk has modification time of '2026-04-01T10:29:21.1627251Z'
Number of updated asset objects reloaded before import = 0
Number of asset objects unloaded after import = 0
========================================================================
Received Import Request.
  Time since last request: 0.017691 seconds.
  path: Assets/SaveDataEditorTool.cs
  artifactKey: Guid(733e7f08a39762746b1d156f5655d415) Importer(815301076,1909f56bfc062723c751e8b465ee728b)
Start importing Assets/SaveDataEditorTool.cs using Guid(733e7f08a39762746b1d156f5655d415) Importer(815301076,1909f56bfc062723c751e8b465ee728b) [PhysX] Initialized MultithreadedTaskDispatcher with 4 workers.
 -> (artifact id: '00000000000000000000000000000000') in 0.001227 seconds
Import Error Code:(4)
Message: Build asset version error: assets/savedataeditortool.cs in SourceAssetDB has modification time of '2026-04-01T10:29:20.2429658Z' while content on disk has modification time of '2026-04-01T10:29:21.1627251Z'
  ERROR: Build asset version error: assets/savedataeditortool.cs in SourceAssetDB has modification time of '2026-04-01T10:29:20.2429658Z' while content on disk has modification time of '2026-04-01T10:29:21.1627251Z'
Number of updated asset objects reloaded before import = 0
Number of asset objects unloaded after import = 0
========================================================================
Received Import Request.
  Time since last request: 0.017294 seconds.
  path: Assets/SaveDataEditorTool.cs
  artifactKey: Guid(733e7f08a39762746b1d156f5655d415) Importer(815301076,1909f56bfc062723c751e8b465ee728b)
Start importing Assets/SaveDataEditorTool.cs using Guid(733e7f08a39762746b1d156f5655d415) Importer(815301076,1909f56bfc062723c751e8b465ee728b) [PhysX] Initialized MultithreadedTaskDispatcher with 4 workers.
 -> (artifact id: '00000000000000000000000000000000') in 0.001050 seconds
Import Error Code:(4)
Message: Build asset version error: assets/savedataeditortool.cs in SourceAssetDB has modification time of '2026-04-01T10:29:20.2429658Z' while content on disk has modification time of '2026-04-01T10:29:21.1627251Z'
  ERROR: Build asset version error: assets/savedataeditortool.cs in SourceAssetDB has modification time of '2026-04-01T10:29:20.2429658Z' while content on disk has modification time of '2026-04-01T10:29:21.1627251Z'
Number of updated asset objects reloaded before import = 0
Number of asset objects unloaded after import = 0
========================================================================
Received Import Request.
  Time since last request: 0.018242 seconds.
  path: Assets/SaveDataEditorTool.cs
  artifactKey: Guid(733e7f08a39762746b1d156f5655d415) Importer(815301076,1909f56bfc062723c751e8b465ee728b)
Start importing Assets/SaveDataEditorTool.cs using Guid(733e7f08a39762746b1d156f5655d415) Importer(815301076,1909f56bfc062723c751e8b465ee728b) [PhysX] Initialized MultithreadedTaskDispatcher with 4 workers.
 -> (artifact id: '00000000000000000000000000000000') in 0.001505 seconds
Import Error Code:(4)
Message: Build asset version error: assets/savedataeditortool.cs in SourceAssetDB has modification time of '2026-04-01T10:29:20.2429658Z' while content on disk has modification time of '2026-04-01T10:29:21.1627251Z'
  ERROR: Build asset version error: assets/savedataeditortool.cs in SourceAssetDB has modification time of '2026-04-01T10:29:20.2429658Z' while content on disk has modification time of '2026-04-01T10:29:21.1627251Z'
Number of updated asset objects reloaded before import = 0
Number of asset objects unloaded after import = 0
========================================================================
Received Import Request.
  Time since last request: 0.017831 seconds.
  path: Assets/SaveDataEditorTool.cs
  artifactKey: Guid(733e7f08a39762746b1d156f5655d415) Importer(815301076,1909f56bfc062723c751e8b465ee728b)
Start importing Assets/SaveDataEditorTool.cs using Guid(733e7f08a39762746b1d156f5655d415) Importer(815301076,1909f56bfc062723c751e8b465ee728b) [PhysX] Initialized MultithreadedTaskDispatcher with 4 workers.
 -> (artifact id: '00000000000000000000000000000000') in 0.003115 seconds
Import Error Code:(4)
Message: Build asset version error: assets/savedataeditortool.cs in SourceAssetDB has modification time of '2026-04-01T10:29:20.2429658Z' while content on disk has modification time of '2026-04-01T10:29:21.1627251Z'
  ERROR: Build asset version error: assets/savedataeditortool.cs in SourceAssetDB has modification time of '2026-04-01T10:29:20.2429658Z' while content on disk has modification time of '2026-04-01T10:29:21.1627251Z'
Number of updated asset objects reloaded before import = 0
Number of asset objects unloaded after import = 0
========================================================================
Received Import Request.
  Time since last request: 0.018305 seconds.
  path: Assets/SaveDataEditorTool.cs
  artifactKey: Guid(733e7f08a39762746b1d156f5655d415) Importer(815301076,1909f56bfc062723c751e8b465ee728b)
Start importing Assets/SaveDataEditorTool.cs using Guid(733e7f08a39762746b1d156f5655d415) Importer(815301076,1909f56bfc062723c751e8b465ee728b) [PhysX] Initialized MultithreadedTaskDispatcher with 4 workers.
 -> (artifact id: '00000000000000000000000000000000') in 0.001387 seconds
Import Error Code:(4)
Message: Build asset version error: assets/savedataeditortool.cs in SourceAssetDB has modification time of '2026-04-01T10:29:20.2429658Z' while content on disk has modification time of '2026-04-01T10:29:21.1627251Z'
  ERROR: Build asset version error: assets/savedataeditortool.cs in SourceAssetDB has modification time of '2026-04-01T10:29:20.2429658Z' while content on disk has modification time of '2026-04-01T10:29:21.1627251Z'
Number of updated asset objects reloaded before import = 0
Number of asset objects unloaded after import = 0
========================================================================
Received Import Request.
  Time since last request: 0.018028 seconds.
  path: Assets/SaveDataEditorTool.cs
  artifactKey: Guid(733e7f08a39762746b1d156f5655d415) Importer(815301076,1909f56bfc062723c751e8b465ee728b)
Start importing Assets/SaveDataEditorTool.cs using Guid(733e7f08a39762746b1d156f5655d415) Importer(815301076,1909f56bfc062723c751e8b465ee728b) [PhysX] Initialized MultithreadedTaskDispatcher with 4 workers.
 -> (artifact id: '00000000000000000000000000000000') in 0.001233 seconds
Import Error Code:(4)
Message: Build asset version error: assets/savedataeditortool.cs in SourceAssetDB has modification time of '2026-04-01T10:29:20.2429658Z' while content on disk has modification time of '2026-04-01T10:29:21.1627251Z'
  ERROR: Build asset version error: assets/savedataeditortool.cs in SourceAssetDB has modification time of '2026-04-01T10:29:20.2429658Z' while content on disk has modification time of '2026-04-01T10:29:21.1627251Z'
Number of updated asset objects reloaded before import = 0
Number of asset objects unloaded after import = 0
========================================================================
Received Import Request.
  Time since last request: 0.019918 seconds.
  path: Assets/SaveDataEditorTool.cs
  artifactKey: Guid(733e7f08a39762746b1d156f5655d415) Importer(815301076,1909f56bfc062723c751e8b465ee728b)
Start importing Assets/SaveDataEditorTool.cs using Guid(733e7f08a39762746b1d156f5655d415) Importer(815301076,1909f56bfc062723c751e8b465ee728b) [PhysX] Initialized MultithreadedTaskDispatcher with 4 workers.
 -> (artifact id: '00000000000000000000000000000000') in 0.002702 seconds
Import Error Code:(4)
Message: Build asset version error: assets/savedataeditortool.cs in SourceAssetDB has modification time of '2026-04-01T10:29:20.2429658Z' while content on disk has modification time of '2026-04-01T10:29:21.1627251Z'
  ERROR: Build asset version error: assets/savedataeditortool.cs in SourceAssetDB has modification time of '2026-04-01T10:29:20.2429658Z' while content on disk has modification time of '2026-04-01T10:29:21.1627251Z'
Number of updated asset objects reloaded before import = 0
Number of asset objects unloaded after import = 0
========================================================================
Received Import Request.
  Time since last request: 0.018284 seconds.
  path: Assets/SaveDataEditorTool.cs
  artifactKey: Guid(733e7f08a39762746b1d156f5655d415) Importer(815301076,1909f56bfc062723c751e8b465ee728b)
Start importing Assets/SaveDataEditorTool.cs using Guid(733e7f08a39762746b1d156f5655d415) Importer(815301076,1909f56bfc062723c751e8b465ee728b) [PhysX] Initialized MultithreadedTaskDispatcher with 4 workers.
 -> (artifact id: '00000000000000000000000000000000') in 0.002009 seconds
Import Error Code:(4)
Message: Build asset version error: assets/savedataeditortool.cs in SourceAssetDB has modification time of '2026-04-01T10:29:20.2429658Z' while content on disk has modification time of '2026-04-01T10:29:21.1627251Z'
  ERROR: Build asset version error: assets/savedataeditortool.cs in SourceAssetDB has modification time of '2026-04-01T10:29:20.2429658Z' while content on disk has modification time of '2026-04-01T10:29:21.1627251Z'
Number of updated asset objects reloaded before import = 0
Number of asset objects unloaded after import = 0
========================================================================
Received Import Request.
  Time since last request: 0.018572 seconds.
  path: Assets/SaveDataEditorTool.cs
  artifactKey: Guid(733e7f08a39762746b1d156f5655d415) Importer(815301076,1909f56bfc062723c751e8b465ee728b)
Start importing Assets/SaveDataEditorTool.cs using Guid(733e7f08a39762746b1d156f5655d415) Importer(815301076,1909f56bfc062723c751e8b465ee728b) [PhysX] Initialized MultithreadedTaskDispatcher with 4 workers.
 -> (artifact id: '00000000000000000000000000000000') in 0.003084 seconds
Import Error Code:(4)
Message: Build asset version error: assets/savedataeditortool.cs in SourceAssetDB has modification time of '2026-04-01T10:29:20.2429658Z' while content on disk has modification time of '2026-04-01T10:29:21.1627251Z'
  ERROR: Build asset version error: assets/savedataeditortool.cs in SourceAssetDB has modification time of '2026-04-01T10:29:20.2429658Z' while content on disk has modification time of '2026-04-01T10:29:21.1627251Z'
Number of updated asset objects reloaded before import = 0
Number of asset objects unloaded after import = 0
========================================================================
Received Import Request.
  Time since last request: 0.017203 seconds.
  path: Assets/SaveDataEditorTool.cs
  artifactKey: Guid(733e7f08a39762746b1d156f5655d415) Importer(815301076,1909f56bfc062723c751e8b465ee728b)
Start importing Assets/SaveDataEditorTool.cs using Guid(733e7f08a39762746b1d156f5655d415) Importer(815301076,1909f56bfc062723c751e8b465ee728b) [PhysX] Initialized MultithreadedTaskDispatcher with 4 workers.
 -> (artifact id: '00000000000000000000000000000000') in 0.001621 seconds
Import Error Code:(4)
Message: Build asset version error: assets/savedataeditortool.cs in SourceAssetDB has modification time of '2026-04-01T10:29:20.2429658Z' while content on disk has modification time of '2026-04-01T10:29:21.1627251Z'
  ERROR: Build asset version error: assets/savedataeditortool.cs in SourceAssetDB has modification time of '2026-04-01T10:29:20.2429658Z' while content on disk has modification time of '2026-04-01T10:29:21.1627251Z'
Number of updated asset objects reloaded before import = 0
Number of asset objects unloaded after import = 0
========================================================================
Received Import Request.
  Time since last request: 0.016925 seconds.
  path: Assets/SaveDataEditorTool.cs
  artifactKey: Guid(733e7f08a39762746b1d156f5655d415) Importer(815301076,1909f56bfc062723c751e8b465ee728b)
Start importing Assets/SaveDataEditorTool.cs using Guid(733e7f08a39762746b1d156f5655d415) Importer(815301076,1909f56bfc062723c751e8b465ee728b) [PhysX] Initialized MultithreadedTaskDispatcher with 4 workers.
 -> (artifact id: '00000000000000000000000000000000') in 0.001108 seconds
Import Error Code:(4)
Message: Build asset version error: assets/savedataeditortool.cs in SourceAssetDB has modification time of '2026-04-01T10:29:20.2429658Z' while content on disk has modification time of '2026-04-01T10:29:21.1627251Z'
  ERROR: Build asset version error: assets/savedataeditortool.cs in SourceAssetDB has modification time of '2026-04-01T10:29:20.2429658Z' while content on disk has modification time of '2026-04-01T10:29:21.1627251Z'
Number of updated asset objects reloaded before import = 0
Number of asset objects unloaded after import = 0
========================================================================
Received Import Request.
  Time since last request: 0.017254 seconds.
  path: Assets/SaveDataEditorTool.cs
  artifactKey: Guid(733e7f08a39762746b1d156f5655d415) Importer(815301076,1909f56bfc062723c751e8b465ee728b)
Start importing Assets/SaveDataEditorTool.cs using Guid(733e7f08a39762746b1d156f5655d415) Importer(815301076,1909f56bfc062723c751e8b465ee728b) [PhysX] Initialized MultithreadedTaskDispatcher with 4 workers.
 -> (artifact id: '00000000000000000000000000000000') in 0.001719 seconds
Import Error Code:(4)
Message: Build asset version error: assets/savedataeditortool.cs in SourceAssetDB has modification time of '2026-04-01T10:29:20.2429658Z' while content on disk has modification time of '2026-04-01T10:29:21.1627251Z'
  ERROR: Build asset version error: assets/savedataeditortool.cs in SourceAssetDB has modification time of '2026-04-01T10:29:20.2429658Z' while content on disk has modification time of '2026-04-01T10:29:21.1627251Z'
Number of updated asset objects reloaded before import = 0
Number of asset objects unloaded after import = 0
========================================================================
Received Import Request.
  Time since last request: 0.018344 seconds.
  path: Assets/SaveDataEditorTool.cs
  artifactKey: Guid(733e7f08a39762746b1d156f5655d415) Importer(815301076,1909f56bfc062723c751e8b465ee728b)
Start importing Assets/SaveDataEditorTool.cs using Guid(733e7f08a39762746b1d156f5655d415) Importer(815301076,1909f56bfc062723c751e8b465ee728b) [PhysX] Initialized MultithreadedTaskDispatcher with 4 workers.
 -> (artifact id: '00000000000000000000000000000000') in 0.001315 seconds
Import Error Code:(4)
Message: Build asset version error: assets/savedataeditortool.cs in SourceAssetDB has modification time of '2026-04-01T10:29:20.2429658Z' while content on disk has modification time of '2026-04-01T10:29:21.1627251Z'
  ERROR: Build asset version error: assets/savedataeditortool.cs in SourceAssetDB has modification time of '2026-04-01T10:29:20.2429658Z' while content on disk has modification time of '2026-04-01T10:29:21.1627251Z'
Number of updated asset objects reloaded before import = 0
Number of asset objects unloaded after import = 0
========================================================================
Received Import Request.
  Time since last request: 0.017087 seconds.
  path: Assets/SaveDataEditorTool.cs
  artifactKey: Guid(733e7f08a39762746b1d156f5655d415) Importer(815301076,1909f56bfc062723c751e8b465ee728b)
Start importing Assets/SaveDataEditorTool.cs using Guid(733e7f08a39762746b1d156f5655d415) Importer(815301076,1909f56bfc062723c751e8b465ee728b) [PhysX] Initialized MultithreadedTaskDispatcher with 4 workers.
 -> (artifact id: '00000000000000000000000000000000') in 0.001185 seconds
Import Error Code:(4)
Message: Build asset version error: assets/savedataeditortool.cs in SourceAssetDB has modification time of '2026-04-01T10:29:20.2429658Z' while content on disk has modification time of '2026-04-01T10:29:21.1627251Z'
  ERROR: Build asset version error: assets/savedataeditortool.cs in SourceAssetDB has modification time of '2026-04-01T10:29:20.2429658Z' while content on disk has modification time of '2026-04-01T10:29:21.1627251Z'
Number of updated asset objects reloaded before import = 0
Number of asset objects unloaded after import = 0
========================================================================
Received Import Request.
  Time since last request: 0.017737 seconds.
  path: Assets/SaveDataEditorTool.cs
  artifactKey: Guid(733e7f08a39762746b1d156f5655d415) Importer(815301076,1909f56bfc062723c751e8b465ee728b)
Start importing Assets/SaveDataEditorTool.cs using Guid(733e7f08a39762746b1d156f5655d415) Importer(815301076,1909f56bfc062723c751e8b465ee728b) [PhysX] Initialized MultithreadedTaskDispatcher with 4 workers.
 -> (artifact id: '00000000000000000000000000000000') in 0.001070 seconds
Import Error Code:(4)
Message: Build asset version error: assets/savedataeditortool.cs in SourceAssetDB has modification time of '2026-04-01T10:29:20.2429658Z' while content on disk has modification time of '2026-04-01T10:29:21.1627251Z'
  ERROR: Build asset version error: assets/savedataeditortool.cs in SourceAssetDB has modification time of '2026-04-01T10:29:20.2429658Z' while content on disk has modification time of '2026-04-01T10:29:21.1627251Z'
Number of updated asset objects reloaded before import = 0
Number of asset objects unloaded after import = 0
========================================================================
Received Import Request.
  Time since last request: 0.016657 seconds.
  path: Assets/SaveDataEditorTool.cs
  artifactKey: Guid(733e7f08a39762746b1d156f5655d415) Importer(815301076,1909f56bfc062723c751e8b465ee728b)
Start importing Assets/SaveDataEditorTool.cs using Guid(733e7f08a39762746b1d156f5655d415) Importer(815301076,1909f56bfc062723c751e8b465ee728b) [PhysX] Initialized MultithreadedTaskDispatcher with 4 workers.
 -> (artifact id: '00000000000000000000000000000000') in 0.001432 seconds
Import Error Code:(4)
Message: Build asset version error: assets/savedataeditortool.cs in SourceAssetDB has modification time of '2026-04-01T10:29:20.2429658Z' while content on disk has modification time of '2026-04-01T10:29:21.1627251Z'
  ERROR: Build asset version error: assets/savedataeditortool.cs in SourceAssetDB has modification time of '2026-04-01T10:29:20.2429658Z' while content on disk has modification time of '2026-04-01T10:29:21.1627251Z'
Number of updated asset objects reloaded before import = 0
Number of asset objects unloaded after import = 0
========================================================================
Received Import Request.
  Time since last request: 0.017743 seconds.
  path: Assets/SaveDataEditorTool.cs
  artifactKey: Guid(733e7f08a39762746b1d156f5655d415) Importer(815301076,1909f56bfc062723c751e8b465ee728b)
Start importing Assets/SaveDataEditorTool.cs using Guid(733e7f08a39762746b1d156f5655d415) Importer(815301076,1909f56bfc062723c751e8b465ee728b) [PhysX] Initialized MultithreadedTaskDispatcher with 4 workers.
 -> (artifact id: '00000000000000000000000000000000') in 0.001333 seconds
Import Error Code:(4)
Message: Build asset version error: assets/savedataeditortool.cs in SourceAssetDB has modification time of '2026-04-01T10:29:20.2429658Z' while content on disk has modification time of '2026-04-01T10:29:21.1627251Z'
  ERROR: Build asset version error: assets/savedataeditortool.cs in SourceAssetDB has modification time of '2026-04-01T10:29:20.2429658Z' while content on disk has modification time of '2026-04-01T10:29:21.1627251Z'
Number of updated asset objects reloaded before import = 0
Number of asset objects unloaded after import = 0
========================================================================
Received Import Request.
  Time since last request: 0.019457 seconds.
  path: Assets/SaveDataEditorTool.cs
  artifactKey: Guid(733e7f08a39762746b1d156f5655d415) Importer(815301076,1909f56bfc062723c751e8b465ee728b)
Start importing Assets/SaveDataEditorTool.cs using Guid(733e7f08a39762746b1d156f5655d415) Importer(815301076,1909f56bfc062723c751e8b465ee728b) [PhysX] Initialized MultithreadedTaskDispatcher with 4 workers.
 -> (artifact id: '00000000000000000000000000000000') in 0.002521 seconds
Import Error Code:(4)
Message: Build asset version error: assets/savedataeditortool.cs in SourceAssetDB has modification time of '2026-04-01T10:29:20.2429658Z' while content on disk has modification time of '2026-04-01T10:29:21.1627251Z'
  ERROR: Build asset version error: assets/savedataeditortool.cs in SourceAssetDB has modification time of '2026-04-01T10:29:20.2429658Z' while content on disk has modification time of '2026-04-01T10:29:21.1627251Z'
Number of updated asset objects reloaded before import = 0
Number of asset objects unloaded after import = 0
========================================================================
Received Import Request.
  Time since last request: 0.014807 seconds.
  path: Assets/SaveDataEditorTool.cs
  artifactKey: Guid(733e7f08a39762746b1d156f5655d415) Importer(815301076,1909f56bfc062723c751e8b465ee728b)
Start importing Assets/SaveDataEditorTool.cs using Guid(733e7f08a39762746b1d156f5655d415) Importer(815301076,1909f56bfc062723c751e8b465ee728b) [PhysX] Initialized MultithreadedTaskDispatcher with 4 workers.
 -> (artifact id: '00000000000000000000000000000000') in 0.001271 seconds
Import Error Code:(4)
Message: Build asset version error: assets/savedataeditortool.cs in SourceAssetDB has modification time of '2026-04-01T10:29:20.2429658Z' while content on disk has modification time of '2026-04-01T10:29:21.1627251Z'
  ERROR: Build asset version error: assets/savedataeditortool.cs in SourceAssetDB has modification time of '2026-04-01T10:29:20.2429658Z' while content on disk has modification time of '2026-04-01T10:29:21.1627251Z'
Number of updated asset objects reloaded before import = 0
Number of asset objects unloaded after import = 0
========================================================================
Received Import Request.
  Time since last request: 0.018018 seconds.
  path: Assets/SaveDataEditorTool.cs
  artifactKey: Guid(733e7f08a39762746b1d156f5655d415) Importer(815301076,1909f56bfc062723c751e8b465ee728b)
Start importing Assets/SaveDataEditorTool.cs using Guid(733e7f08a39762746b1d156f5655d415) Importer(815301076,1909f56bfc062723c751e8b465ee728b) [PhysX] Initialized MultithreadedTaskDispatcher with 4 workers.
 -> (artifact id: '00000000000000000000000000000000') in 0.002209 seconds
Import Error Code:(4)
Message: Build asset version error: assets/savedataeditortool.cs in SourceAssetDB has modification time of '2026-04-01T10:29:20.2429658Z' while content on disk has modification time of '2026-04-01T10:29:21.1627251Z'
  ERROR: Build asset version error: assets/savedataeditortool.cs in SourceAssetDB has modification time of '2026-04-01T10:29:20.2429658Z' while content on disk has modification time of '2026-04-01T10:29:21.1627251Z'
Number of updated asset objects reloaded before import = 0
Number of asset objects unloaded after import = 0
========================================================================
Received Import Request.
  Time since last request: 0.016667 seconds.
  path: Assets/SaveDataEditorTool.cs
  artifactKey: Guid(733e7f08a39762746b1d156f5655d415) Importer(815301076,1909f56bfc062723c751e8b465ee728b)
Start importing Assets/SaveDataEditorTool.cs using Guid(733e7f08a39762746b1d156f5655d415) Importer(815301076,1909f56bfc062723c751e8b465ee728b) [PhysX] Initialized MultithreadedTaskDispatcher with 4 workers.
 -> (artifact id: '00000000000000000000000000000000') in 0.001210 seconds
Import Error Code:(4)
Message: Build asset version error: assets/savedataeditortool.cs in SourceAssetDB has modification time of '2026-04-01T10:29:20.2429658Z' while content on disk has modification time of '2026-04-01T10:29:21.1627251Z'
  ERROR: Build asset version error: assets/savedataeditortool.cs in SourceAssetDB has modification time of '2026-04-01T10:29:20.2429658Z' while content on disk has modification time of '2026-04-01T10:29:21.1627251Z'
Number of updated asset objects reloaded before import = 0
Number of asset objects unloaded after import = 0
========================================================================
Received Import Request.
  Time since last request: 0.017156 seconds.
  path: Assets/SaveDataEditorTool.cs
  artifactKey: Guid(733e7f08a39762746b1d156f5655d415) Importer(815301076,1909f56bfc062723c751e8b465ee728b)
Start importing Assets/SaveDataEditorTool.cs using Guid(733e7f08a39762746b1d156f5655d415) Importer(815301076,1909f56bfc062723c751e8b465ee728b) [PhysX] Initialized MultithreadedTaskDispatcher with 4 workers.
 -> (artifact id: '00000000000000000000000000000000') in 0.001159 seconds
Import Error Code:(4)
Message: Build asset version error: assets/savedataeditortool.cs in SourceAssetDB has modification time of '2026-04-01T10:29:20.2429658Z' while content on disk has modification time of '2026-04-01T10:29:21.1627251Z'
  ERROR: Build asset version error: assets/savedataeditortool.cs in SourceAssetDB has modification time of '2026-04-01T10:29:20.2429658Z' while content on disk has modification time of '2026-04-01T10:29:21.1627251Z'
Number of updated asset objects reloaded before import = 0
Number of asset objects unloaded after import = 0
========================================================================
Received Import Request.
  Time since last request: 0.016645 seconds.
  path: Assets/SaveDataEditorTool.cs
  artifactKey: Guid(733e7f08a39762746b1d156f5655d415) Importer(815301076,1909f56bfc062723c751e8b465ee728b)
Start importing Assets/SaveDataEditorTool.cs using Guid(733e7f08a39762746b1d156f5655d415) Importer(815301076,1909f56bfc062723c751e8b465ee728b) [PhysX] Initialized MultithreadedTaskDispatcher with 4 workers.
 -> (artifact id: '00000000000000000000000000000000') in 0.001419 seconds
Import Error Code:(4)
Message: Build asset version error: assets/savedataeditortool.cs in SourceAssetDB has modification time of '2026-04-01T10:29:20.2429658Z' while content on disk has modification time of '2026-04-01T10:29:21.1627251Z'
  ERROR: Build asset version error: assets/savedataeditortool.cs in SourceAssetDB has modification time of '2026-04-01T10:29:20.2429658Z' while content on disk has modification time of '2026-04-01T10:29:21.1627251Z'
Number of updated asset objects reloaded before import = 0
Number of asset objects unloaded after import = 0
========================================================================
Received Import Request.
  Time since last request: 0.016686 seconds.
  path: Assets/SaveDataEditorTool.cs
  artifactKey: Guid(733e7f08a39762746b1d156f5655d415) Importer(815301076,1909f56bfc062723c751e8b465ee728b)
Start importing Assets/SaveDataEditorTool.cs using Guid(733e7f08a39762746b1d156f5655d415) Importer(815301076,1909f56bfc062723c751e8b465ee728b) [PhysX] Initialized MultithreadedTaskDispatcher with 4 workers.
 -> (artifact id: '00000000000000000000000000000000') in 0.001184 seconds
Import Error Code:(4)
Message: Build asset version error: assets/savedataeditortool.cs in SourceAssetDB has modification time of '2026-04-01T10:29:20.2429658Z' while content on disk has modification time of '2026-04-01T10:29:21.1627251Z'
  ERROR: Build asset version error: assets/savedataeditortool.cs in SourceAssetDB has modification time of '2026-04-01T10:29:20.2429658Z' while content on disk has modification time of '2026-04-01T10:29:21.1627251Z'
Number of updated asset objects reloaded before import = 0
Number of asset objects unloaded after import = 0
========================================================================
Received Import Request.
  Time since last request: 0.017545 seconds.
  path: Assets/SaveDataEditorTool.cs
  artifactKey: Guid(733e7f08a39762746b1d156f5655d415) Importer(815301076,1909f56bfc062723c751e8b465ee728b)
Start importing Assets/SaveDataEditorTool.cs using Guid(733e7f08a39762746b1d156f5655d415) Importer(815301076,1909f56bfc062723c751e8b465ee728b) [PhysX] Initialized MultithreadedTaskDispatcher with 4 workers.
 -> (artifact id: '00000000000000000000000000000000') in 0.001103 seconds
Import Error Code:(4)
Message: Build asset version error: assets/savedataeditortool.cs in SourceAssetDB has modification time of '2026-04-01T10:29:20.2429658Z' while content on disk has modification time of '2026-04-01T10:29:21.1627251Z'
  ERROR: Build asset version error: assets/savedataeditortool.cs in SourceAssetDB has modification time of '2026-04-01T10:29:20.2429658Z' while content on disk has modification time of '2026-04-01T10:29:21.1627251Z'
Number of updated asset objects reloaded before import = 0
Number of asset objects unloaded after import = 0
========================================================================
Received Import Request.
  Time since last request: 0.018400 seconds.
  path: Assets/SaveDataEditorTool.cs
  artifactKey: Guid(733e7f08a39762746b1d156f5655d415) Importer(815301076,1909f56bfc062723c751e8b465ee728b)
Start importing Assets/SaveDataEditorTool.cs using Guid(733e7f08a39762746b1d156f5655d415) Importer(815301076,1909f56bfc062723c751e8b465ee728b) [PhysX] Initialized MultithreadedTaskDispatcher with 4 workers.
 -> (artifact id: '00000000000000000000000000000000') in 0.002065 seconds
Import Error Code:(4)
Message: Build asset version error: assets/savedataeditortool.cs in SourceAssetDB has modification time of '2026-04-01T10:29:20.2429658Z' while content on disk has modification time of '2026-04-01T10:29:21.1627251Z'
  ERROR: Build asset version error: assets/savedataeditortool.cs in SourceAssetDB has modification time of '2026-04-01T10:29:20.2429658Z' while content on disk has modification time of '2026-04-01T10:29:21.1627251Z'
Number of updated asset objects reloaded before import = 0
Number of asset objects unloaded after import = 0
========================================================================
Received Import Request.
  Time since last request: 0.006805 seconds.
  path: Assets/SaveDataEditorTool.cs
  artifactKey: Guid(733e7f08a39762746b1d156f5655d415) Importer(815301076,1909f56bfc062723c751e8b465ee728b)
Start importing Assets/SaveDataEditorTool.cs using Guid(733e7f08a39762746b1d156f5655d415) Importer(815301076,1909f56bfc062723c751e8b465ee728b) [PhysX] Initialized MultithreadedTaskDispatcher with 4 workers.
 -> (artifact id: '00000000000000000000000000000000') in 0.001238 seconds
Import Error Code:(4)
Message: Build asset version error: assets/savedataeditortool.cs in SourceAssetDB has modification time of '2026-04-01T10:29:20.2429658Z' while content on disk has modification time of '2026-04-01T10:29:21.1627251Z'
  ERROR: Build asset version error: assets/savedataeditortool.cs in SourceAssetDB has modification time of '2026-04-01T10:29:20.2429658Z' while content on disk has modification time of '2026-04-01T10:29:21.1627251Z'
Number of updated asset objects reloaded before import = 0
Number of asset objects unloaded after import = 0
========================================================================
Received Import Request.
  Time since last request: 0.016263 seconds.
  path: Assets/SaveDataEditorTool.cs
  artifactKey: Guid(733e7f08a39762746b1d156f5655d415) Importer(815301076,1909f56bfc062723c751e8b465ee728b)
Start importing Assets/SaveDataEditorTool.cs using Guid(733e7f08a39762746b1d156f5655d415) Importer(815301076,1909f56bfc062723c751e8b465ee728b) [PhysX] Initialized MultithreadedTaskDispatcher with 4 workers.
 -> (artifact id: '00000000000000000000000000000000') in 0.001093 seconds
Import Error Code:(4)
Message: Build asset version error: assets/savedataeditortool.cs in SourceAssetDB has modification time of '2026-04-01T10:29:20.2429658Z' while content on disk has modification time of '2026-04-01T10:29:21.1627251Z'
  ERROR: Build asset version error: assets/savedataeditortool.cs in SourceAssetDB has modification time of '2026-04-01T10:29:20.2429658Z' while content on disk has modification time of '2026-04-01T10:29:21.1627251Z'
Number of updated asset objects reloaded before import = 0
Number of asset objects unloaded after import = 0
========================================================================
Received Import Request.
  Time since last request: 0.017366 seconds.
  path: Assets/SaveDataEditorTool.cs
  artifactKey: Guid(733e7f08a39762746b1d156f5655d415) Importer(815301076,1909f56bfc062723c751e8b465ee728b)
Start importing Assets/SaveDataEditorTool.cs using Guid(733e7f08a39762746b1d156f5655d415) Importer(815301076,1909f56bfc062723c751e8b465ee728b) [PhysX] Initialized MultithreadedTaskDispatcher with 4 workers.
 -> (artifact id: '00000000000000000000000000000000') in 0.001137 seconds
Import Error Code:(4)
Message: Build asset version error: assets/savedataeditortool.cs in SourceAssetDB has modification time of '2026-04-01T10:29:20.2429658Z' while content on disk has modification time of '2026-04-01T10:29:21.1627251Z'
  ERROR: Build asset version error: assets/savedataeditortool.cs in SourceAssetDB has modification time of '2026-04-01T10:29:20.2429658Z' while content on disk has modification time of '2026-04-01T10:29:21.1627251Z'
Number of updated asset objects reloaded before import = 0
Number of asset objects unloaded after import = 0
========================================================================
Received Import Request.
  Time since last request: 0.019254 seconds.
  path: Assets/SaveDataEditorTool.cs
  artifactKey: Guid(733e7f08a39762746b1d156f5655d415) Importer(815301076,1909f56bfc062723c751e8b465ee728b)
Start importing Assets/SaveDataEditorTool.cs using Guid(733e7f08a39762746b1d156f5655d415) Importer(815301076,1909f56bfc062723c751e8b465ee728b) [PhysX] Initialized MultithreadedTaskDispatcher with 4 workers.
 -> (artifact id: '00000000000000000000000000000000') in 0.001255 seconds
Import Error Code:(4)
Message: Build asset version error: assets/savedataeditortool.cs in SourceAssetDB has modification time of '2026-04-01T10:29:20.2429658Z' while content on disk has modification time of '2026-04-01T10:29:21.1627251Z'
  ERROR: Build asset version error: assets/savedataeditortool.cs in SourceAssetDB has modification time of '2026-04-01T10:29:20.2429658Z' while content on disk has modification time of '2026-04-01T10:29:21.1627251Z'
Number of updated asset objects reloaded before import = 0
Number of asset objects unloaded after import = 0
========================================================================
Received Import Request.
  Time since last request: 0.017014 seconds.
  path: Assets/SaveDataEditorTool.cs
  artifactKey: Guid(733e7f08a39762746b1d156f5655d415) Importer(815301076,1909f56bfc062723c751e8b465ee728b)
Start importing Assets/SaveDataEditorTool.cs using Guid(733e7f08a39762746b1d156f5655d415) Importer(815301076,1909f56bfc062723c751e8b465ee728b) [PhysX] Initialized MultithreadedTaskDispatcher with 4 workers.
 -> (artifact id: '00000000000000000000000000000000') in 0.001225 seconds
Import Error Code:(4)
Message: Build asset version error: assets/savedataeditortool.cs in SourceAssetDB has modification time of '2026-04-01T10:29:20.2429658Z' while content on disk has modification time of '2026-04-01T10:29:21.1627251Z'
  ERROR: Build asset version error: assets/savedataeditortool.cs in SourceAssetDB has modification time of '2026-04-01T10:29:20.2429658Z' while content on disk has modification time of '2026-04-01T10:29:21.1627251Z'
Number of updated asset objects reloaded before import = 0
Number of asset objects unloaded after import = 0
========================================================================
Received Import Request.
  Time since last request: 0.016992 seconds.
  path: Assets/SaveDataEditorTool.cs
  artifactKey: Guid(733e7f08a39762746b1d156f5655d415) Importer(815301076,1909f56bfc062723c751e8b465ee728b)
Start importing Assets/SaveDataEditorTool.cs using Guid(733e7f08a39762746b1d156f5655d415) Importer(815301076,1909f56bfc062723c751e8b465ee728b) [PhysX] Initialized MultithreadedTaskDispatcher with 4 workers.
 -> (artifact id: '00000000000000000000000000000000') in 0.001451 seconds
Import Error Code:(4)
Message: Build asset version error: assets/savedataeditortool.cs in SourceAssetDB has modification time of '2026-04-01T10:29:20.2429658Z' while content on disk has modification time of '2026-04-01T10:29:21.1627251Z'
  ERROR: Build asset version error: assets/savedataeditortool.cs in SourceAssetDB has modification time of '2026-04-01T10:29:20.2429658Z' while content on disk has modification time of '2026-04-01T10:29:21.1627251Z'
Number of updated asset objects reloaded before import = 0
Number of asset objects unloaded after import = 0
========================================================================
Received Import Request.
  Time since last request: 0.016496 seconds.
  path: Assets/SaveDataEditorTool.cs
  artifactKey: Guid(733e7f08a39762746b1d156f5655d415) Importer(815301076,1909f56bfc062723c751e8b465ee728b)
Start importing Assets/SaveDataEditorTool.cs using Guid(733e7f08a39762746b1d156f5655d415) Importer(815301076,1909f56bfc062723c751e8b465ee728b) [PhysX] Initialized MultithreadedTaskDispatcher with 4 workers.
 -> (artifact id: '00000000000000000000000000000000') in 0.001130 seconds
Import Error Code:(4)
Message: Build asset version error: assets/savedataeditortool.cs in SourceAssetDB has modification time of '2026-04-01T10:29:20.2429658Z' while content on disk has modification time of '2026-04-01T10:29:21.1627251Z'
  ERROR: Build asset version error: assets/savedataeditortool.cs in SourceAssetDB has modification time of '2026-04-01T10:29:20.2429658Z' while content on disk has modification time of '2026-04-01T10:29:21.1627251Z'
Number of updated asset objects reloaded before import = 0
Number of asset objects unloaded after import = 0
========================================================================
Received Import Request.
  Time since last request: 0.017081 seconds.
  path: Assets/SaveDataEditorTool.cs
  artifactKey: Guid(733e7f08a39762746b1d156f5655d415) Importer(815301076,1909f56bfc062723c751e8b465ee728b)
Start importing Assets/SaveDataEditorTool.cs using Guid(733e7f08a39762746b1d156f5655d415) Importer(815301076,1909f56bfc062723c751e8b465ee728b) [PhysX] Initialized MultithreadedTaskDispatcher with 4 workers.
 -> (artifact id: '00000000000000000000000000000000') in 0.001473 seconds
Import Error Code:(4)
Message: Build asset version error: assets/savedataeditortool.cs in SourceAssetDB has modification time of '2026-04-01T10:29:20.2429658Z' while content on disk has modification time of '2026-04-01T10:29:21.1627251Z'
  ERROR: Build asset version error: assets/savedataeditortool.cs in SourceAssetDB has modification time of '2026-04-01T10:29:20.2429658Z' while content on disk has modification time of '2026-04-01T10:29:21.1627251Z'
Number of updated asset objects reloaded before import = 0
Number of asset objects unloaded after import = 0
========================================================================
Received Import Request.
  Time since last request: 0.010218 seconds.
  path: Assets/SaveDataEditorTool.cs
  artifactKey: Guid(733e7f08a39762746b1d156f5655d415) Importer(815301076,1909f56bfc062723c751e8b465ee728b)
Start importing Assets/SaveDataEditorTool.cs using Guid(733e7f08a39762746b1d156f5655d415) Importer(815301076,1909f56bfc062723c751e8b465ee728b) [PhysX] Initialized MultithreadedTaskDispatcher with 4 workers.
 -> (artifact id: '00000000000000000000000000000000') in 0.003132 seconds
Import Error Code:(4)
Message: Build asset version error: assets/savedataeditortool.cs in SourceAssetDB has modification time of '2026-04-01T10:29:20.2429658Z' while content on disk has modification time of '2026-04-01T10:29:21.1627251Z'
  ERROR: Build asset version error: assets/savedataeditortool.cs in SourceAssetDB has modification time of '2026-04-01T10:29:20.2429658Z' while content on disk has modification time of '2026-04-01T10:29:21.1627251Z'
Number of updated asset objects reloaded before import = 0
Number of asset objects unloaded after import = 0
========================================================================
Received Import Request.
  Time since last request: 0.012140 seconds.
  path: Assets/SaveDataEditorTool.cs
  artifactKey: Guid(733e7f08a39762746b1d156f5655d415) Importer(815301076,1909f56bfc062723c751e8b465ee728b)
Start importing Assets/SaveDataEditorTool.cs using Guid(733e7f08a39762746b1d156f5655d415) Importer(815301076,1909f56bfc062723c751e8b465ee728b) [PhysX] Initialized MultithreadedTaskDispatcher with 4 workers.
 -> (artifact id: '00000000000000000000000000000000') in 0.001235 seconds
Import Error Code:(4)
Message: Build asset version error: assets/savedataeditortool.cs in SourceAssetDB has modification time of '2026-04-01T10:29:20.2429658Z' while content on disk has modification time of '2026-04-01T10:29:21.1627251Z'
  ERROR: Build asset version error: assets/savedataeditortool.cs in SourceAssetDB has modification time of '2026-04-01T10:29:20.2429658Z' while content on disk has modification time of '2026-04-01T10:29:21.1627251Z'
Number of updated asset objects reloaded before import = 0
Number of asset objects unloaded after import = 0
========================================================================
Received Import Request.
  Time since last request: 0.017022 seconds.
  path: Assets/SaveDataEditorTool.cs
  artifactKey: Guid(733e7f08a39762746b1d156f5655d415) Importer(815301076,1909f56bfc062723c751e8b465ee728b)
Start importing Assets/SaveDataEditorTool.cs using Guid(733e7f08a39762746b1d156f5655d415) Importer(815301076,1909f56bfc062723c751e8b465ee728b) [PhysX] Initialized MultithreadedTaskDispatcher with 4 workers.
 -> (artifact id: '00000000000000000000000000000000') in 0.001288 seconds
Import Error Code:(4)
Message: Build asset version error: assets/savedataeditortool.cs in SourceAssetDB has modification time of '2026-04-01T10:29:20.2429658Z' while content on disk has modification time of '2026-04-01T10:29:21.1627251Z'
  ERROR: Build asset version error: assets/savedataeditortool.cs in SourceAssetDB has modification time of '2026-04-01T10:29:20.2429658Z' while content on disk has modification time of '2026-04-01T10:29:21.1627251Z'
Number of updated asset objects reloaded before import = 0
Number of asset objects unloaded after import = 0
========================================================================
Received Import Request.
  Time since last request: 0.016941 seconds.
  path: Assets/SaveDataEditorTool.cs
  artifactKey: Guid(733e7f08a39762746b1d156f5655d415) Importer(815301076,1909f56bfc062723c751e8b465ee728b)
Start importing Assets/SaveDataEditorTool.cs using Guid(733e7f08a39762746b1d156f5655d415) Importer(815301076,1909f56bfc062723c751e8b465ee728b) [PhysX] Initialized MultithreadedTaskDispatcher with 4 workers.
 -> (artifact id: '00000000000000000000000000000000') in 0.001241 seconds
Import Error Code:(4)
Message: Build asset version error: assets/savedataeditortool.cs in SourceAssetDB has modification time of '2026-04-01T10:29:20.2429658Z' while content on disk has modification time of '2026-04-01T10:29:21.1627251Z'
  ERROR: Build asset version error: assets/savedataeditortool.cs in SourceAssetDB has modification time of '2026-04-01T10:29:20.2429658Z' while content on disk has modification time of '2026-04-01T10:29:21.1627251Z'
Number of updated asset objects reloaded before import = 0
Number of asset objects unloaded after import = 0
========================================================================
Received Import Request.
  Time since last request: 0.017062 seconds.
  path: Assets/SaveDataEditorTool.cs
  artifactKey: Guid(733e7f08a39762746b1d156f5655d415) Importer(815301076,1909f56bfc062723c751e8b465ee728b)
Start importing Assets/SaveDataEditorTool.cs using Guid(733e7f08a39762746b1d156f5655d415) Importer(815301076,1909f56bfc062723c751e8b465ee728b) [PhysX] Initialized MultithreadedTaskDispatcher with 4 workers.
 -> (artifact id: '00000000000000000000000000000000') in 0.001486 seconds
Import Error Code:(4)
Message: Build asset version error: assets/savedataeditortool.cs in SourceAssetDB has modification time of '2026-04-01T10:29:20.2429658Z' while content on disk has modification time of '2026-04-01T10:29:21.1627251Z'
  ERROR: Build asset version error: assets/savedataeditortool.cs in SourceAssetDB has modification time of '2026-04-01T10:29:20.2429658Z' while content on disk has modification time of '2026-04-01T10:29:21.1627251Z'
Number of updated asset objects reloaded before import = 0
Number of asset objects unloaded after import = 0
========================================================================
Received Import Request.
  Time since last request: 0.016928 seconds.
  path: Assets/SaveDataEditorTool.cs
  artifactKey: Guid(733e7f08a39762746b1d156f5655d415) Importer(815301076,1909f56bfc062723c751e8b465ee728b)
Start importing Assets/SaveDataEditorTool.cs using Guid(733e7f08a39762746b1d156f5655d415) Importer(815301076,1909f56bfc062723c751e8b465ee728b) [PhysX] Initialized MultithreadedTaskDispatcher with 4 workers.
 -> (artifact id: '00000000000000000000000000000000') in 0.001303 seconds
Import Error Code:(4)
Message: Build asset version error: assets/savedataeditortool.cs in SourceAssetDB has modification time of '2026-04-01T10:29:20.2429658Z' while content on disk has modification time of '2026-04-01T10:29:21.1627251Z'
  ERROR: Build asset version error: assets/savedataeditortool.cs in SourceAssetDB has modification time of '2026-04-01T10:29:20.2429658Z' while content on disk has modification time of '2026-04-01T10:29:21.1627251Z'
Number of updated asset objects reloaded before import = 0
Number of asset objects unloaded after import = 0
========================================================================
Received Import Request.
  Time since last request: 0.052577 seconds.
  path: Assets/SaveDataEditorTool.cs
  artifactKey: Guid(733e7f08a39762746b1d156f5655d415) Importer(815301076,1909f56bfc062723c751e8b465ee728b)
Start importing Assets/SaveDataEditorTool.cs using Guid(733e7f08a39762746b1d156f5655d415) Importer(815301076,1909f56bfc062723c751e8b465ee728b) [PhysX] Initialized MultithreadedTaskDispatcher with 4 workers.
 -> (artifact id: '00000000000000000000000000000000') in 0.002425 seconds
Import Error Code:(4)
Message: Build asset version error: assets/savedataeditortool.cs in SourceAssetDB has modification time of '2026-04-01T10:29:20.2429658Z' while content on disk has modification time of '2026-04-01T10:29:21.1627251Z'
  ERROR: Build asset version error: assets/savedataeditortool.cs in SourceAssetDB has modification time of '2026-04-01T10:29:20.2429658Z' while content on disk has modification time of '2026-04-01T10:29:21.1627251Z'
Number of updated asset objects reloaded before import = 0
Number of asset objects unloaded after import = 0
========================================================================
Received Import Request.
  Time since last request: 0.007795 seconds.
  path: Assets/SaveDataEditorTool.cs
  artifactKey: Guid(733e7f08a39762746b1d156f5655d415) Importer(815301076,1909f56bfc062723c751e8b465ee728b)
Start importing Assets/SaveDataEditorTool.cs using Guid(733e7f08a39762746b1d156f5655d415) Importer(815301076,1909f56bfc062723c751e8b465ee728b) [PhysX] Initialized MultithreadedTaskDispatcher with 4 workers.
 -> (artifact id: '00000000000000000000000000000000') in 0.002047 seconds
Import Error Code:(4)
Message: Build asset version error: assets/savedataeditortool.cs in SourceAssetDB has modification time of '2026-04-01T10:29:20.2429658Z' while content on disk has modification time of '2026-04-01T10:29:21.1627251Z'
  ERROR: Build asset version error: assets/savedataeditortool.cs in SourceAssetDB has modification time of '2026-04-01T10:29:20.2429658Z' while content on disk has modification time of '2026-04-01T10:29:21.1627251Z'
Number of updated asset objects reloaded before import = 0
Number of asset objects unloaded after import = 0
========================================================================
Received Import Request.
  Time since last request: 0.009213 seconds.
  path: Assets/SaveDataEditorTool.cs
  artifactKey: Guid(733e7f08a39762746b1d156f5655d415) Importer(815301076,1909f56bfc062723c751e8b465ee728b)
Start importing Assets/SaveDataEditorTool.cs using Guid(733e7f08a39762746b1d156f5655d415) Importer(815301076,1909f56bfc062723c751e8b465ee728b) [PhysX] Initialized MultithreadedTaskDispatcher with 4 workers.
 -> (artifact id: '00000000000000000000000000000000') in 0.001109 seconds
Import Error Code:(4)
Message: Build asset version error: assets/savedataeditortool.cs in SourceAssetDB has modification time of '2026-04-01T10:29:20.2429658Z' while content on disk has modification time of '2026-04-01T10:29:21.1627251Z'
  ERROR: Build asset version error: assets/savedataeditortool.cs in SourceAssetDB has modification time of '2026-04-01T10:29:20.2429658Z' while content on disk has modification time of '2026-04-01T10:29:21.1627251Z'
Number of updated asset objects reloaded before import = 0
Number of asset objects unloaded after import = 0
========================================================================
Received Import Request.
  Time since last request: 0.018937 seconds.
  path: Assets/SaveDataEditorTool.cs
  artifactKey: Guid(733e7f08a39762746b1d156f5655d415) Importer(815301076,1909f56bfc062723c751e8b465ee728b)
Start importing Assets/SaveDataEditorTool.cs using Guid(733e7f08a39762746b1d156f5655d415) Importer(815301076,1909f56bfc062723c751e8b465ee728b) [PhysX] Initialized MultithreadedTaskDispatcher with 4 workers.
 -> (artifact id: '00000000000000000000000000000000') in 0.001106 seconds
Import Error Code:(4)
Message: Build asset version error: assets/savedataeditortool.cs in SourceAssetDB has modification time of '2026-04-01T10:29:20.2429658Z' while content on disk has modification time of '2026-04-01T10:29:21.1627251Z'
  ERROR: Build asset version error: assets/savedataeditortool.cs in SourceAssetDB has modification time of '2026-04-01T10:29:20.2429658Z' while content on disk has modification time of '2026-04-01T10:29:21.1627251Z'
Number of updated asset objects reloaded before import = 0
Number of asset objects unloaded after import = 0
========================================================================
Received Import Request.
  Time since last request: 0.017525 seconds.
  path: Assets/SaveDataEditorTool.cs
  artifactKey: Guid(733e7f08a39762746b1d156f5655d415) Importer(815301076,1909f56bfc062723c751e8b465ee728b)
Start importing Assets/SaveDataEditorTool.cs using Guid(733e7f08a39762746b1d156f5655d415) Importer(815301076,1909f56bfc062723c751e8b465ee728b) [PhysX] Initialized MultithreadedTaskDispatcher with 4 workers.
 -> (artifact id: '00000000000000000000000000000000') in 0.001254 seconds
Import Error Code:(4)
Message: Build asset version error: assets/savedataeditortool.cs in SourceAssetDB has modification time of '2026-04-01T10:29:20.2429658Z' while content on disk has modification time of '2026-04-01T10:29:21.1627251Z'
  ERROR: Build asset version error: assets/savedataeditortool.cs in SourceAssetDB has modification time of '2026-04-01T10:29:20.2429658Z' while content on disk has modification time of '2026-04-01T10:29:21.1627251Z'
Number of updated asset objects reloaded before import = 0
Number of asset objects unloaded after import = 0
========================================================================
Received Import Request.
  Time since last request: 0.007025 seconds.
  path: Assets/SaveDataEditorTool.cs
  artifactKey: Guid(733e7f08a39762746b1d156f5655d415) Importer(815301076,1909f56bfc062723c751e8b465ee728b)
Start importing Assets/SaveDataEditorTool.cs using Guid(733e7f08a39762746b1d156f5655d415) Importer(815301076,1909f56bfc062723c751e8b465ee728b) [PhysX] Initialized MultithreadedTaskDispatcher with 4 workers.
 -> (artifact id: '00000000000000000000000000000000') in 0.001256 seconds
Import Error Code:(4)
Message: Build asset version error: assets/savedataeditortool.cs in SourceAssetDB has modification time of '2026-04-01T10:29:20.2429658Z' while content on disk has modification time of '2026-04-01T10:29:21.1627251Z'
  ERROR: Build asset version error: assets/savedataeditortool.cs in SourceAssetDB has modification time of '2026-04-01T10:29:20.2429658Z' while content on disk has modification time of '2026-04-01T10:29:21.1627251Z'
Number of updated asset objects reloaded before import = 0
Number of asset objects unloaded after import = 0
========================================================================
Received Import Request.
  Time since last request: 0.019592 seconds.
  path: Assets/SaveDataEditorTool.cs
  artifactKey: Guid(733e7f08a39762746b1d156f5655d415) Importer(815301076,1909f56bfc062723c751e8b465ee728b)
Start importing Assets/SaveDataEditorTool.cs using Guid(733e7f08a39762746b1d156f5655d415) Importer(815301076,1909f56bfc062723c751e8b465ee728b) [PhysX] Initialized MultithreadedTaskDispatcher with 4 workers.
 -> (artifact id: '00000000000000000000000000000000') in 0.001126 seconds
Import Error Code:(4)
Message: Build asset version error: assets/savedataeditortool.cs in SourceAssetDB has modification time of '2026-04-01T10:29:20.2429658Z' while content on disk has modification time of '2026-04-01T10:29:21.1627251Z'
  ERROR: Build asset version error: assets/savedataeditortool.cs in SourceAssetDB has modification time of '2026-04-01T10:29:20.2429658Z' while content on disk has modification time of '2026-04-01T10:29:21.1627251Z'
Number of updated asset objects reloaded before import = 0
Number of asset objects unloaded after import = 0
========================================================================
Received Import Request.
  Time since last request: 0.017217 seconds.
  path: Assets/SaveDataEditorTool.cs
  artifactKey: Guid(733e7f08a39762746b1d156f5655d415) Importer(815301076,1909f56bfc062723c751e8b465ee728b)
Start importing Assets/SaveDataEditorTool.cs using Guid(733e7f08a39762746b1d156f5655d415) Importer(815301076,1909f56bfc062723c751e8b465ee728b) [PhysX] Initialized MultithreadedTaskDispatcher with 4 workers.
 -> (artifact id: '00000000000000000000000000000000') in 0.001456 seconds
Import Error Code:(4)
Message: Build asset version error: assets/savedataeditortool.cs in SourceAssetDB has modification time of '2026-04-01T10:29:20.2429658Z' while content on disk has modification time of '2026-04-01T10:29:21.1627251Z'
  ERROR: Build asset version error: assets/savedataeditortool.cs in SourceAssetDB has modification time of '2026-04-01T10:29:20.2429658Z' while content on disk has modification time of '2026-04-01T10:29:21.1627251Z'
Number of updated asset objects reloaded before import = 0
Number of asset objects unloaded after import = 0
========================================================================
Received Import Request.
  Time since last request: 0.003012 seconds.
  path: Assets/SaveDataEditorTool.cs
  artifactKey: Guid(733e7f08a39762746b1d156f5655d415) Importer(815301076,1909f56bfc062723c751e8b465ee728b)
Start importing Assets/SaveDataEditorTool.cs using Guid(733e7f08a39762746b1d156f5655d415) Importer(815301076,1909f56bfc062723c751e8b465ee728b) [PhysX] Initialized MultithreadedTaskDispatcher with 4 workers.
 -> (artifact id: '00000000000000000000000000000000') in 0.001242 seconds
Import Error Code:(4)
Message: Build asset version error: assets/savedataeditortool.cs in SourceAssetDB has modification time of '2026-04-01T10:29:20.2429658Z' while content on disk has modification time of '2026-04-01T10:29:21.1627251Z'
  ERROR: Build asset version error: assets/savedataeditortool.cs in SourceAssetDB has modification time of '2026-04-01T10:29:20.2429658Z' while content on disk has modification time of '2026-04-01T10:29:21.1627251Z'
Number of updated asset objects reloaded before import = 0
Number of asset objects unloaded after import = 0
========================================================================
Received Import Request.
  Time since last request: 0.016802 seconds.
  path: Assets/SaveDataEditorTool.cs
  artifactKey: Guid(733e7f08a39762746b1d156f5655d415) Importer(815301076,1909f56bfc062723c751e8b465ee728b)
Start importing Assets/SaveDataEditorTool.cs using Guid(733e7f08a39762746b1d156f5655d415) Importer(815301076,1909f56bfc062723c751e8b465ee728b) [PhysX] Initialized MultithreadedTaskDispatcher with 4 workers.
 -> (artifact id: '00000000000000000000000000000000') in 0.001147 seconds
Import Error Code:(4)
Message: Build asset version error: assets/savedataeditortool.cs in SourceAssetDB has modification time of '2026-04-01T10:29:20.2429658Z' while content on disk has modification time of '2026-04-01T10:29:21.1627251Z'
  ERROR: Build asset version error: assets/savedataeditortool.cs in SourceAssetDB has modification time of '2026-04-01T10:29:20.2429658Z' while content on disk has modification time of '2026-04-01T10:29:21.1627251Z'
Number of updated asset objects reloaded before import = 0
Number of asset objects unloaded after import = 0
========================================================================
Received Import Request.
  Time since last request: 0.017016 seconds.
  path: Assets/SaveDataEditorTool.cs
  artifactKey: Guid(733e7f08a39762746b1d156f5655d415) Importer(815301076,1909f56bfc062723c751e8b465ee728b)
Start importing Assets/SaveDataEditorTool.cs using Guid(733e7f08a39762746b1d156f5655d415) Importer(815301076,1909f56bfc062723c751e8b465ee728b) [PhysX] Initialized MultithreadedTaskDispatcher with 4 workers.
 -> (artifact id: '00000000000000000000000000000000') in 0.001225 seconds
Import Error Code:(4)
Message: Build asset version error: assets/savedataeditortool.cs in SourceAssetDB has modification time of '2026-04-01T10:29:20.2429658Z' while content on disk has modification time of '2026-04-01T10:29:21.1627251Z'
  ERROR: Build asset version error: assets/savedataeditortool.cs in SourceAssetDB has modification time of '2026-04-01T10:29:20.2429658Z' while content on disk has modification time of '2026-04-01T10:29:21.1627251Z'
Number of updated asset objects reloaded before import = 0
Number of asset objects unloaded after import = 0
========================================================================
Received Import Request.
  Time since last request: 0.017570 seconds.
  path: Assets/SaveDataEditorTool.cs
  artifactKey: Guid(733e7f08a39762746b1d156f5655d415) Importer(815301076,1909f56bfc062723c751e8b465ee728b)
Start importing Assets/SaveDataEditorTool.cs using Guid(733e7f08a39762746b1d156f5655d415) Importer(815301076,1909f56bfc062723c751e8b465ee728b) [PhysX] Initialized MultithreadedTaskDispatcher with 4 workers.
 -> (artifact id: '00000000000000000000000000000000') in 0.000964 seconds
Import Error Code:(4)
Message: Build asset version error: assets/savedataeditortool.cs in SourceAssetDB has modification time of '2026-04-01T10:29:20.2429658Z' while content on disk has modification time of '2026-04-01T10:29:21.1627251Z'
  ERROR: Build asset version error: assets/savedataeditortool.cs in SourceAssetDB has modification time of '2026-04-01T10:29:20.2429658Z' while content on disk has modification time of '2026-04-01T10:29:21.1627251Z'
Number of updated asset objects reloaded before import = 0
Number of asset objects unloaded after import = 0
========================================================================
Received Import Request.
  Time since last request: 0.024501 seconds.
  path: Assets/SaveDataEditorTool.cs
  artifactKey: Guid(733e7f08a39762746b1d156f5655d415) Importer(815301076,1909f56bfc062723c751e8b465ee728b)
Start importing Assets/SaveDataEditorTool.cs using Guid(733e7f08a39762746b1d156f5655d415) Importer(815301076,1909f56bfc062723c751e8b465ee728b) [PhysX] Initialized MultithreadedTaskDispatcher with 4 workers.
 -> (artifact id: '00000000000000000000000000000000') in 0.000932 seconds
Import Error Code:(4)
Message: Build asset version error: assets/savedataeditortool.cs in SourceAssetDB has modification time of '2026-04-01T10:29:20.2429658Z' while content on disk has modification time of '2026-04-01T10:29:21.1627251Z'
  ERROR: Build asset version error: assets/savedataeditortool.cs in SourceAssetDB has modification time of '2026-04-01T10:29:20.2429658Z' while content on disk has modification time of '2026-04-01T10:29:21.1627251Z'
Number of updated asset objects reloaded before import = 0
Number of asset objects unloaded after import = 0
========================================================================
Received Import Request.
  Time since last request: 0.001267 seconds.
  path: Assets/SaveDataEditorTool.cs
  artifactKey: Guid(733e7f08a39762746b1d156f5655d415) Importer(815301076,1909f56bfc062723c751e8b465ee728b)
Start importing Assets/SaveDataEditorTool.cs using Guid(733e7f08a39762746b1d156f5655d415) Importer(815301076,1909f56bfc062723c751e8b465ee728b) [PhysX] Initialized MultithreadedTaskDispatcher with 4 workers.
 -> (artifact id: '00000000000000000000000000000000') in 0.002151 seconds
Import Error Code:(4)
Message: Build asset version error: assets/savedataeditortool.cs in SourceAssetDB has modification time of '2026-04-01T10:29:20.2429658Z' while content on disk has modification time of '2026-04-01T10:29:21.1627251Z'
  ERROR: Build asset version error: assets/savedataeditortool.cs in SourceAssetDB has modification time of '2026-04-01T10:29:20.2429658Z' while content on disk has modification time of '2026-04-01T10:29:21.1627251Z'
Number of updated asset objects reloaded before import = 0
Number of asset objects unloaded after import = 0
========================================================================
Received Import Request.
  Time since last request: 0.024996 seconds.
  path: Assets/SaveDataEditorTool.cs
  artifactKey: Guid(733e7f08a39762746b1d156f5655d415) Importer(815301076,1909f56bfc062723c751e8b465ee728b)
Start importing Assets/SaveDataEditorTool.cs using Guid(733e7f08a39762746b1d156f5655d415) Importer(815301076,1909f56bfc062723c751e8b465ee728b) [PhysX] Initialized MultithreadedTaskDispatcher with 4 workers.
 -> (artifact id: '00000000000000000000000000000000') in 0.002272 seconds
Import Error Code:(4)
Message: Build asset version error: assets/savedataeditortool.cs in SourceAssetDB has modification time of '2026-04-01T10:29:20.2429658Z' while content on disk has modification time of '2026-04-01T10:29:21.1627251Z'
  ERROR: Build asset version error: assets/savedataeditortool.cs in SourceAssetDB has modification time of '2026-04-01T10:29:20.2429658Z' while content on disk has modification time of '2026-04-01T10:29:21.1627251Z'
Number of updated asset objects reloaded before import = 0
Number of asset objects unloaded after import = 0
========================================================================
Received Import Request.
  Time since last request: 0.016758 seconds.
  path: Assets/SaveDataEditorTool.cs
  artifactKey: Guid(733e7f08a39762746b1d156f5655d415) Importer(815301076,1909f56bfc062723c751e8b465ee728b)
Start importing Assets/SaveDataEditorTool.cs using Guid(733e7f08a39762746b1d156f5655d415) Importer(815301076,1909f56bfc062723c751e8b465ee728b) [PhysX] Initialized MultithreadedTaskDispatcher with 4 workers.
 -> (artifact id: '00000000000000000000000000000000') in 0.001134 seconds
Import Error Code:(4)
Message: Build asset version error: assets/savedataeditortool.cs in SourceAssetDB has modification time of '2026-04-01T10:29:20.2429658Z' while content on disk has modification time of '2026-04-01T10:29:21.1627251Z'
  ERROR: Build asset version error: assets/savedataeditortool.cs in SourceAssetDB has modification time of '2026-04-01T10:29:20.2429658Z' while content on disk has modification time of '2026-04-01T10:29:21.1627251Z'
Number of updated asset objects reloaded before import = 0
Number of asset objects unloaded after import = 0
========================================================================
Received Import Request.
  Time since last request: 0.017558 seconds.
  path: Assets/SaveDataEditorTool.cs
  artifactKey: Guid(733e7f08a39762746b1d156f5655d415) Importer(815301076,1909f56bfc062723c751e8b465ee728b)
Start importing Assets/SaveDataEditorTool.cs using Guid(733e7f08a39762746b1d156f5655d415) Importer(815301076,1909f56bfc062723c751e8b465ee728b) [PhysX] Initialized MultithreadedTaskDispatcher with 4 workers.
 -> (artifact id: '00000000000000000000000000000000') in 0.001140 seconds
Import Error Code:(4)
Message: Build asset version error: assets/savedataeditortool.cs in SourceAssetDB has modification time of '2026-04-01T10:29:20.2429658Z' while content on disk has modification time of '2026-04-01T10:29:21.1627251Z'
  ERROR: Build asset version error: assets/savedataeditortool.cs in SourceAssetDB has modification time of '2026-04-01T10:29:20.2429658Z' while content on disk has modification time of '2026-04-01T10:29:21.1627251Z'
Number of updated asset objects reloaded before import = 0
Number of asset objects unloaded after import = 0
========================================================================
Received Import Request.
  Time since last request: 0.016722 seconds.
  path: Assets/SaveDataEditorTool.cs
  artifactKey: Guid(733e7f08a39762746b1d156f5655d415) Importer(815301076,1909f56bfc062723c751e8b465ee728b)
Start importing Assets/SaveDataEditorTool.cs using Guid(733e7f08a39762746b1d156f5655d415) Importer(815301076,1909f56bfc062723c751e8b465ee728b) [PhysX] Initialized MultithreadedTaskDispatcher with 4 workers.
 -> (artifact id: '00000000000000000000000000000000') in 0.001304 seconds
Import Error Code:(4)
Message: Build asset version error: assets/savedataeditortool.cs in SourceAssetDB has modification time of '2026-04-01T10:29:20.2429658Z' while content on disk has modification time of '2026-04-01T10:29:21.1627251Z'
  ERROR: Build asset version error: assets/savedataeditortool.cs in SourceAssetDB has modification time of '2026-04-01T10:29:20.2429658Z' while content on disk has modification time of '2026-04-01T10:29:21.1627251Z'
Number of updated asset objects reloaded before import = 0
Number of asset objects unloaded after import = 0
========================================================================
Received Import Request.
  Time since last request: 0.016620 seconds.
  path: Assets/SaveDataEditorTool.cs
  artifactKey: Guid(733e7f08a39762746b1d156f5655d415) Importer(815301076,1909f56bfc062723c751e8b465ee728b)
Start importing Assets/SaveDataEditorTool.cs using Guid(733e7f08a39762746b1d156f5655d415) Importer(815301076,1909f56bfc062723c751e8b465ee728b) [PhysX] Initialized MultithreadedTaskDispatcher with 4 workers.
 -> (artifact id: '00000000000000000000000000000000') in 0.001189 seconds
Import Error Code:(4)
Message: Build asset version error: assets/savedataeditortool.cs in SourceAssetDB has modification time of '2026-04-01T10:29:20.2429658Z' while content on disk has modification time of '2026-04-01T10:29:21.1627251Z'
  ERROR: Build asset version error: assets/savedataeditortool.cs in SourceAssetDB has modification time of '2026-04-01T10:29:20.2429658Z' while content on disk has modification time of '2026-04-01T10:29:21.1627251Z'
Number of updated asset objects reloaded before import = 0
Number of asset objects unloaded after import = 0
========================================================================
Received Import Request.
  Time since last request: 0.016587 seconds.
  path: Assets/SaveDataEditorTool.cs
  artifactKey: Guid(733e7f08a39762746b1d156f5655d415) Importer(815301076,1909f56bfc062723c751e8b465ee728b)
Start importing Assets/SaveDataEditorTool.cs using Guid(733e7f08a39762746b1d156f5655d415) Importer(815301076,1909f56bfc062723c751e8b465ee728b) [PhysX] Initialized MultithreadedTaskDispatcher with 4 workers.
 -> (artifact id: '00000000000000000000000000000000') in 0.001683 seconds
Import Error Code:(4)
Message: Build asset version error: assets/savedataeditortool.cs in SourceAssetDB has modification time of '2026-04-01T10:29:20.2429658Z' while content on disk has modification time of '2026-04-01T10:29:21.1627251Z'
  ERROR: Build asset version error: assets/savedataeditortool.cs in SourceAssetDB has modification time of '2026-04-01T10:29:20.2429658Z' while content on disk has modification time of '2026-04-01T10:29:21.1627251Z'
Number of updated asset objects reloaded before import = 0
Number of asset objects unloaded after import = 0
========================================================================
Received Import Request.
  Time since last request: 0.007137 seconds.
  path: Assets/SaveDataEditorTool.cs
  artifactKey: Guid(733e7f08a39762746b1d156f5655d415) Importer(815301076,1909f56bfc062723c751e8b465ee728b)
Start importing Assets/SaveDataEditorTool.cs using Guid(733e7f08a39762746b1d156f5655d415) Importer(815301076,1909f56bfc062723c751e8b465ee728b) [PhysX] Initialized MultithreadedTaskDispatcher with 4 workers.
 -> (artifact id: '00000000000000000000000000000000') in 0.001229 seconds
Import Error Code:(4)
Message: Build asset version error: assets/savedataeditortool.cs in SourceAssetDB has modification time of '2026-04-01T10:29:20.2429658Z' while content on disk has modification time of '2026-04-01T10:29:21.1627251Z'
  ERROR: Build asset version error: assets/savedataeditortool.cs in SourceAssetDB has modification time of '2026-04-01T10:29:20.2429658Z' while content on disk has modification time of '2026-04-01T10:29:21.1627251Z'
Number of updated asset objects reloaded before import = 0
Number of asset objects unloaded after import = 0
========================================================================
Received Import Request.
  Time since last request: 0.016915 seconds.
  path: Assets/SaveDataEditorTool.cs
  artifactKey: Guid(733e7f08a39762746b1d156f5655d415) Importer(815301076,1909f56bfc062723c751e8b465ee728b)
Start importing Assets/SaveDataEditorTool.cs using Guid(733e7f08a39762746b1d156f5655d415) Importer(815301076,1909f56bfc062723c751e8b465ee728b) [PhysX] Initialized MultithreadedTaskDispatcher with 4 workers.
 -> (artifact id: '00000000000000000000000000000000') in 0.001481 seconds
Import Error Code:(4)
Message: Build asset version error: assets/savedataeditortool.cs in SourceAssetDB has modification time of '2026-04-01T10:29:20.2429658Z' while content on disk has modification time of '2026-04-01T10:29:21.1627251Z'
  ERROR: Build asset version error: assets/savedataeditortool.cs in SourceAssetDB has modification time of '2026-04-01T10:29:20.2429658Z' while content on disk has modification time of '2026-04-01T10:29:21.1627251Z'
Number of updated asset objects reloaded before import = 0
Number of asset objects unloaded after import = 0
========================================================================
Received Import Request.
  Time since last request: 0.016770 seconds.
  path: Assets/SaveDataEditorTool.cs
  artifactKey: Guid(733e7f08a39762746b1d156f5655d415) Importer(815301076,1909f56bfc062723c751e8b465ee728b)
Start importing Assets/SaveDataEditorTool.cs using Guid(733e7f08a39762746b1d156f5655d415) Importer(815301076,1909f56bfc062723c751e8b465ee728b) [PhysX] Initialized MultithreadedTaskDispatcher with 4 workers.
 -> (artifact id: '00000000000000000000000000000000') in 0.001352 seconds
Import Error Code:(4)
Message: Build asset version error: assets/savedataeditortool.cs in SourceAssetDB has modification time of '2026-04-01T10:29:20.2429658Z' while content on disk has modification time of '2026-04-01T10:29:21.1627251Z'
  ERROR: Build asset version error: assets/savedataeditortool.cs in SourceAssetDB has modification time of '2026-04-01T10:29:20.2429658Z' while content on disk has modification time of '2026-04-01T10:29:21.1627251Z'
Number of updated asset objects reloaded before import = 0
Number of asset objects unloaded after import = 0
========================================================================
Received Import Request.
  Time since last request: 0.019747 seconds.
  path: Assets/SaveDataEditorTool.cs
  artifactKey: Guid(733e7f08a39762746b1d156f5655d415) Importer(815301076,1909f56bfc062723c751e8b465ee728b)
Start importing Assets/SaveDataEditorTool.cs using Guid(733e7f08a39762746b1d156f5655d415) Importer(815301076,1909f56bfc062723c751e8b465ee728b) [PhysX] Initialized MultithreadedTaskDispatcher with 4 workers.
 -> (artifact id: '00000000000000000000000000000000') in 0.002335 seconds
Import Error Code:(4)
Message: Build asset version error: assets/savedataeditortool.cs in SourceAssetDB has modification time of '2026-04-01T10:29:20.2429658Z' while content on disk has modification time of '2026-04-01T10:29:21.1627251Z'
  ERROR: Build asset version error: assets/savedataeditortool.cs in SourceAssetDB has modification time of '2026-04-01T10:29:20.2429658Z' while content on disk has modification time of '2026-04-01T10:29:21.1627251Z'
Number of updated asset objects reloaded before import = 0
Number of asset objects unloaded after import = 0
========================================================================
Received Import Request.
  Time since last request: 0.017823 seconds.
  path: Assets/SaveDataEditorTool.cs
  artifactKey: Guid(733e7f08a39762746b1d156f5655d415) Importer(815301076,1909f56bfc062723c751e8b465ee728b)
Start importing Assets/SaveDataEditorTool.cs using Guid(733e7f08a39762746b1d156f5655d415) Importer(815301076,1909f56bfc062723c751e8b465ee728b) [PhysX] Initialized MultithreadedTaskDispatcher with 4 workers.
 -> (artifact id: '00000000000000000000000000000000') in 0.001348 seconds
Import Error Code:(4)
Message: Build asset version error: assets/savedataeditortool.cs in SourceAssetDB has modification time of '2026-04-01T10:29:20.2429658Z' while content on disk has modification time of '2026-04-01T10:29:21.1627251Z'
  ERROR: Build asset version error: assets/savedataeditortool.cs in SourceAssetDB has modification time of '2026-04-01T10:29:20.2429658Z' while content on disk has modification time of '2026-04-01T10:29:21.1627251Z'
Number of updated asset objects reloaded before import = 0
Number of asset objects unloaded after import = 0
========================================================================
Received Import Request.
  Time since last request: 0.017137 seconds.
  path: Assets/SaveDataEditorTool.cs
  artifactKey: Guid(733e7f08a39762746b1d156f5655d415) Importer(815301076,1909f56bfc062723c751e8b465ee728b)
Start importing Assets/SaveDataEditorTool.cs using Guid(733e7f08a39762746b1d156f5655d415) Importer(815301076,1909f56bfc062723c751e8b465ee728b) [PhysX] Initialized MultithreadedTaskDispatcher with 4 workers.
 -> (artifact id: '00000000000000000000000000000000') in 0.001208 seconds
Import Error Code:(4)
Message: Build asset version error: assets/savedataeditortool.cs in SourceAssetDB has modification time of '2026-04-01T10:29:20.2429658Z' while content on disk has modification time of '2026-04-01T10:29:21.1627251Z'
  ERROR: Build asset version error: assets/savedataeditortool.cs in SourceAssetDB has modification time of '2026-04-01T10:29:20.2429658Z' while content on disk has modification time of '2026-04-01T10:29:21.1627251Z'
Number of updated asset objects reloaded before import = 0
Number of asset objects unloaded after import = 0
========================================================================
Received Import Request.
  Time since last request: 0.061958 seconds.
  path: Assets/SaveDataEditorTool.cs
  artifactKey: Guid(733e7f08a39762746b1d156f5655d415) Importer(815301076,1909f56bfc062723c751e8b465ee728b)
Start importing Assets/SaveDataEditorTool.cs using Guid(733e7f08a39762746b1d156f5655d415) Importer(815301076,1909f56bfc062723c751e8b465ee728b) [PhysX] Initialized MultithreadedTaskDispatcher with 4 workers.
 -> (artifact id: '00000000000000000000000000000000') in 0.002291 seconds
Import Error Code:(4)
Message: Build asset version error: assets/savedataeditortool.cs in SourceAssetDB has modification time of '2026-04-01T10:29:20.2429658Z' while content on disk has modification time of '2026-04-01T10:29:21.1627251Z'
  ERROR: Build asset version error: assets/savedataeditortool.cs in SourceAssetDB has modification time of '2026-04-01T10:29:20.2429658Z' while content on disk has modification time of '2026-04-01T10:29:21.1627251Z'
Number of updated asset objects reloaded before import = 0
Number of asset objects unloaded after import = 0
========================================================================
Received Import Request.
  Time since last request: 0.001061 seconds.
  path: Assets/SaveDataEditorTool.cs
  artifactKey: Guid(733e7f08a39762746b1d156f5655d415) Importer(815301076,1909f56bfc062723c751e8b465ee728b)
Start importing Assets/SaveDataEditorTool.cs using Guid(733e7f08a39762746b1d156f5655d415) Importer(815301076,1909f56bfc062723c751e8b465ee728b) [PhysX] Initialized MultithreadedTaskDispatcher with 4 workers.
 -> (artifact id: '00000000000000000000000000000000') in 0.001030 seconds
Import Error Code:(4)
Message: Build asset version error: assets/savedataeditortool.cs in SourceAssetDB has modification time of '2026-04-01T10:29:20.2429658Z' while content on disk has modification time of '2026-04-01T10:29:21.1627251Z'
  ERROR: Build asset version error: assets/savedataeditortool.cs in SourceAssetDB has modification time of '2026-04-01T10:29:20.2429658Z' while content on disk has modification time of '2026-04-01T10:29:21.1627251Z'
Number of updated asset objects reloaded before import = 0
Number of asset objects unloaded after import = 0
========================================================================
Received Import Request.
  Time since last request: 0.015336 seconds.
  path: Assets/SaveDataEditorTool.cs
  artifactKey: Guid(733e7f08a39762746b1d156f5655d415) Importer(815301076,1909f56bfc062723c751e8b465ee728b)
Start importing Assets/SaveDataEditorTool.cs using Guid(733e7f08a39762746b1d156f5655d415) Importer(815301076,1909f56bfc062723c751e8b465ee728b) [PhysX] Initialized MultithreadedTaskDispatcher with 4 workers.
 -> (artifact id: '00000000000000000000000000000000') in 0.001840 seconds
Import Error Code:(4)
Message: Build asset version error: assets/savedataeditortool.cs in SourceAssetDB has modification time of '2026-04-01T10:29:20.2429658Z' while content on disk has modification time of '2026-04-01T10:29:21.1627251Z'
  ERROR: Build asset version error: assets/savedataeditortool.cs in SourceAssetDB has modification time of '2026-04-01T10:29:20.2429658Z' while content on disk has modification time of '2026-04-01T10:29:21.1627251Z'
Number of updated asset objects reloaded before import = 0
Number of asset objects unloaded after import = 0
========================================================================
Received Import Request.
  Time since last request: 0.018062 seconds.
  path: Assets/SaveDataEditorTool.cs
  artifactKey: Guid(733e7f08a39762746b1d156f5655d415) Importer(815301076,1909f56bfc062723c751e8b465ee728b)
Start importing Assets/SaveDataEditorTool.cs using Guid(733e7f08a39762746b1d156f5655d415) Importer(815301076,1909f56bfc062723c751e8b465ee728b) [PhysX] Initialized MultithreadedTaskDispatcher with 4 workers.
 -> (artifact id: '00000000000000000000000000000000') in 0.001443 seconds
Import Error Code:(4)
Message: Build asset version error: assets/savedataeditortool.cs in SourceAssetDB has modification time of '2026-04-01T10:29:20.2429658Z' while content on disk has modification time of '2026-04-01T10:29:21.1627251Z'
  ERROR: Build asset version error: assets/savedataeditortool.cs in SourceAssetDB has modification time of '2026-04-01T10:29:20.2429658Z' while content on disk has modification time of '2026-04-01T10:29:21.1627251Z'
Number of updated asset objects reloaded before import = 0
Number of asset objects unloaded after import = 0
========================================================================
Received Import Request.
  Time since last request: 0.018313 seconds.
  path: Assets/SaveDataEditorTool.cs
  artifactKey: Guid(733e7f08a39762746b1d156f5655d415) Importer(815301076,1909f56bfc062723c751e8b465ee728b)
Start importing Assets/SaveDataEditorTool.cs using Guid(733e7f08a39762746b1d156f5655d415) Importer(815301076,1909f56bfc062723c751e8b465ee728b) [PhysX] Initialized MultithreadedTaskDispatcher with 4 workers.
 -> (artifact id: '00000000000000000000000000000000') in 0.001413 seconds
Import Error Code:(4)
Message: Build asset version error: assets/savedataeditortool.cs in SourceAssetDB has modification time of '2026-04-01T10:29:20.2429658Z' while content on disk has modification time of '2026-04-01T10:29:21.1627251Z'
  ERROR: Build asset version error: assets/savedataeditortool.cs in SourceAssetDB has modification time of '2026-04-01T10:29:20.2429658Z' while content on disk has modification time of '2026-04-01T10:29:21.1627251Z'
Number of updated asset objects reloaded before import = 0
Number of asset objects unloaded after import = 0
========================================================================
Received Import Request.
  Time since last request: 0.017695 seconds.
  path: Assets/SaveDataEditorTool.cs
  artifactKey: Guid(733e7f08a39762746b1d156f5655d415) Importer(815301076,1909f56bfc062723c751e8b465ee728b)
Start importing Assets/SaveDataEditorTool.cs using Guid(733e7f08a39762746b1d156f5655d415) Importer(815301076,1909f56bfc062723c751e8b465ee728b) [PhysX] Initialized MultithreadedTaskDispatcher with 4 workers.
 -> (artifact id: '00000000000000000000000000000000') in 0.001736 seconds
Import Error Code:(4)
Message: Build asset version error: assets/savedataeditortool.cs in SourceAssetDB has modification time of '2026-04-01T10:29:20.2429658Z' while content on disk has modification time of '2026-04-01T10:29:21.1627251Z'
  ERROR: Build asset version error: assets/savedataeditortool.cs in SourceAssetDB has modification time of '2026-04-01T10:29:20.2429658Z' while content on disk has modification time of '2026-04-01T10:29:21.1627251Z'
Number of updated asset objects reloaded before import = 0
Number of asset objects unloaded after import = 0
========================================================================
Received Import Request.
  Time since last request: 0.017089 seconds.
  path: Assets/SaveDataEditorTool.cs
  artifactKey: Guid(733e7f08a39762746b1d156f5655d415) Importer(815301076,1909f56bfc062723c751e8b465ee728b)
Start importing Assets/SaveDataEditorTool.cs using Guid(733e7f08a39762746b1d156f5655d415) Importer(815301076,1909f56bfc062723c751e8b465ee728b) [PhysX] Initialized MultithreadedTaskDispatcher with 4 workers.
 -> (artifact id: '00000000000000000000000000000000') in 0.001287 seconds
Import Error Code:(4)
Message: Build asset version error: assets/savedataeditortool.cs in SourceAssetDB has modification time of '2026-04-01T10:29:20.2429658Z' while content on disk has modification time of '2026-04-01T10:29:21.1627251Z'
  ERROR: Build asset version error: assets/savedataeditortool.cs in SourceAssetDB has modification time of '2026-04-01T10:29:20.2429658Z' while content on disk has modification time of '2026-04-01T10:29:21.1627251Z'
Number of updated asset objects reloaded before import = 0
Number of asset objects unloaded after import = 0
========================================================================
Received Import Request.
  Time since last request: 0.019201 seconds.
  path: Assets/SaveDataEditorTool.cs
  artifactKey: Guid(733e7f08a39762746b1d156f5655d415) Importer(815301076,1909f56bfc062723c751e8b465ee728b)
Start importing Assets/SaveDataEditorTool.cs using Guid(733e7f08a39762746b1d156f5655d415) Importer(815301076,1909f56bfc062723c751e8b465ee728b) [PhysX] Initialized MultithreadedTaskDispatcher with 4 workers.
 -> (artifact id: '00000000000000000000000000000000') in 0.001143 seconds
Import Error Code:(4)
Message: Build asset version error: assets/savedataeditortool.cs in SourceAssetDB has modification time of '2026-04-01T10:29:20.2429658Z' while content on disk has modification time of '2026-04-01T10:29:21.1627251Z'
  ERROR: Build asset version error: assets/savedataeditortool.cs in SourceAssetDB has modification time of '2026-04-01T10:29:20.2429658Z' while content on disk has modification time of '2026-04-01T10:29:21.1627251Z'
Number of updated asset objects reloaded before import = 0
Number of asset objects unloaded after import = 0
========================================================================
Received Import Request.
  Time since last request: 0.017426 seconds.
  path: Assets/SaveDataEditorTool.cs
  artifactKey: Guid(733e7f08a39762746b1d156f5655d415) Importer(815301076,1909f56bfc062723c751e8b465ee728b)
Start importing Assets/SaveDataEditorTool.cs using Guid(733e7f08a39762746b1d156f5655d415) Importer(815301076,1909f56bfc062723c751e8b465ee728b) [PhysX] Initialized MultithreadedTaskDispatcher with 4 workers.
 -> (artifact id: '00000000000000000000000000000000') in 0.001123 seconds
Import Error Code:(4)
Message: Build asset version error: assets/savedataeditortool.cs in SourceAssetDB has modification time of '2026-04-01T10:29:20.2429658Z' while content on disk has modification time of '2026-04-01T10:29:21.1627251Z'
  ERROR: Build asset version error: assets/savedataeditortool.cs in SourceAssetDB has modification time of '2026-04-01T10:29:20.2429658Z' while content on disk has modification time of '2026-04-01T10:29:21.1627251Z'
Number of updated asset objects reloaded before import = 0
Number of asset objects unloaded after import = 0
========================================================================
Received Import Request.
  Time since last request: 0.016824 seconds.
  path: Assets/SaveDataEditorTool.cs
  artifactKey: Guid(733e7f08a39762746b1d156f5655d415) Importer(815301076,1909f56bfc062723c751e8b465ee728b)
Start importing Assets/SaveDataEditorTool.cs using Guid(733e7f08a39762746b1d156f5655d415) Importer(815301076,1909f56bfc062723c751e8b465ee728b) [PhysX] Initialized MultithreadedTaskDispatcher with 4 workers.
 -> (artifact id: '00000000000000000000000000000000') in 0.001213 seconds
Import Error Code:(4)
Message: Build asset version error: assets/savedataeditortool.cs in SourceAssetDB has modification time of '2026-04-01T10:29:20.2429658Z' while content on disk has modification time of '2026-04-01T10:29:21.1627251Z'
  ERROR: Build asset version error: assets/savedataeditortool.cs in SourceAssetDB has modification time of '2026-04-01T10:29:20.2429658Z' while content on disk has modification time of '2026-04-01T10:29:21.1627251Z'
Number of updated asset objects reloaded before import = 0
Number of asset objects unloaded after import = 0
========================================================================
Received Import Request.
  Time since last request: 0.016989 seconds.
  path: Assets/SaveDataEditorTool.cs
  artifactKey: Guid(733e7f08a39762746b1d156f5655d415) Importer(815301076,1909f56bfc062723c751e8b465ee728b)
Start importing Assets/SaveDataEditorTool.cs using Guid(733e7f08a39762746b1d156f5655d415) Importer(815301076,1909f56bfc062723c751e8b465ee728b) [PhysX] Initialized MultithreadedTaskDispatcher with 4 workers.
 -> (artifact id: '00000000000000000000000000000000') in 0.002589 seconds
Import Error Code:(4)
Message: Build asset version error: assets/savedataeditortool.cs in SourceAssetDB has modification time of '2026-04-01T10:29:20.2429658Z' while content on disk has modification time of '2026-04-01T10:29:21.1627251Z'
  ERROR: Build asset version error: assets/savedataeditortool.cs in SourceAssetDB has modification time of '2026-04-01T10:29:20.2429658Z' while content on disk has modification time of '2026-04-01T10:29:21.1627251Z'
Number of updated asset objects reloaded before import = 0
Number of asset objects unloaded after import = 0
========================================================================
Received Import Request.
  Time since last request: 0.015404 seconds.
  path: Assets/SaveDataEditorTool.cs
  artifactKey: Guid(733e7f08a39762746b1d156f5655d415) Importer(815301076,1909f56bfc062723c751e8b465ee728b)
Start importing Assets/SaveDataEditorTool.cs using Guid(733e7f08a39762746b1d156f5655d415) Importer(815301076,1909f56bfc062723c751e8b465ee728b) [PhysX] Initialized MultithreadedTaskDispatcher with 4 workers.
 -> (artifact id: '00000000000000000000000000000000') in 0.001294 seconds
Import Error Code:(4)
Message: Build asset version error: assets/savedataeditortool.cs in SourceAssetDB has modification time of '2026-04-01T10:29:20.2429658Z' while content on disk has modification time of '2026-04-01T10:29:21.1627251Z'
  ERROR: Build asset version error: assets/savedataeditortool.cs in SourceAssetDB has modification time of '2026-04-01T10:29:20.2429658Z' while content on disk has modification time of '2026-04-01T10:29:21.1627251Z'
Number of updated asset objects reloaded before import = 0
Number of asset objects unloaded after import = 0
========================================================================
Received Import Request.
  Time since last request: 0.017515 seconds.
  path: Assets/SaveDataEditorTool.cs
  artifactKey: Guid(733e7f08a39762746b1d156f5655d415) Importer(815301076,1909f56bfc062723c751e8b465ee728b)
Start importing Assets/SaveDataEditorTool.cs using Guid(733e7f08a39762746b1d156f5655d415) Importer(815301076,1909f56bfc062723c751e8b465ee728b) [PhysX] Initialized MultithreadedTaskDispatcher with 4 workers.
 -> (artifact id: '00000000000000000000000000000000') in 0.001369 seconds
Import Error Code:(4)
Message: Build asset version error: assets/savedataeditortool.cs in SourceAssetDB has modification time of '2026-04-01T10:29:20.2429658Z' while content on disk has modification time of '2026-04-01T10:29:21.1627251Z'
  ERROR: Build asset version error: assets/savedataeditortool.cs in SourceAssetDB has modification time of '2026-04-01T10:29:20.2429658Z' while content on disk has modification time of '2026-04-01T10:29:21.1627251Z'
Number of updated asset objects reloaded before import = 0
Number of asset objects unloaded after import = 0
========================================================================
Received Import Request.
  Time since last request: 0.018133 seconds.
  path: Assets/SaveDataEditorTool.cs
  artifactKey: Guid(733e7f08a39762746b1d156f5655d415) Importer(815301076,1909f56bfc062723c751e8b465ee728b)
Start importing Assets/SaveDataEditorTool.cs using Guid(733e7f08a39762746b1d156f5655d415) Importer(815301076,1909f56bfc062723c751e8b465ee728b) [PhysX] Initialized MultithreadedTaskDispatcher with 4 workers.
 -> (artifact id: '00000000000000000000000000000000') in 0.001120 seconds
Import Error Code:(4)
Message: Build asset version error: assets/savedataeditortool.cs in SourceAssetDB has modification time of '2026-04-01T10:29:20.2429658Z' while content on disk has modification time of '2026-04-01T10:29:21.1627251Z'
  ERROR: Build asset version error: assets/savedataeditortool.cs in SourceAssetDB has modification time of '2026-04-01T10:29:20.2429658Z' while content on disk has modification time of '2026-04-01T10:29:21.1627251Z'
Number of updated asset objects reloaded before import = 0
Number of asset objects unloaded after import = 0
========================================================================
Received Import Request.
  Time since last request: 0.017303 seconds.
  path: Assets/SaveDataEditorTool.cs
  artifactKey: Guid(733e7f08a39762746b1d156f5655d415) Importer(815301076,1909f56bfc062723c751e8b465ee728b)
Start importing Assets/SaveDataEditorTool.cs using Guid(733e7f08a39762746b1d156f5655d415) Importer(815301076,1909f56bfc062723c751e8b465ee728b) [PhysX] Initialized MultithreadedTaskDispatcher with 4 workers.
 -> (artifact id: '00000000000000000000000000000000') in 0.001440 seconds
Import Error Code:(4)
Message: Build asset version error: assets/savedataeditortool.cs in SourceAssetDB has modification time of '2026-04-01T10:29:20.2429658Z' while content on disk has modification time of '2026-04-01T10:29:21.1627251Z'
  ERROR: Build asset version error: assets/savedataeditortool.cs in SourceAssetDB has modification time of '2026-04-01T10:29:20.2429658Z' while content on disk has modification time of '2026-04-01T10:29:21.1627251Z'
Number of updated asset objects reloaded before import = 0
Number of asset objects unloaded after import = 0
========================================================================
Received Import Request.
  Time since last request: 0.019990 seconds.
  path: Assets/SaveDataEditorTool.cs
  artifactKey: Guid(733e7f08a39762746b1d156f5655d415) Importer(815301076,1909f56bfc062723c751e8b465ee728b)
Start importing Assets/SaveDataEditorTool.cs using Guid(733e7f08a39762746b1d156f5655d415) Importer(815301076,1909f56bfc062723c751e8b465ee728b) [PhysX] Initialized MultithreadedTaskDispatcher with 4 workers.
 -> (artifact id: '00000000000000000000000000000000') in 0.002222 seconds
Import Error Code:(4)
Message: Build asset version error: assets/savedataeditortool.cs in SourceAssetDB has modification time of '2026-04-01T10:29:20.2429658Z' while content on disk has modification time of '2026-04-01T10:29:21.1627251Z'
  ERROR: Build asset version error: assets/savedataeditortool.cs in SourceAssetDB has modification time of '2026-04-01T10:29:20.2429658Z' while content on disk has modification time of '2026-04-01T10:29:21.1627251Z'
Number of updated asset objects reloaded before import = 0
Number of asset objects unloaded after import = 0
========================================================================
Received Import Request.
  Time since last request: 0.015476 seconds.
  path: Assets/SaveDataEditorTool.cs
  artifactKey: Guid(733e7f08a39762746b1d156f5655d415) Importer(815301076,1909f56bfc062723c751e8b465ee728b)
Start importing Assets/SaveDataEditorTool.cs using Guid(733e7f08a39762746b1d156f5655d415) Importer(815301076,1909f56bfc062723c751e8b465ee728b) [PhysX] Initialized MultithreadedTaskDispatcher with 4 workers.
 -> (artifact id: '00000000000000000000000000000000') in 0.001441 seconds
Import Error Code:(4)
Message: Build asset version error: assets/savedataeditortool.cs in SourceAssetDB has modification time of '2026-04-01T10:29:20.2429658Z' while content on disk has modification time of '2026-04-01T10:29:21.1627251Z'
  ERROR: Build asset version error: assets/savedataeditortool.cs in SourceAssetDB has modification time of '2026-04-01T10:29:20.2429658Z' while content on disk has modification time of '2026-04-01T10:29:21.1627251Z'
Number of updated asset objects reloaded before import = 0
Number of asset objects unloaded after import = 0
========================================================================
Received Import Request.
  Time since last request: 0.016857 seconds.
  path: Assets/SaveDataEditorTool.cs
  artifactKey: Guid(733e7f08a39762746b1d156f5655d415) Importer(815301076,1909f56bfc062723c751e8b465ee728b)
Start importing Assets/SaveDataEditorTool.cs using Guid(733e7f08a39762746b1d156f5655d415) Importer(815301076,1909f56bfc062723c751e8b465ee728b) [PhysX] Initialized MultithreadedTaskDispatcher with 4 workers.
 -> (artifact id: '00000000000000000000000000000000') in 0.001083 seconds
Import Error Code:(4)
Message: Build asset version error: assets/savedataeditortool.cs in SourceAssetDB has modification time of '2026-04-01T10:29:20.2429658Z' while content on disk has modification time of '2026-04-01T10:29:21.1627251Z'
  ERROR: Build asset version error: assets/savedataeditortool.cs in SourceAssetDB has modification time of '2026-04-01T10:29:20.2429658Z' while content on disk has modification time of '2026-04-01T10:29:21.1627251Z'
Number of updated asset objects reloaded before import = 0
Number of asset objects unloaded after import = 0
========================================================================
Received Import Request.
  Time since last request: 0.023173 seconds.
  path: Assets/SaveDataEditorTool.cs
  artifactKey: Guid(733e7f08a39762746b1d156f5655d415) Importer(815301076,1909f56bfc062723c751e8b465ee728b)
Start importing Assets/SaveDataEditorTool.cs using Guid(733e7f08a39762746b1d156f5655d415) Importer(815301076,1909f56bfc062723c751e8b465ee728b) [PhysX] Initialized MultithreadedTaskDispatcher with 4 workers.
 -> (artifact id: '00000000000000000000000000000000') in 0.003019 seconds
Import Error Code:(4)
Message: Build asset version error: assets/savedataeditortool.cs in SourceAssetDB has modification time of '2026-04-01T10:29:20.2429658Z' while content on disk has modification time of '2026-04-01T10:29:21.1627251Z'
  ERROR: Build asset version error: assets/savedataeditortool.cs in SourceAssetDB has modification time of '2026-04-01T10:29:20.2429658Z' while content on disk has modification time of '2026-04-01T10:29:21.1627251Z'
Number of updated asset objects reloaded before import = 0
Number of asset objects unloaded after import = 0
========================================================================
Received Import Request.
  Time since last request: 0.008915 seconds.
  path: Assets/SaveDataEditorTool.cs
  artifactKey: Guid(733e7f08a39762746b1d156f5655d415) Importer(815301076,1909f56bfc062723c751e8b465ee728b)
Start importing Assets/SaveDataEditorTool.cs using Guid(733e7f08a39762746b1d156f5655d415) Importer(815301076,1909f56bfc062723c751e8b465ee728b) [PhysX] Initialized MultithreadedTaskDispatcher with 4 workers.
 -> (artifact id: '00000000000000000000000000000000') in 0.001125 seconds
Import Error Code:(4)
Message: Build asset version error: assets/savedataeditortool.cs in SourceAssetDB has modification time of '2026-04-01T10:29:20.2429658Z' while content on disk has modification time of '2026-04-01T10:29:21.1627251Z'
  ERROR: Build asset version error: assets/savedataeditortool.cs in SourceAssetDB has modification time of '2026-04-01T10:29:20.2429658Z' while content on disk has modification time of '2026-04-01T10:29:21.1627251Z'
Number of updated asset objects reloaded before import = 0
Number of asset objects unloaded after import = 0
========================================================================
Received Import Request.
  Time since last request: 0.015016 seconds.
  path: Assets/SaveDataEditorTool.cs
  artifactKey: Guid(733e7f08a39762746b1d156f5655d415) Importer(815301076,1909f56bfc062723c751e8b465ee728b)
Start importing Assets/SaveDataEditorTool.cs using Guid(733e7f08a39762746b1d156f5655d415) Importer(815301076,1909f56bfc062723c751e8b465ee728b) [PhysX] Initialized MultithreadedTaskDispatcher with 4 workers.
 -> (artifact id: '00000000000000000000000000000000') in 0.001047 seconds
Import Error Code:(4)
Message: Build asset version error: assets/savedataeditortool.cs in SourceAssetDB has modification time of '2026-04-01T10:29:20.2429658Z' while content on disk has modification time of '2026-04-01T10:29:21.1627251Z'
  ERROR: Build asset version error: assets/savedataeditortool.cs in SourceAssetDB has modification time of '2026-04-01T10:29:20.2429658Z' while content on disk has modification time of '2026-04-01T10:29:21.1627251Z'
Number of updated asset objects reloaded before import = 0
Number of asset objects unloaded after import = 0
========================================================================
Received Import Request.
  Time since last request: 0.002088 seconds.
  path: Assets/SaveDataEditorTool.cs
  artifactKey: Guid(733e7f08a39762746b1d156f5655d415) Importer(815301076,1909f56bfc062723c751e8b465ee728b)
Start importing Assets/SaveDataEditorTool.cs using Guid(733e7f08a39762746b1d156f5655d415) Importer(815301076,1909f56bfc062723c751e8b465ee728b) [PhysX] Initialized MultithreadedTaskDispatcher with 4 workers.
 -> (artifact id: '00000000000000000000000000000000') in 0.001077 seconds
Import Error Code:(4)
Message: Build asset version error: assets/savedataeditortool.cs in SourceAssetDB has modification time of '2026-04-01T10:29:20.2429658Z' while content on disk has modification time of '2026-04-01T10:29:21.1627251Z'
  ERROR: Build asset version error: assets/savedataeditortool.cs in SourceAssetDB has modification time of '2026-04-01T10:29:20.2429658Z' while content on disk has modification time of '2026-04-01T10:29:21.1627251Z'
Number of updated asset objects reloaded before import = 0
Number of asset objects unloaded after import = 0
========================================================================
Received Import Request.
  Time since last request: 0.011172 seconds.
  path: Assets/SaveDataEditorTool.cs
  artifactKey: Guid(733e7f08a39762746b1d156f5655d415) Importer(815301076,1909f56bfc062723c751e8b465ee728b)
Start importing Assets/SaveDataEditorTool.cs using Guid(733e7f08a39762746b1d156f5655d415) Importer(815301076,1909f56bfc062723c751e8b465ee728b) [PhysX] Initialized MultithreadedTaskDispatcher with 4 workers.
 -> (artifact id: '00000000000000000000000000000000') in 0.000793 seconds
Import Error Code:(4)
Message: Build asset version error: assets/savedataeditortool.cs in SourceAssetDB has modification time of '2026-04-01T10:29:20.2429658Z' while content on disk has modification time of '2026-04-01T10:29:21.1627251Z'
  ERROR: Build asset version error: assets/savedataeditortool.cs in SourceAssetDB has modification time of '2026-04-01T10:29:20.2429658Z' while content on disk has modification time of '2026-04-01T10:29:21.1627251Z'
Number of updated asset objects reloaded before import = 0
Number of asset objects unloaded after import = 0
========================================================================
Received Import Request.
  Time since last request: 0.019331 seconds.
  path: Assets/SaveDataEditorTool.cs
  artifactKey: Guid(733e7f08a39762746b1d156f5655d415) Importer(815301076,1909f56bfc062723c751e8b465ee728b)
Start importing Assets/SaveDataEditorTool.cs using Guid(733e7f08a39762746b1d156f5655d415) Importer(815301076,1909f56bfc062723c751e8b465ee728b) [PhysX] Initialized MultithreadedTaskDispatcher with 4 workers.
 -> (artifact id: '00000000000000000000000000000000') in 0.001840 seconds
Import Error Code:(4)
Message: Build asset version error: assets/savedataeditortool.cs in SourceAssetDB has modification time of '2026-04-01T10:29:20.2429658Z' while content on disk has modification time of '2026-04-01T10:29:21.1627251Z'
  ERROR: Build asset version error: assets/savedataeditortool.cs in SourceAssetDB has modification time of '2026-04-01T10:29:20.2429658Z' while content on disk has modification time of '2026-04-01T10:29:21.1627251Z'
Number of updated asset objects reloaded before import = 0
Number of asset objects unloaded after import = 0
========================================================================
Received Import Request.
  Time since last request: 0.001960 seconds.
  path: Assets/SaveDataEditorTool.cs
  artifactKey: Guid(733e7f08a39762746b1d156f5655d415) Importer(815301076,1909f56bfc062723c751e8b465ee728b)
Start importing Assets/SaveDataEditorTool.cs using Guid(733e7f08a39762746b1d156f5655d415) Importer(815301076,1909f56bfc062723c751e8b465ee728b) [PhysX] Initialized MultithreadedTaskDispatcher with 4 workers.
 -> (artifact id: '00000000000000000000000000000000') in 0.001084 seconds
Import Error Code:(4)
Message: Build asset version error: assets/savedataeditortool.cs in SourceAssetDB has modification time of '2026-04-01T10:29:20.2429658Z' while content on disk has modification time of '2026-04-01T10:29:21.1627251Z'
  ERROR: Build asset version error: assets/savedataeditortool.cs in SourceAssetDB has modification time of '2026-04-01T10:29:20.2429658Z' while content on disk has modification time of '2026-04-01T10:29:21.1627251Z'
Number of updated asset objects reloaded before import = 0
Number of asset objects unloaded after import = 0
========================================================================
Received Import Request.
  Time since last request: 0.011301 seconds.
  path: Assets/SaveDataEditorTool.cs
  artifactKey: Guid(733e7f08a39762746b1d156f5655d415) Importer(815301076,1909f56bfc062723c751e8b465ee728b)
Start importing Assets/SaveDataEditorTool.cs using Guid(733e7f08a39762746b1d156f5655d415) Importer(815301076,1909f56bfc062723c751e8b465ee728b) [PhysX] Initialized MultithreadedTaskDispatcher with 4 workers.
 -> (artifact id: '00000000000000000000000000000000') in 0.001038 seconds
Import Error Code:(4)
Message: Build asset version error: assets/savedataeditortool.cs in SourceAssetDB has modification time of '2026-04-01T10:29:20.2429658Z' while content on disk has modification time of '2026-04-01T10:29:21.1627251Z'
  ERROR: Build asset version error: assets/savedataeditortool.cs in SourceAssetDB has modification time of '2026-04-01T10:29:20.2429658Z' while content on disk has modification time of '2026-04-01T10:29:21.1627251Z'
Number of updated asset objects reloaded before import = 0
Number of asset objects unloaded after import = 0
========================================================================
Received Import Request.
  Time since last request: 0.011425 seconds.
  path: Assets/SaveDataEditorTool.cs
  artifactKey: Guid(733e7f08a39762746b1d156f5655d415) Importer(815301076,1909f56bfc062723c751e8b465ee728b)
Start importing Assets/SaveDataEditorTool.cs using Guid(733e7f08a39762746b1d156f5655d415) Importer(815301076,1909f56bfc062723c751e8b465ee728b) [PhysX] Initialized MultithreadedTaskDispatcher with 4 workers.
 -> (artifact id: '00000000000000000000000000000000') in 0.000951 seconds
Import Error Code:(4)
Message: Build asset version error: assets/savedataeditortool.cs in SourceAssetDB has modification time of '2026-04-01T10:29:20.2429658Z' while content on disk has modification time of '2026-04-01T10:29:21.1627251Z'
  ERROR: Build asset version error: assets/savedataeditortool.cs in SourceAssetDB has modification time of '2026-04-01T10:29:20.2429658Z' while content on disk has modification time of '2026-04-01T10:29:21.1627251Z'
Number of updated asset objects reloaded before import = 0
Number of asset objects unloaded after import = 0
========================================================================
Received Import Request.
  Time since last request: 0.013005 seconds.
  path: Assets/SaveDataEditorTool.cs
  artifactKey: Guid(733e7f08a39762746b1d156f5655d415) Importer(815301076,1909f56bfc062723c751e8b465ee728b)
Start importing Assets/SaveDataEditorTool.cs using Guid(733e7f08a39762746b1d156f5655d415) Importer(815301076,1909f56bfc062723c751e8b465ee728b) [PhysX] Initialized MultithreadedTaskDispatcher with 4 workers.
 -> (artifact id: '00000000000000000000000000000000') in 0.001006 seconds
Import Error Code:(4)
Message: Build asset version error: assets/savedataeditortool.cs in SourceAssetDB has modification time of '2026-04-01T10:29:20.2429658Z' while content on disk has modification time of '2026-04-01T10:29:21.1627251Z'
  ERROR: Build asset version error: assets/savedataeditortool.cs in SourceAssetDB has modification time of '2026-04-01T10:29:20.2429658Z' while content on disk has modification time of '2026-04-01T10:29:21.1627251Z'
Number of updated asset objects reloaded before import = 0
Number of asset objects unloaded after import = 0
========================================================================
Received Import Request.
  Time since last request: 0.002223 seconds.
  path: Assets/SaveDataEditorTool.cs
  artifactKey: Guid(733e7f08a39762746b1d156f5655d415) Importer(815301076,1909f56bfc062723c751e8b465ee728b)
Start importing Assets/SaveDataEditorTool.cs using Guid(733e7f08a39762746b1d156f5655d415) Importer(815301076,1909f56bfc062723c751e8b465ee728b) [PhysX] Initialized MultithreadedTaskDispatcher with 4 workers.
 -> (artifact id: '00000000000000000000000000000000') in 0.001229 seconds
Import Error Code:(4)
Message: Build asset version error: assets/savedataeditortool.cs in SourceAssetDB has modification time of '2026-04-01T10:29:20.2429658Z' while content on disk has modification time of '2026-04-01T10:29:21.1627251Z'
  ERROR: Build asset version error: assets/savedataeditortool.cs in SourceAssetDB has modification time of '2026-04-01T10:29:20.2429658Z' while content on disk has modification time of '2026-04-01T10:29:21.1627251Z'
Number of updated asset objects reloaded before import = 0
Number of asset objects unloaded after import = 0
========================================================================
Received Import Request.
  Time since last request: 0.011202 seconds.
  path: Assets/SaveDataEditorTool.cs
  artifactKey: Guid(733e7f08a39762746b1d156f5655d415) Importer(815301076,1909f56bfc062723c751e8b465ee728b)
Start importing Assets/SaveDataEditorTool.cs using Guid(733e7f08a39762746b1d156f5655d415) Importer(815301076,1909f56bfc062723c751e8b465ee728b) [PhysX] Initialized MultithreadedTaskDispatcher with 4 workers.
 -> (artifact id: '00000000000000000000000000000000') in 0.000978 seconds
Import Error Code:(4)
Message: Build asset version error: assets/savedataeditortool.cs in SourceAssetDB has modification time of '2026-04-01T10:29:20.2429658Z' while content on disk has modification time of '2026-04-01T10:29:21.1627251Z'
  ERROR: Build asset version error: assets/savedataeditortool.cs in SourceAssetDB has modification time of '2026-04-01T10:29:20.2429658Z' while content on disk has modification time of '2026-04-01T10:29:21.1627251Z'
Number of updated asset objects reloaded before import = 0
Number of asset objects unloaded after import = 0
========================================================================
Received Import Request.
  Time since last request: 0.011129 seconds.
  path: Assets/SaveDataEditorTool.cs
  artifactKey: Guid(733e7f08a39762746b1d156f5655d415) Importer(815301076,1909f56bfc062723c751e8b465ee728b)
Start importing Assets/SaveDataEditorTool.cs using Guid(733e7f08a39762746b1d156f5655d415) Importer(815301076,1909f56bfc062723c751e8b465ee728b) [PhysX] Initialized MultithreadedTaskDispatcher with 4 workers.
 -> (artifact id: '00000000000000000000000000000000') in 0.001045 seconds
Import Error Code:(4)
Message: Build asset version error: assets/savedataeditortool.cs in SourceAssetDB has modification time of '2026-04-01T10:29:20.2429658Z' while content on disk has modification time of '2026-04-01T10:29:21.1627251Z'
  ERROR: Build asset version error: assets/savedataeditortool.cs in SourceAssetDB has modification time of '2026-04-01T10:29:20.2429658Z' while content on disk has modification time of '2026-04-01T10:29:21.1627251Z'
Number of updated asset objects reloaded before import = 0
Number of asset objects unloaded after import = 0
========================================================================
Received Import Request.
  Time since last request: 0.012263 seconds.
  path: Assets/SaveDataEditorTool.cs
  artifactKey: Guid(733e7f08a39762746b1d156f5655d415) Importer(815301076,1909f56bfc062723c751e8b465ee728b)
Start importing Assets/SaveDataEditorTool.cs using Guid(733e7f08a39762746b1d156f5655d415) Importer(815301076,1909f56bfc062723c751e8b465ee728b) [PhysX] Initialized MultithreadedTaskDispatcher with 4 workers.
 -> (artifact id: '00000000000000000000000000000000') in 0.001743 seconds
Import Error Code:(4)
Message: Build asset version error: assets/savedataeditortool.cs in SourceAssetDB has modification time of '2026-04-01T10:29:20.2429658Z' while content on disk has modification time of '2026-04-01T10:29:21.1627251Z'
  ERROR: Build asset version error: assets/savedataeditortool.cs in SourceAssetDB has modification time of '2026-04-01T10:29:20.2429658Z' while content on disk has modification time of '2026-04-01T10:29:21.1627251Z'
Number of updated asset objects reloaded before import = 0
Number of asset objects unloaded after import = 0
========================================================================
Received Prepare
Caller must complete domain reload
Begin MonoManager ReloadAssembly
- Loaded All Assemblies, in  0.610 seconds
Native extension for WindowsStandalone target not found
Mono: successfully reloaded assembly
- Finished resetting the current domain, in  1.131 seconds
Domain Reload Profiling: 1738ms
	BeginReloadAssembly (246ms)
		ExecutionOrderSort (0ms)
		DisableScriptedObjects (10ms)
		BackupInstance (0ms)
		ReleaseScriptingObjects (0ms)
		CreateAndSetChildDomain (27ms)
	RebuildCommonClasses (60ms)
	RebuildNativeTypeToScriptingClass (21ms)
	initialDomainReloadingComplete (50ms)
	LoadAllAssembliesAndSetupDomain (230ms)
		LoadAssemblies (320ms)
		RebuildTransferFunctionScriptingTraits (0ms)
		AnalyzeDomain (49ms)
			TypeCache.Refresh (10ms)
				TypeCache.ScanAssembly (2ms)
			ScanForSourceGeneratedMonoScriptInfo (19ms)
			ResolveRequiredComponents (20ms)
	FinalizeReload (1132ms)
		ReleaseScriptCaches (0ms)
		RebuildScriptCaches (0ms)
		SetupLoadedEditorAssemblies (569ms)
			LogAssemblyErrors (0ms)
			InitializePlatformSupportModulesInManaged (15ms)
			SetLoadedEditorAssemblies (6ms)
			RefreshPlugins (0ms)
			BeforeProcessingInitializeOnLoad (97ms)
			ProcessInitializeOnLoadAttributes (387ms)
			ProcessInitializeOnLoadMethodAttributes (49ms)
			AfterProcessingInitializeOnLoad (14ms)
			EditorAssembliesLoaded (0ms)
		ExecutionOrderSort2 (0ms)
		AwakeInstancesAfterBackupRestoration (12ms)
Refreshing native plugins compatible for Editor in 3.77 ms, found 3 plugins.
Preloading 0 native plugins for Editor in 0.00 ms.
Unloading 1938 Unused Serialized files (Serialized files now loaded: 0)
Unloading 18 unused Assets / (1.9 MB). Loaded Objects now: 3411.
Memory consumption went from 116.2 MB to 114.3 MB.
Total: 8.096700 ms (FindLiveObjects: 0.388900 ms CreateObjectMapping: 0.255000 ms MarkObjects: 6.823400 ms  DeleteObjects: 0.627500 ms)

Prepare: number of updated asset objects reloaded= 0
AssetImportParameters requested are different than current active one (requested -> active):
  custom:video-decoder-webm-vp8: 9c59270c3fd7afecdb556c50c9e8de78 -> 
  custom:SearchIndexIgnoredProperties: e643bd26f0fe6173181afceb89e7c659 -> 
  custom:container-demuxer-ogg: 62fdf1f143b41e24485cea50d1cbac27 -> 
  custom:AudioImporter_EditorPlatform: d09bf68614088b80899f8185d706f6e7 -> 
  custom:video-decoder-ogg-theora: a1e56fd34408186e4bbccfd4996cb3dc -> 
  custom:framework-win-MediaFoundation: 216162199b28c13a410421893ffa2e32 -> 
  custom:scripting/monoscript/fileName/NewBehaviourScript1.cs: daabc93d08fdb9c157ee1e98be11a47e -> 
  custom:video-encoder-webm-vp8: eb34c28f22e8b96e1ab97ce403110664 -> 
  custom:audio-decoder-ogg-vorbis: bf7c407c2cedff20999df2af8eb42d56 -> 
  custom:CustomObjectIndexerAttribute: 9a22284fe3817be447336de3de66b15e -> 
  custom:container-demuxer-webm: 4f35f7cbe854078d1ac9338744f61a02 -> 
  custom:audio-encoder-webm-vorbis: bf7c407c2cedff20999df2af8eb42d56 -> 
  custom:scripting/monoscript/fileName/SaveDataEditorTool.cs: b1346e1d41bc228e92559a8fd6cf4196 -> 
  custom:scripting/precompiled-assembly-types:Assembly-CSharp: 2d1dd79a1ca32fa1c698b2b0351d9231 -> 8b6001cc661067df296ec350cc5951e6
  custom:container-muxer-webm: aa71ff27fc2769a1b78a27578f13a17b -> 
========================================================================
Received Import Request.
  Time since last request: 8.174701 seconds.
  path: Assets/SaveDataEditorTool.cs
  artifactKey: Guid(733e7f08a39762746b1d156f5655d415) Importer(815301076,1909f56bfc062723c751e8b465ee728b)
Start importing Assets/SaveDataEditorTool.cs using Guid(733e7f08a39762746b1d156f5655d415) Importer(815301076,1909f56bfc062723c751e8b465ee728b) [PhysX] Initialized MultithreadedTaskDispatcher with 4 workers.
 -> (artifact id: '2bad046de65a9f124cab7ed80a041e5a') in 0.003761 seconds
Number of updated asset objects reloaded before import = 0
Number of asset objects unloaded after import = 0
========================================================================
Received Prepare
Caller must complete domain reload
Begin MonoManager ReloadAssembly
- Loaded All Assemblies, in  0.524 seconds
Native extension for WindowsStandalone target not found
Mono: successfully reloaded assembly
- Finished resetting the current domain, in  1.041 seconds
Domain Reload Profiling: 1560ms
	BeginReloadAssembly (215ms)
		ExecutionOrderSort (0ms)
		DisableScriptedObjects (7ms)
		BackupInstance (0ms)
		ReleaseScriptingObjects (0ms)
		CreateAndSetChildDomain (29ms)
	RebuildCommonClasses (48ms)
	RebuildNativeTypeToScriptingClass (16ms)
	initialDomainReloadingComplete (43ms)
	LoadAllAssembliesAndSetupDomain (197ms)
		LoadAssemblies (306ms)
		RebuildTransferFunctionScriptingTraits (0ms)
		AnalyzeDomain (20ms)
			TypeCache.Refresh (5ms)
				TypeCache.ScanAssembly (0ms)
			ScanForSourceGeneratedMonoScriptInfo (0ms)
			ResolveRequiredComponents (14ms)
	FinalizeReload (1042ms)
		ReleaseScriptCaches (0ms)
		RebuildScriptCaches (0ms)
		SetupLoadedEditorAssemblies (440ms)
			LogAssemblyErrors (0ms)
			InitializePlatformSupportModulesInManaged (12ms)
			SetLoadedEditorAssemblies (6ms)
			RefreshPlugins (0ms)
			BeforeProcessingInitializeOnLoad (99ms)
			ProcessInitializeOnLoadAttributes (281ms)
			ProcessInitializeOnLoadMethodAttributes (30ms)
			AfterProcessingInitializeOnLoad (12ms)
			EditorAssembliesLoaded (0ms)
		ExecutionOrderSort2 (0ms)
		AwakeInstancesAfterBackupRestoration (8ms)
Refreshing native plugins compatible for Editor in 3.06 ms, found 3 plugins.
Preloading 0 native plugins for Editor in 0.00 ms.
Unloading 1938 Unused Serialized files (Serialized files now loaded: 0)
Unloading 18 unused Assets / (1.9 MB). Loaded Objects now: 3426.
Memory consumption went from 116.2 MB to 114.3 MB.
Total: 5.554500 ms (FindLiveObjects: 0.379300 ms CreateObjectMapping: 0.181800 ms MarkObjects: 4.421100 ms  DeleteObjects: 0.569900 ms)

Prepare: number of updated asset objects reloaded= 0
AssetImportParameters requested are different than current active one (requested -> active):
  custom:video-decoder-webm-vp8: 9c59270c3fd7afecdb556c50c9e8de78 -> 
  custom:SearchIndexIgnoredProperties: e643bd26f0fe6173181afceb89e7c659 -> 
  custom:container-demuxer-ogg: 62fdf1f143b41e24485cea50d1cbac27 -> 
  custom:AudioImporter_EditorPlatform: d09bf68614088b80899f8185d706f6e7 -> 
  custom:video-decoder-ogg-theora: a1e56fd34408186e4bbccfd4996cb3dc -> 
  custom:framework-win-MediaFoundation: 216162199b28c13a410421893ffa2e32 -> 
  custom:scripting/monoscript/fileName/NewBehaviourScript1.cs: daabc93d08fdb9c157ee1e98be11a47e -> 
  custom:video-encoder-webm-vp8: eb34c28f22e8b96e1ab97ce403110664 -> 
  custom:audio-decoder-ogg-vorbis: bf7c407c2cedff20999df2af8eb42d56 -> 
  custom:CustomObjectIndexerAttribute: 9a22284fe3817be447336de3de66b15e -> 
  custom:container-demuxer-webm: 4f35f7cbe854078d1ac9338744f61a02 -> 
  custom:audio-encoder-webm-vorbis: bf7c407c2cedff20999df2af8eb42d56 -> 
  custom:scripting/monoscript/fileName/SaveDataEditorTool.cs: b1346e1d41bc228e92559a8fd6cf4196 -> 
  custom:scripting/precompiled-assembly-types:Assembly-CSharp: 2d1dd79a1ca32fa1c698b2b0351d9231 -> 8b6001cc661067df296ec350cc5951e6
  custom:container-muxer-webm: aa71ff27fc2769a1b78a27578f13a17b -> 
========================================================================
Received Prepare
Caller must complete domain reload
Begin MonoManager ReloadAssembly
- Loaded All Assemblies, in  0.540 seconds
Native extension for WindowsStandalone target not found
Mono: successfully reloaded assembly
- Finished resetting the current domain, in  1.084 seconds
Domain Reload Profiling: 1621ms
	BeginReloadAssembly (212ms)
		ExecutionOrderSort (0ms)
		DisableScriptedObjects (10ms)
		BackupInstance (0ms)
		ReleaseScriptingObjects (0ms)
		CreateAndSetChildDomain (27ms)
	RebuildCommonClasses (55ms)
	RebuildNativeTypeToScriptingClass (19ms)
	initialDomainReloadingComplete (43ms)
	LoadAllAssembliesAndSetupDomain (207ms)
		LoadAssemblies (315ms)
		RebuildTransferFunctionScriptingTraits (0ms)
		AnalyzeDomain (21ms)
			TypeCache.Refresh (5ms)
				TypeCache.ScanAssembly (0ms)
			ScanForSourceGeneratedMonoScriptInfo (0ms)
			ResolveRequiredComponents (15ms)
	FinalizeReload (1084ms)
		ReleaseScriptCaches (0ms)
		RebuildScriptCaches (0ms)
		SetupLoadedEditorAssemblies (452ms)
			LogAssemblyErrors (0ms)
			InitializePlatformSupportModulesInManaged (14ms)
			SetLoadedEditorAssemblies (6ms)
			RefreshPlugins (0ms)
			BeforeProcessingInitializeOnLoad (94ms)
			ProcessInitializeOnLoadAttributes (286ms)
			ProcessInitializeOnLoadMethodAttributes (38ms)
			AfterProcessingInitializeOnLoad (13ms)
			EditorAssembliesLoaded (0ms)
		ExecutionOrderSort2 (0ms)
		AwakeInstancesAfterBackupRestoration (9ms)
Refreshing native plugins compatible for Editor in 3.22 ms, found 3 plugins.
Preloading 0 native plugins for Editor in 0.00 ms.
Unloading 1939 Unused Serialized files (Serialized files now loaded: 0)
Unloading 18 unused Assets / (1.9 MB). Loaded Objects now: 3441.
Memory consumption went from 116.5 MB to 114.6 MB.
Total: 6.792600 ms (FindLiveObjects: 0.391200 ms CreateObjectMapping: 0.192200 ms MarkObjects: 5.581100 ms  DeleteObjects: 0.626400 ms)

Prepare: number of updated asset objects reloaded= 0
AssetImportParameters requested are different than current active one (requested -> active):
  custom:video-decoder-webm-vp8: 9c59270c3fd7afecdb556c50c9e8de78 -> 
  custom:SearchIndexIgnoredProperties: e643bd26f0fe6173181afceb89e7c659 -> 
  custom:container-demuxer-ogg: 62fdf1f143b41e24485cea50d1cbac27 -> 
  custom:AudioImporter_EditorPlatform: d09bf68614088b80899f8185d706f6e7 -> 
  custom:video-decoder-ogg-theora: a1e56fd34408186e4bbccfd4996cb3dc -> 
  custom:framework-win-MediaFoundation: 216162199b28c13a410421893ffa2e32 -> 
  custom:scripting/monoscript/fileName/NewBehaviourScript1.cs: daabc93d08fdb9c157ee1e98be11a47e -> 
  custom:video-encoder-webm-vp8: eb34c28f22e8b96e1ab97ce403110664 -> 
  custom:audio-decoder-ogg-vorbis: bf7c407c2cedff20999df2af8eb42d56 -> 
  custom:CustomObjectIndexerAttribute: 9a22284fe3817be447336de3de66b15e -> 
  custom:container-demuxer-webm: 4f35f7cbe854078d1ac9338744f61a02 -> 
  custom:audio-encoder-webm-vorbis: bf7c407c2cedff20999df2af8eb42d56 -> 
  custom:scripting/monoscript/fileName/SaveDataEditorTool.cs: b1346e1d41bc228e92559a8fd6cf4196 -> 
  custom:scripting/precompiled-assembly-types:Assembly-CSharp: 2d1dd79a1ca32fa1c698b2b0351d9231 -> 8b6001cc661067df296ec350cc5951e6
  custom:container-muxer-webm: aa71ff27fc2769a1b78a27578f13a17b -> 
========================================================================
Received Import Request.
  Time since last request: 263.802643 seconds.
  path: Assets/Editor
  artifactKey: Guid(b03c9fb1dc44a0245996a8454a3541d9) Importer(815301076,1909f56bfc062723c751e8b465ee728b)
Start importing Assets/Editor using Guid(b03c9fb1dc44a0245996a8454a3541d9) Importer(815301076,1909f56bfc062723c751e8b465ee728b) [PhysX] Initialized MultithreadedTaskDispatcher with 4 workers.
 -> (artifact id: 'd9d9355dd24262ad4c63eac35f7189be') in 0.002523 seconds
Number of updated asset objects reloaded before import = 0
Number of asset objects unloaded after import = 0
========================================================================
Received Prepare
Caller must complete domain reload
Begin MonoManager ReloadAssembly
- Loaded All Assemblies, in  0.548 seconds
Native extension for WindowsStandalone target not found
Mono: successfully reloaded assembly
- Finished resetting the current domain, in  1.142 seconds
Domain Reload Profiling: 1686ms
	BeginReloadAssembly (214ms)
		ExecutionOrderSort (0ms)
		DisableScriptedObjects (9ms)
		BackupInstance (0ms)
		ReleaseScriptingObjects (0ms)
		CreateAndSetChildDomain (27ms)
	RebuildCommonClasses (56ms)
	RebuildNativeTypeToScriptingClass (18ms)
	initialDomainReloadingComplete (37ms)
	LoadAllAssembliesAndSetupDomain (218ms)
		LoadAssemblies (307ms)
		RebuildTransferFunctionScriptingTraits (0ms)
		AnalyzeDomain (42ms)
			TypeCache.Refresh (8ms)
				TypeCache.ScanAssembly (2ms)
			ScanForSourceGeneratedMonoScriptInfo (16ms)
			ResolveRequiredComponents (16ms)
	FinalizeReload (1143ms)
		ReleaseScriptCaches (0ms)
		RebuildScriptCaches (0ms)
		SetupLoadedEditorAssemblies (587ms)
			LogAssemblyErrors (0ms)
			InitializePlatformSupportModulesInManaged (10ms)
			SetLoadedEditorAssemblies (5ms)
			RefreshPlugins (0ms)
			BeforeProcessingInitializeOnLoad (91ms)
			ProcessInitializeOnLoadAttributes (423ms)
			ProcessInitializeOnLoadMethodAttributes (44ms)
			AfterProcessingInitializeOnLoad (14ms)
			EditorAssembliesLoaded (0ms)
		ExecutionOrderSort2 (0ms)
		AwakeInstancesAfterBackupRestoration (12ms)
Refreshing native plugins compatible for Editor in 3.68 ms, found 3 plugins.
Preloading 0 native plugins for Editor in 0.00 ms.
Unloading 1938 Unused Serialized files (Serialized files now loaded: 0)
Unloading 18 unused Assets / (1.9 MB). Loaded Objects now: 3456.
Memory consumption went from 116.2 MB to 114.4 MB.
Total: 6.731900 ms (FindLiveObjects: 0.387600 ms CreateObjectMapping: 0.209000 ms MarkObjects: 5.506300 ms  DeleteObjects: 0.627000 ms)

Prepare: number of updated asset objects reloaded= 0
AssetImportParameters requested are different than current active one (requested -> active):
  custom:video-decoder-webm-vp8: 9c59270c3fd7afecdb556c50c9e8de78 -> 
  custom:SearchIndexIgnoredProperties: e643bd26f0fe6173181afceb89e7c659 -> 
  custom:container-demuxer-ogg: 62fdf1f143b41e24485cea50d1cbac27 -> 
  custom:AudioImporter_EditorPlatform: d09bf68614088b80899f8185d706f6e7 -> 
  custom:video-decoder-ogg-theora: a1e56fd34408186e4bbccfd4996cb3dc -> 
  custom:framework-win-MediaFoundation: 216162199b28c13a410421893ffa2e32 -> 
  custom:scripting/monoscript/fileName/NewBehaviourScript1.cs: daabc93d08fdb9c157ee1e98be11a47e -> 
  custom:video-encoder-webm-vp8: eb34c28f22e8b96e1ab97ce403110664 -> 
  custom:audio-decoder-ogg-vorbis: bf7c407c2cedff20999df2af8eb42d56 -> 
  custom:CustomObjectIndexerAttribute: 9a22284fe3817be447336de3de66b15e -> 
  custom:container-demuxer-webm: 4f35f7cbe854078d1ac9338744f61a02 -> 
  custom:audio-encoder-webm-vorbis: bf7c407c2cedff20999df2af8eb42d56 -> 
  custom:scripting/precompiled-assembly-types:Assembly-CSharp-Editor: 16340df10740455d5d0f4e3039a4904d -> c680f6c166e7aa922db2d01f7f0b8b2b
  custom:scripting/monoscript/fileName/SaveDataEditorTool.cs: b2ac0af27f9165905be8bde1e491e5d7 -> 
  custom:scripting/precompiled-assembly-types:Assembly-CSharp: c20e2b407ede348d4ca8f753178d20db -> 8b6001cc661067df296ec350cc5951e6
  custom:container-muxer-webm: aa71ff27fc2769a1b78a27578f13a17b -> 
========================================================================
Received Import Request.
  Time since last request: 27.627258 seconds.
  path: Assets/Editor/SaveDataEditorTool.cs
  artifactKey: Guid(733e7f08a39762746b1d156f5655d415) Importer(815301076,1909f56bfc062723c751e8b465ee728b)
Start importing Assets/Editor/SaveDataEditorTool.cs using Guid(733e7f08a39762746b1d156f5655d415) Importer(815301076,1909f56bfc062723c751e8b465ee728b) [PhysX] Initialized MultithreadedTaskDispatcher with 4 workers.
 -> (artifact id: 'f86004e7f753d31000b3565222fadebd') in 0.005050 seconds
Number of updated asset objects reloaded before import = 0
Number of asset objects unloaded after import = 0
========================================================================
Received Prepare
Refreshing native plugins compatible for Editor in 3.19 ms, found 3 plugins.
Preloading 0 native plugins for Editor in 0.00 ms.
Unloading 14 Unused Serialized files (Serialized files now loaded: 0)
Unloading 15 unused Assets / (1.9 MB). Loaded Objects now: 3456.
Memory consumption went from 86.3 MB to 84.4 MB.
Total: 6.501300 ms (FindLiveObjects: 0.398200 ms CreateObjectMapping: 0.222700 ms MarkObjects: 5.152800 ms  DeleteObjects: 0.726200 ms)

Prepare: number of updated asset objects reloaded= 0
AssetImportParameters requested are different than current active one (requested -> active):
  custom:video-decoder-webm-vp8: 9c59270c3fd7afecdb556c50c9e8de78 -> 
  custom:SearchIndexIgnoredProperties: e643bd26f0fe6173181afceb89e7c659 -> 
  custom:container-demuxer-ogg: 62fdf1f143b41e24485cea50d1cbac27 -> 
  custom:AudioImporter_EditorPlatform: d09bf68614088b80899f8185d706f6e7 -> 
  custom:video-decoder-ogg-theora: a1e56fd34408186e4bbccfd4996cb3dc -> 
  custom:framework-win-MediaFoundation: 216162199b28c13a410421893ffa2e32 -> 
  custom:scripting/monoscript/fileName/NewBehaviourScript1.cs: daabc93d08fdb9c157ee1e98be11a47e -> 
  custom:video-encoder-webm-vp8: eb34c28f22e8b96e1ab97ce403110664 -> 
  custom:audio-decoder-ogg-vorbis: bf7c407c2cedff20999df2af8eb42d56 -> 
  custom:CustomObjectIndexerAttribute: 9a22284fe3817be447336de3de66b15e -> 
  custom:container-demuxer-webm: 4f35f7cbe854078d1ac9338744f61a02 -> 
  custom:audio-encoder-webm-vorbis: bf7c407c2cedff20999df2af8eb42d56 -> 
  custom:scripting/precompiled-assembly-types:Assembly-CSharp-Editor: 16340df10740455d5d0f4e3039a4904d -> c680f6c166e7aa922db2d01f7f0b8b2b
  custom:scripting/monoscript/fileName/SaveDataEditorTool.cs: b2ac0af27f9165905be8bde1e491e5d7 -> 
  custom:scripting/precompiled-assembly-types:Assembly-CSharp: c20e2b407ede348d4ca8f753178d20db -> 8b6001cc661067df296ec350cc5951e6
  custom:container-muxer-webm: aa71ff27fc2769a1b78a27578f13a17b -> 
========================================================================
Received Import Request.
  Time since last request: 415.963547 seconds.
  path: Assets/Images/backgroundMainMenu.png
  artifactKey: Guid(5842d6deb6d6df54ea9c3074cafe00ff) Importer(815301076,1909f56bfc062723c751e8b465ee728b)
Start importing Assets/Images/backgroundMainMenu.png using Guid(5842d6deb6d6df54ea9c3074cafe00ff) Importer(815301076,1909f56bfc062723c751e8b465ee728b) [PhysX] Initialized MultithreadedTaskDispatcher with 4 workers.
[PhysX] Initialized MultithreadedTaskDispatcher with 4 workers.
 -> (artifact id: '256c8f809af7db350b4a81a5d93d2f7c') in 0.122581 seconds
Number of updated asset objects reloaded before import = 0
Number of asset objects unloaded after import = 2
========================================================================
Received Import Request.
  Time since last request: 4.493518 seconds.
  path: Assets/Images/backgroundMainMenu.png
  artifactKey: Guid(5842d6deb6d6df54ea9c3074cafe00ff) Importer(815301076,1909f56bfc062723c751e8b465ee728b)
Start importing Assets/Images/backgroundMainMenu.png using Guid(5842d6deb6d6df54ea9c3074cafe00ff) Importer(815301076,1909f56bfc062723c751e8b465ee728b) [PhysX] Initialized MultithreadedTaskDispatcher with 4 workers.
[PhysX] Initialized MultithreadedTaskDispatcher with 4 workers.
 -> (artifact id: '5c340a788c2af01c62b86931195ea9b2') in 0.108807 seconds
Number of updated asset objects reloaded before import = 0
Number of asset objects unloaded after import = 3
========================================================================
Received Prepare
Caller must complete domain reload
Begin MonoManager ReloadAssembly
- Loaded All Assemblies, in  0.580 seconds
Native extension for WindowsStandalone target not found
Mono: successfully reloaded assembly
- Finished resetting the current domain, in  2.624 seconds
Domain Reload Profiling: 3200ms
	BeginReloadAssembly (235ms)
		ExecutionOrderSort (0ms)
		DisableScriptedObjects (8ms)
		BackupInstance (0ms)
		ReleaseScriptingObjects (0ms)
		CreateAndSetChildDomain (31ms)
	RebuildCommonClasses (62ms)
	RebuildNativeTypeToScriptingClass (20ms)
	initialDomainReloadingComplete (41ms)
	LoadAllAssembliesAndSetupDomain (217ms)
		LoadAssemblies (342ms)
		RebuildTransferFunctionScriptingTraits (0ms)
		AnalyzeDomain (20ms)
			TypeCache.Refresh (5ms)
				TypeCache.ScanAssembly (0ms)
			ScanForSourceGeneratedMonoScriptInfo (0ms)
			ResolveRequiredComponents (13ms)
	FinalizeReload (2625ms)
		ReleaseScriptCaches (0ms)
		RebuildScriptCaches (0ms)
		SetupLoadedEditorAssemblies (1870ms)
			LogAssemblyErrors (0ms)
			InitializePlatformSupportModulesInManaged (10ms)
			SetLoadedEditorAssemblies (6ms)
			RefreshPlugins (0ms)
			BeforeProcessingInitializeOnLoad (95ms)
			ProcessInitializeOnLoadAttributes (1445ms)
			ProcessInitializeOnLoadMethodAttributes (206ms)
			AfterProcessingInitializeOnLoad (106ms)
			EditorAssembliesLoaded (2ms)
		ExecutionOrderSort2 (1ms)
		AwakeInstancesAfterBackupRestoration (58ms)
Refreshing native plugins compatible for Editor in 8.18 ms, found 3 plugins.
Preloading 0 native plugins for Editor in 0.00 ms.
Unloading 1938 Unused Serialized files (Serialized files now loaded: 0)
Unloading 18 unused Assets / (1.9 MB). Loaded Objects now: 3477.
Memory consumption went from 120.1 MB to 118.2 MB.
Total: 9.692700 ms (FindLiveObjects: 0.586200 ms CreateObjectMapping: 0.318400 ms MarkObjects: 8.176000 ms  DeleteObjects: 0.610500 ms)

Prepare: number of updated asset objects reloaded= 0
AssetImportParameters requested are different than current active one (requested -> active):
  custom:video-decoder-webm-vp8: 9c59270c3fd7afecdb556c50c9e8de78 -> 
  custom:SearchIndexIgnoredProperties: e643bd26f0fe6173181afceb89e7c659 -> 
  custom:container-demuxer-ogg: 62fdf1f143b41e24485cea50d1cbac27 -> 
  custom:AudioImporter_EditorPlatform: d09bf68614088b80899f8185d706f6e7 -> 
  custom:video-decoder-ogg-theora: a1e56fd34408186e4bbccfd4996cb3dc -> 
  custom:framework-win-MediaFoundation: 216162199b28c13a410421893ffa2e32 -> 
  custom:scripting/monoscript/fileName/NewBehaviourScript1.cs: daabc93d08fdb9c157ee1e98be11a47e -> 
  custom:video-encoder-webm-vp8: eb34c28f22e8b96e1ab97ce403110664 -> 
  custom:audio-decoder-ogg-vorbis: bf7c407c2cedff20999df2af8eb42d56 -> 
  custom:CustomObjectIndexerAttribute: 9a22284fe3817be447336de3de66b15e -> 
  custom:container-demuxer-webm: 4f35f7cbe854078d1ac9338744f61a02 -> 
  custom:audio-encoder-webm-vorbis: bf7c407c2cedff20999df2af8eb42d56 -> 
  custom:scripting/precompiled-assembly-types:Assembly-CSharp-Editor: 16340df10740455d5d0f4e3039a4904d -> c680f6c166e7aa922db2d01f7f0b8b2b
  custom:scripting/monoscript/fileName/SaveDataEditorTool.cs: b2ac0af27f9165905be8bde1e491e5d7 -> 
  custom:scripting/precompiled-assembly-types:Assembly-CSharp: c20e2b407ede348d4ca8f753178d20db -> 8b6001cc661067df296ec350cc5951e6
  custom:container-muxer-webm: aa71ff27fc2769a1b78a27578f13a17b -> 
========================================================================
Received Prepare
Refreshing native plugins compatible for Editor in 3.36 ms, found 3 plugins.
Preloading 0 native plugins for Editor in 0.00 ms.
Unloading 15 Unused Serialized files (Serialized files now loaded: 0)
Unloading 15 unused Assets / (1.9 MB). Loaded Objects now: 3477.
Memory consumption went from 90.6 MB to 88.7 MB.
Total: 5.606000 ms (FindLiveObjects: 0.418000 ms CreateObjectMapping: 0.214700 ms MarkObjects: 4.387900 ms  DeleteObjects: 0.584100 ms)

Prepare: number of updated asset objects reloaded= 0
AssetImportParameters requested are different than current active one (requested -> active):
  custom:video-decoder-webm-vp8: 9c59270c3fd7afecdb556c50c9e8de78 -> 
  custom:SearchIndexIgnoredProperties: e643bd26f0fe6173181afceb89e7c659 -> 
  custom:container-demuxer-ogg: 62fdf1f143b41e24485cea50d1cbac27 -> 
  custom:AudioImporter_EditorPlatform: d09bf68614088b80899f8185d706f6e7 -> 
  custom:video-decoder-ogg-theora: a1e56fd34408186e4bbccfd4996cb3dc -> 
  custom:framework-win-MediaFoundation: 216162199b28c13a410421893ffa2e32 -> 
  custom:scripting/monoscript/fileName/NewBehaviourScript1.cs: daabc93d08fdb9c157ee1e98be11a47e -> 
  custom:video-encoder-webm-vp8: eb34c28f22e8b96e1ab97ce403110664 -> 
  custom:audio-decoder-ogg-vorbis: bf7c407c2cedff20999df2af8eb42d56 -> 
  custom:CustomObjectIndexerAttribute: 9a22284fe3817be447336de3de66b15e -> 
  custom:container-demuxer-webm: 4f35f7cbe854078d1ac9338744f61a02 -> 
  custom:audio-encoder-webm-vorbis: bf7c407c2cedff20999df2af8eb42d56 -> 
  custom:scripting/precompiled-assembly-types:Assembly-CSharp-Editor: 16340df10740455d5d0f4e3039a4904d -> c680f6c166e7aa922db2d01f7f0b8b2b
  custom:scripting/monoscript/fileName/SaveDataEditorTool.cs: b2ac0af27f9165905be8bde1e491e5d7 -> 
  custom:scripting/precompiled-assembly-types:Assembly-CSharp: c20e2b407ede348d4ca8f753178d20db -> 8b6001cc661067df296ec350cc5951e6
  custom:container-muxer-webm: aa71ff27fc2769a1b78a27578f13a17b -> 
========================================================================
Received Prepare
Refreshing native plugins compatible for Editor in 2.91 ms, found 3 plugins.
Preloading 0 native plugins for Editor in 0.00 ms.
Unloading 15 Unused Serialized files (Serialized files now loaded: 0)
Unloading 15 unused Assets / (1.9 MB). Loaded Objects now: 3477.
Memory consumption went from 90.4 MB to 88.5 MB.
Total: 15.245300 ms (FindLiveObjects: 0.436900 ms CreateObjectMapping: 0.241800 ms MarkObjects: 14.017800 ms  DeleteObjects: 0.546700 ms)

Prepare: number of updated asset objects reloaded= 0
AssetImportParameters requested are different than current active one (requested -> active):
  custom:video-decoder-webm-vp8: 9c59270c3fd7afecdb556c50c9e8de78 -> 
  custom:SearchIndexIgnoredProperties: e643bd26f0fe6173181afceb89e7c659 -> 
  custom:container-demuxer-ogg: 62fdf1f143b41e24485cea50d1cbac27 -> 
  custom:AudioImporter_EditorPlatform: d09bf68614088b80899f8185d706f6e7 -> 
  custom:video-decoder-ogg-theora: a1e56fd34408186e4bbccfd4996cb3dc -> 
  custom:framework-win-MediaFoundation: 216162199b28c13a410421893ffa2e32 -> 
  custom:scripting/monoscript/fileName/NewBehaviourScript1.cs: daabc93d08fdb9c157ee1e98be11a47e -> 
  custom:video-encoder-webm-vp8: eb34c28f22e8b96e1ab97ce403110664 -> 
  custom:audio-decoder-ogg-vorbis: bf7c407c2cedff20999df2af8eb42d56 -> 
  custom:CustomObjectIndexerAttribute: 9a22284fe3817be447336de3de66b15e -> 
  custom:container-demuxer-webm: 4f35f7cbe854078d1ac9338744f61a02 -> 
  custom:audio-encoder-webm-vorbis: bf7c407c2cedff20999df2af8eb42d56 -> 
  custom:scripting/precompiled-assembly-types:Assembly-CSharp-Editor: 16340df10740455d5d0f4e3039a4904d -> c680f6c166e7aa922db2d01f7f0b8b2b
  custom:scripting/monoscript/fileName/SaveDataEditorTool.cs: b2ac0af27f9165905be8bde1e491e5d7 -> 
  custom:scripting/precompiled-assembly-types:Assembly-CSharp: c20e2b407ede348d4ca8f753178d20db -> 8b6001cc661067df296ec350cc5951e6
  custom:container-muxer-webm: aa71ff27fc2769a1b78a27578f13a17b -> 
